Merk,Model,Tahun Produksi,Jarak Tempuh,Warna,Engine CC,Transmission,Seat Capacity,Harga,Fuel Type,Umur Mobil
Bentley,Continental,2010.0,7500.0,Black,5998.0,Automatic,4.0,1675000000.0,Petrol,15.0
Aston,Martin,2012.0,2500.0,Black,5935.0,Automatic,2.0,2750000000.0,Petrol,13.0
Audi,Q7,2015.0,37500.0,Black,2995.0,Automatic,7.0,565000000.0,Petrol,10.0
Honda,Cr,2019.0,82500.0,Grey,1498.0,Automatic,5.0,335000000.0,Petrol,6.0
Bmw,330I,2016.0,37500.0,Blue,1998.0,Automatic,5.0,550000000.0,Petrol,9.0
Mercedes,Benz,2023.0,7500.0,Black,1999.0,Automatic,5.0,945000000.0,Petrol,2.0
Mercedes,Benz,2024.0,2500.0,Black,1999.0,Automatic,5.0,1045000000.0,Petrol,1.0
Lexus,Rx,2020.0,7500.0,Black,1998.0,Automatic,5.0,895000000.0,Petrol,5.0
Suzuki,Grand,2023.0,22500.0,Silver,1462.0,Automatic,5.0,275000000.0,Hybrid,2.0
Mini,Countryman,2024.0,2500.0,White,1998.0,Automatic,5.0,795000000.0,Petrol,1.0
Honda,Cr,2021.0,42500.0,Black,1498.0,Automatic,5.0,389000000.0,Petrol,4.0
Mini,Cooper,2022.0,2500.0,White,1998.0,Automatic,4.0,695000000.0,Petrol,3.0
Toyota,Hiace,2023.0,12500.0,White,2755.0,Manual,12.0,630000000.0,Diesel,2.0
Honda,Hr,2022.0,32500.0,Grey,1498.0,Automatic,5.0,335000000.0,Petrol,3.0
Toyota,Sienta,2019.0,27500.0,Black,1497.0,Automatic,7.0,179000000.0,Petrol,6.0
Honda,Hr,2018.0,37500.0,Red,1497.0,Automatic,5.0,199000000.0,Petrol,7.0
Daihatsu,Sigra,2019.0,49500.0,Silver,1197.0,Manual,7.0,103000000.0,Petrol,6.0
Mazda,Cx,2023.0,7500.0,White,1496.0,Automatic,5.0,299000000.0,Petrol,2.0
Daihatsu,Sigra,2024.0,14550.0,Black,998.0,Manual,7.0,112000000.0,Petrol,1.0
Toyota,Fortuner,2020.0,67500.0,White,2393.0,Automatic,7.0,408000000.0,Diesel,5.0
Suzuki,Xl7,2023.0,12500.0,White,1500.0,Automatic,7.0,215000000.0,Hybrid,2.0
Hyundai,Creta,2022.0,7500.0,Blue,1497.0,Automatic,5.0,258000000.0,Petrol,3.0
Nissan,Terra,2019.0,77500.0,Black,2488.0,Automatic,7.0,265000000.0,Diesel,6.0
Suzuki,Ertiga,2018.0,17500.0,Grey,1373.0,Automatic,7.0,155000000.0,Petrol,7.0
Hyundai,Creta,2024.0,17500.0,Black,1497.0,Automatic,5.0,306000000.0,Petrol,1.0
Toyota,Voxy,2022.0,32500.0,White,1986.0,Automatic,7.0,390000000.0,Petrol,3.0
Toyota,Voxy,2022.0,37500.0,Black,1986.0,Automatic,7.0,395000000.0,Petrol,3.0
Honda,Cr,2018.0,77500.0,Silver,1498.0,Automatic,5.0,300000000.0,Petrol,7.0
Honda,Hr,2022.0,42500.0,Black,1498.0,Automatic,5.0,317000000.0,Petrol,3.0
Toyota,Rush,2021.0,52500.0,White,1495.0,Automatic,7.0,226000000.0,Petrol,4.0
Honda,Odyssey,2015.0,92500.0,Black,2356.0,Automatic,7.0,239000000.0,Petrol,10.0
Suzuki,Ertiga,2022.0,37500.0,Silver,1462.0,Automatic,7.0,193000000.0,Petrol,3.0
Bmw,320I,2016.0,17500.0,White,1995.0,Automatic,5.0,249000000.0,Petrol,9.0
Toyota,Avanza,2024.0,12500.0,White,1329.0,Manual,7.0,188000000.0,Petrol,1.0
Hyundai,Creta,2022.0,17500.0,White,1497.0,Automatic,5.0,244000000.0,Petrol,3.0
Nissan,Serena,2019.0,57500.0,Black,1997.0,Automatic,7.0,258000000.0,Petrol,6.0
Mercedes,Benz,2009.0,72500.0,Silver,1699.0,Automatic,5.0,109000000.0,Petrol,16.0
Honda,Hr,2022.0,41300.0,Black,1498.0,Automatic,5.0,317000000.0,Petrol,3.0
Daihatsu,Sigra,2024.0,12500.0,Black,998.0,Manual,7.0,112000000.0,Petrol,1.0
Honda,Brio,2019.0,93450.0,Silver,1199.0,Automatic,5.0,150000000.0,Petrol,6.0
Honda,Brio,2019.0,55550.0,Grey,1199.0,Automatic,5.0,140000000.0,Petrol,6.0
Nissan,Elgrand,2011.0,27500.0,Silver,3498.0,Automatic,7.0,195000000.0,Petrol,14.0
Honda,Hr,2017.0,87500.0,Black,1497.0,Automatic,5.0,180000000.0,Petrol,8.0
Honda,Hr,2016.0,77500.0,Black,1497.0,Automatic,5.0,170000000.0,Petrol,9.0
Mitsubishi,Xpander,2021.0,72500.0,White,1499.0,Automatic,7.0,225000000.0,Petrol,4.0
Porsche,911,2020.0,2000.0,Grey,2981.0,Automatic,2.0,4850000000.0,Petrol,5.0
Mazda,Cx,2019.0,30000.0,Red,2488.0,Automatic,5.0,425000000.0,Petrol,6.0
Mercedes,Benz,2020.0,27500.0,Black,1991.0,Automatic,7.0,1150000000.0,Petrol,5.0
Lexus,Lm,2022.0,4000.0,Black,3456.0,Automatic,4.0,2575000000.0,Petrol,3.0
Bentley,Continental,2014.0,9400.0,Black,5998.0,Automatic,4.0,4790000000.0,Petrol,11.0
Mercedes,Benz,2012.0,14000.0,Black,3498.0,Automatic,5.0,547500000.0,Petrol,13.0
Bentley,Continental,2012.0,11700.0,White,3993.0,Automatic,4.0,2775000000.0,Petrol,13.0
Daihatsu,Terios,2021.0,42500.0,Black,1496.0,Automatic,7.0,194000000.0,Petrol,4.0
Toyota,Land,2022.0,400.0,Black,3346.0,Automatic,7.0,3749000000.0,Diesel,3.0
Porsche,Panamera,2019.0,1200.0,Grey,2894.0,Automatic,4.0,3350000000.0,Petrol,6.0
Mercedes,Benz,2019.0,9000.0,Black,2999.0,Automatic,5.0,1925000000.0,Petrol,6.0
Ferrari,458,2012.0,10000.0,Red,4497.0,Automatic,2.0,6300000000.0,Petrol,13.0
Mazda,Cx,2019.0,35000.0,Black,2488.0,Automatic,7.0,580000000.0,Petrol,6.0
Mercedes,Benz,2020.0,13000.0,Black,2999.0,Automatic,7.0,2300000000.0,Petrol,5.0
Porsche,911,2020.0,2850.0,Grey,2981.0,Automatic,2.0,4650000000.0,Petrol,5.0
Ferrari,458,2013.0,16891.0,Red,4497.0,Automatic,2.0,6500000000.0,Petrol,12.0
Bmw,M850I,2019.0,7300.0,Blue,4395.0,Automatic,4.0,3450000000.0,Petrol,6.0
Bmw,X7,2021.0,3500.0,Black,2998.0,Automatic,7.0,2175000000.0,Petrol,4.0
Bmw,323I,2000.0,60000.0,Blue,2494.0,Automatic,5.0,129000000.0,Petrol,25.0
Hummer,H2,2004.0,56000.0,Black,5967.0,Automatic,5.0,1750000000.0,Petrol,21.0
Mercedes,Benz,2020.0,2500.0,Black,5980.0,Automatic,5.0,8500000000.0,Petrol,5.0
Land,Rover,2022.0,2000.0,Black,2995.0,Automatic,5.0,3650000000.0,Petrol,3.0
Ford,Mustang,2019.0,5000.0,Green,5038.0,Automatic,4.0,3099999999.0,Petrol,6.0
Land,Rover,2019.0,4800.0,Black,2995.0,Automatic,5.0,2999999999.0,Petrol,6.0
Toyota,Alphard,2020.0,28300.0,White,2494.0,Automatic,7.0,1175000000.0,Petrol,5.0
Bmw,730Li,2021.0,2000.0,Black,1998.0,Automatic,5.0,1950000000.0,Petrol,4.0
Ferrari,California,2013.0,10000.0,Yellow,4297.0,Automatic,4.0,3800000000.0,Petrol,12.0
Mercedes,Benz,2017.0,17300.0,Black,2996.0,Automatic,5.0,1350000000.0,Petrol,8.0
Toyota,Land,2019.0,24500.0,Black,4461.0,Automatic,8.0,2350000000.0,Diesel,6.0
Toyota,Land,2019.0,3300.0,Brown,4461.0,Automatic,8.0,1975000000.0,Diesel,6.0
Ferrari,California,2013.0,3500.0,Red,4297.0,Automatic,4.0,4200000000.0,Petrol,12.0
Toyota,Land,2019.0,2500.0,Brown,4500.0,Manual,11.0,1975000000.0,Diesel,6.0
Mini,Cabrio,2019.0,4454.0,Blue,1998.0,Automatic,4.0,735000000.0,Petrol,6.0
Toyota,Veloz,2022.0,57500.0,Silver,1496.0,Automatic,7.0,232000000.0,Petrol,3.0
Mercedes,Benz,2016.0,22500.0,White,1595.0,Automatic,5.0,315000000.0,Petrol,9.0
Toyota,Alphard,2015.0,27500.0,White,2494.0,Automatic,7.0,468000000.0,Petrol,10.0
Bmw,X5,2017.0,97500.0,Black,2979.0,Automatic,5.0,430000000.0,Petrol,8.0
Mercedes,Benz,2018.0,7500.0,Black,2999.0,Automatic,5.0,799000000.0,Petrol,7.0
Toyota,Alphard,2018.0,47500.0,Black,2494.0,Automatic,7.0,455000000.0,Petrol,7.0
Toyota,Alphard,2020.0,97500.0,Black,2494.0,Automatic,7.0,488000000.0,Petrol,5.0
Land,Rover,2007.0,57500.0,Black,4196.0,Automatic,5.0,405000000.0,Petrol,18.0
Toyota,Vios,2021.0,77500.0,Black,1496.0,Automatic,5.0,173000000.0,Petrol,4.0
Mercedes,Benz,2020.0,47500.0,Black,1332.0,Automatic,7.0,438000000.0,Petrol,5.0
Daihatsu,Xenia,2015.0,197500.0,White,989.0,Manual,7.0,97500000.0,Petrol,10.0
Honda,Hr,2016.0,82500.0,Black,1799.0,Automatic,5.0,180000000.0,Petrol,9.0
Toyota,Avanza,2020.0,112500.0,White,1496.0,Manual,7.0,160000000.0,Petrol,5.0
Nissan,X,2014.0,87500.0,Grey,1997.0,Automatic,7.0,120000000.0,Petrol,11.0
Toyota,Nav1,2015.0,117500.0,Black,1987.0,Automatic,7.0,140000000.0,Petrol,10.0
Toyota,Vellfire,2019.0,87500.0,Black,2494.0,Automatic,7.0,620000000.0,Petrol,6.0
Toyota,Avanza,2024.0,2500.0,Black,1496.0,Automatic,7.0,265000000.0,Petrol,1.0
Honda,Cr,2019.0,92500.0,Grey,1498.0,Automatic,5.0,274000000.0,Petrol,6.0
Mitsubishi,Xpander,2020.0,57500.0,Silver,1499.0,Automatic,7.0,180000000.0,Petrol,5.0
Honda,Hr,2019.0,47500.0,Grey,1497.0,Automatic,5.0,195000000.0,Petrol,6.0
Toyota,Rush,2021.0,107500.0,White,1496.0,Automatic,7.0,185000000.0,Petrol,4.0
Nissan,Grand,2013.0,67500.0,Silver,1498.0,Automatic,7.0,87000000.0,Petrol,12.0
Daihatsu,Gran,2023.0,17500.0,Black,1298.0,Manual,9.0,128500000.0,Petrol,2.0
Toyota,Corolla,2021.0,82500.0,Black,1798.0,Automatic,5.0,264000000.0,Petrol,4.0
Mitsubishi,Xforce,2024.0,7500.0,White,1499.0,Automatic,5.0,283000000.0,Petrol,1.0
Toyota,Kijang,2019.0,67500.0,Black,1998.0,Automatic,7.0,245000000.0,Petrol,6.0
Mg,Hs,2022.0,52500.0,Red,1490.0,Automatic,5.0,242000000.0,Petrol,3.0
Toyota,Voxy,2023.0,22500.0,Black,1986.0,Automatic,7.0,465000000.0,Petrol,2.0
Bmw,528I,2011.0,57500.0,White,2996.0,Automatic,5.0,390000000.0,Petrol,14.0
Toyota,Alphard,2018.0,32500.0,White,2494.0,Automatic,7.0,750000000.0,Petrol,7.0
Suzuki,Ertiga,2020.0,80450.0,Black,1462.0,Manual,7.0,165000000.0,Petrol,5.0
Lexus,Lx,2015.0,67500.0,White,5663.0,Automatic,8.0,990000000.0,Petrol,10.0
Bmw,X5,2022.0,12500.0,Grey,2998.0,Automatic,5.0,925000000.0,Petrol,3.0
Mini,Cooper,2021.0,2500.0,Red,1998.0,Automatic,4.0,775000000.0,Petrol,4.0
Mercedes,Benz,2023.0,2500.0,Black,2925.0,Automatic,5.0,3800000000.0,Diesel,2.0
Porsche,911,2018.0,2500.0,Yellow,2981.0,Automatic,2.0,2900000000.0,Petrol,7.0
Land,Rover,2023.0,2500.0,White,2996.0,Automatic,5.0,4950000000.0,Hybrid,2.0
Land,Rover,2023.0,2500.0,Black,2995.0,Automatic,5.0,3500000000.0,Petrol,2.0
Mitsubishi,Xpander,2023.0,27500.0,Black,1499.0,Automatic,7.0,239000000.0,Petrol,2.0
Hyundai,Santa,2024.0,2500.0,White,1598.0,Automatic,6.0,752000000.0,Hybrid,1.0
Toyota,Fortuner,2020.0,42500.0,Black,2393.0,Automatic,7.0,432000000.0,Diesel,5.0
Mazda,Cx,2018.0,42500.0,Grey,1998.0,Automatic,5.0,235000000.0,Petrol,7.0
Toyota,Kijang,2023.0,37500.0,Black,1998.0,Automatic,7.0,469000000.0,Petrol,2.0
Suzuki,Jimny,2025.0,7500.0,White,1500.0,Automatic,4.0,440000000.0,Petrol,0.0
Mitsubishi,Xforce,2023.0,22500.0,White,1499.0,Automatic,5.0,273000000.0,Petrol,2.0
Toyota,Kijang,2025.0,2500.0,White,1987.0,Automatic,8.0,480000000.0,Petrol,0.0
Hyundai,Creta,2024.0,17500.0,Black,1497.0,Automatic,5.0,306000000.0,Petrol,1.0
Mazda,Cx,2022.0,22500.0,Red,2488.0,Automatic,5.0,429000000.0,Petrol,3.0
Honda,Civic,2021.0,37500.0,Black,1498.0,Automatic,5.0,372000000.0,Petrol,4.0
Peugeot,Rcz,2013.0,12500.0,White,1598.0,Automatic,4.0,380000000.0,Petrol,12.0
Hyundai,Creta,2023.0,17500.0,Grey,1497.0,Automatic,5.0,279000000.0,Petrol,2.0
Kia,Sonet,2021.0,32500.0,Red,1497.0,Automatic,5.0,195000000.0,Petrol,4.0
Hyundai,Stargazer,2023.0,32500.0,Black,1497.0,Automatic,7.0,225000000.0,Petrol,2.0
Toyota,Prius,2023.0,2500.0,Black,1987.0,Automatic,5.0,850000000.0,Hybrid,2.0
Mercedes,Benz,2022.0,22500.0,White,1991.0,Automatic,5.0,782000000.0,Petrol,3.0
Subaru,Crosstrek,2023.0,12500.0,Orange,1995.0,Automatic,5.0,389000000.0,Petrol,2.0
Honda,Mobilio,2018.0,52500.0,Black,1496.0,Automatic,7.0,135000000.0,Petrol,7.0
Mazda,Cx,2017.0,62500.0,White,1998.0,Automatic,5.0,205000000.0,Petrol,8.0
Toyota,Veloz,2022.0,27500.0,White,1496.0,Automatic,7.0,219000000.0,Petrol,3.0
Chery,Omoda,2023.0,12500.0,Grey,1498.0,Automatic,5.0,265000000.0,Petrol,2.0
Suzuki,Ertiga,2023.0,22500.0,Black,1462.0,Automatic,7.0,210000000.0,Hybrid,2.0
Wuling,Cortez,2022.0,42500.0,Silver,1451.0,Automatic,7.0,160000000.0,Petrol,3.0
Mazda,3,2019.0,32500.0,Black,1998.0,Automatic,5.0,337000000.0,Petrol,6.0
Mini,Countryman,2011.0,37500.0,Red,1598.0,Automatic,5.0,334000000.0,Petrol,14.0
Nissan,Grand,2013.0,92500.0,White,1498.0,Automatic,7.0,95000000.0,Petrol,12.0
Toyota,Veloz,2022.0,37500.0,White,1496.0,Automatic,7.0,220000000.0,Petrol,3.0
Toyota,Raize,2022.0,27500.0,Red,998.0,Automatic,5.0,180000000.0,Petrol,3.0
Toyota,Avanza,2024.0,7500.0,Black,1496.0,Manual,7.0,207000000.0,Petrol,1.0
Lexus,Rx,2016.0,47500.0,Black,1998.0,Automatic,5.0,590000000.0,Petrol,9.0
Mitsubishi,Grandis,2006.0,142500.0,Black,2378.0,Automatic,7.0,79000000.0,Petrol,19.0
Toyota,Raize,2022.0,37500.0,Red,998.0,Automatic,5.0,200000000.0,Petrol,3.0
Daihatsu,Rocky,2024.0,12500.0,Black,1198.0,Manual,5.0,166000000.0,Petrol,1.0
Mercedes,Benz,2019.0,17500.0,Red,1332.0,Automatic,5.0,585000000.0,Petrol,6.0
Toyota,Kijang,2024.0,22500.0,White,1987.0,Automatic,8.0,499000000.0,Hybrid,1.0
Bmw,X1,2016.0,62500.0,White,1499.0,Automatic,5.0,288000000.0,Petrol,9.0
Infiniti,Fx37,2012.0,97500.0,White,3696.0,Automatic,5.0,225000000.0,Petrol,13.0
Mitsubishi,Pajero,2023.0,47500.0,Black,2442.0,Automatic,7.0,570000000.0,Diesel,2.0
Toyota,Fortuner,2019.0,62500.0,Black,2393.0,Automatic,7.0,425000000.0,Diesel,6.0
Daihatsu,Sigra,2019.0,47500.0,Silver,1197.0,Manual,7.0,103000000.0,Petrol,6.0
Mercedes,Benz,2022.0,7500.0,Yellow,1332.0,Automatic,5.0,720000000.0,Petrol,3.0
Mitsubishi,Xpander,2019.0,47500.0,Black,1499.0,Automatic,7.0,171000000.0,Petrol,6.0
Ford,Everest,2015.0,97500.0,Red,2198.0,Automatic,7.0,345000000.0,Diesel,10.0
Honda,Br,2022.0,52500.0,Grey,1498.0,Automatic,7.0,247000000.0,Petrol,3.0
Mazda,Cx,2023.0,12500.0,Red,2488.0,Automatic,7.0,659000000.0,Petrol,2.0
Bmw,520I,2004.0,52500.0,Black,2171.0,Automatic,5.0,178000000.0,Petrol,21.0
Bmw,535I,2011.0,57500.0,White,2979.0,Automatic,5.0,425000000.0,Petrol,14.0
Honda,Cr,2018.0,52500.0,Black,1498.0,Automatic,5.0,309000000.0,Petrol,7.0
Toyota,Avanza,2020.0,47500.0,Silver,1329.0,Manual,7.0,155000000.0,Petrol,5.0
Nissan,Terra,2018.0,92500.0,White,2488.0,Automatic,7.0,295000000.0,Diesel,7.0
Honda,Cr,2015.0,87500.0,Black,2354.0,Automatic,5.0,179000000.0,Petrol,10.0
Suzuki,Grand,2013.0,152500.0,Black,2393.0,Manual,5.0,115000000.0,Petrol,12.0
Suzuki,Baleno,2022.0,52500.0,Brown,1373.0,Automatic,5.0,189000000.0,Petrol,3.0
Toyota,Fortuner,2019.0,67500.0,White,2393.0,Automatic,7.0,369000000.0,Diesel,6.0
Mitsubishi,Pajero,2019.0,42500.0,Brown,2442.0,Automatic,7.0,389000000.0,Diesel,6.0
Toyota,Fortuner,2024.0,7500.0,White,2755.0,Automatic,7.0,545000000.0,Diesel,1.0
Mini,Cabrio,2019.0,7500.0,Orange,1998.0,Automatic,4.0,825000000.0,Petrol,6.0
Mercedes,Benz,2019.0,17500.0,Grey,1991.0,Automatic,4.0,799000000.0,Petrol,6.0
Honda,Cr,2018.0,77500.0,Grey,1498.0,Automatic,5.0,300000000.0,Petrol,7.0
Bmw,430I,2023.0,2500.0,Blue,1998.0,Automatic,4.0,1195000000.0,Petrol,2.0
Mercedes,Benz,2022.0,17500.0,Black,1332.0,Automatic,5.0,699000000.0,Petrol,3.0
Mercedes,Benz,2021.0,12500.0,Black,2999.0,Automatic,7.0,1150000000.0,Petrol,4.0
Mercedes,Benz,2021.0,7500.0,Black,2999.0,Automatic,5.0,1750000000.0,Petrol,4.0
Toyota,Veloz,2023.0,37500.0,Silver,1496.0,Automatic,7.0,228000000.0,Petrol,2.0
Mazda,2,2017.0,42500.0,Red,1496.0,Automatic,5.0,159000000.0,Petrol,8.0
Mercedes,Benz,2018.0,22500.0,Black,2999.0,Automatic,5.0,777000000.0,Petrol,7.0
Mg,Zs,2023.0,2500.0,Silver,1498.0,Automatic,5.0,212000000.0,Petrol,2.0
Mercedes,Benz,2015.0,32500.0,Grey,1991.0,Automatic,5.0,430000000.0,Petrol,10.0
Mazda,Cx,2021.0,47500.0,Grey,2488.0,Automatic,7.0,365000000.0,Petrol,4.0
Mini,Cooper,2015.0,27500.0,White,2000.0,Automatic,5.0,385000000.0,Petrol,10.0
Toyota,Alphard,2014.0,107500.0,White,2362.0,Automatic,7.0,265000000.0,Petrol,11.0
Bmw,640I,2014.0,7500.0,White,2979.0,Automatic,5.0,650000000.0,Petrol,11.0
Bmw,X5,2022.0,2500.0,Black,2998.0,Automatic,5.0,1095000000.0,Petrol,3.0
Toyota,Raize,2023.0,12500.0,Grey,1198.0,Automatic,5.0,179000000.0,Petrol,2.0
Toyota,Kijang,2022.0,52500.0,Black,2393.0,Automatic,8.0,329000000.0,Diesel,3.0
Toyota,Alphard,2017.0,67500.0,Black,2494.0,Automatic,7.0,540000000.0,Petrol,8.0
Toyota,Yaris,2018.0,47500.0,Black,1496.0,Automatic,5.0,175000000.0,Petrol,7.0
Toyota,Vellfire,2015.0,97500.0,Black,2494.0,Automatic,7.0,480000000.0,Petrol,10.0
Mitsubishi,Xpander,2021.0,32500.0,Black,1499.0,Automatic,7.0,255000000.0,Petrol,4.0
Daihatsu,Rocky,2021.0,32500.0,Red,998.0,Automatic,5.0,180000000.0,Petrol,4.0
Honda,Cr,2017.0,87500.0,Black,1997.0,Manual,5.0,220000000.0,Petrol,8.0
Toyota,Kijang,2011.0,142500.0,Silver,1998.0,Automatic,8.0,125000000.0,Petrol,14.0
Toyota,Sienta,2019.0,52500.0,Black,1497.0,Automatic,7.0,175000000.0,Petrol,6.0
Toyota,Kijang,2021.0,27500.0,Black,1998.0,Automatic,7.0,285000000.0,Petrol,4.0
Hyundai,Santa,2022.0,47500.0,Black,2151.0,Automatic,7.0,450000000.0,Diesel,3.0
Toyota,Fortuner,2017.0,57500.0,Silver,2393.0,Automatic,7.0,355000000.0,Diesel,8.0
Kia,Seltos,2020.0,72500.0,White,1353.0,Automatic,5.0,185000000.0,Diesel,5.0
Toyota,Fortuner,2023.0,47500.0,Silver,2755.0,Automatic,7.0,479000000.0,Diesel,2.0
Chery,Tiggo,2024.0,32500.0,White,1498.0,Automatic,5.0,165000000.0,Petrol,1.0
Suzuki,Jimny,2025.0,2500.0,White,1500.0,Automatic,4.0,440000000.0,Petrol,0.0
Suzuki,Baleno,2019.0,47500.0,Grey,1373.0,Automatic,5.0,159000000.0,Petrol,6.0
Hyundai,Creta,2022.0,27500.0,Red,1497.0,Automatic,5.0,262000000.0,Petrol,3.0
Toyota,Crown,2013.0,12500.0,Black,2994.0,Automatic,5.0,540000000.0,Petrol,12.0
Toyota,Avanza,2024.0,12500.0,Black,1496.0,Automatic,7.0,203000000.0,Petrol,1.0
Toyota,Avanza,2024.0,7500.0,White,1329.0,Manual,7.0,188000000.0,Petrol,1.0
Mercedes,Benz,2017.0,32500.0,White,1595.0,Automatic,5.0,339000000.0,Petrol,8.0
Mercedes,Benz,2018.0,37500.0,White,1991.0,Automatic,5.0,455000000.0,Petrol,7.0
Mercedes,Benz,2022.0,2500.0,White,1999.0,Automatic,5.0,795000000.0,Petrol,3.0
Mazda,3,2023.0,12500.0,Black,1998.0,Automatic,5.0,440000000.0,Petrol,2.0
Honda,Hr,2018.0,89280.0,Grey,1497.0,Automatic,5.0,192000000.0,Petrol,7.0
Mitsubishi,Pajero,2022.0,47500.0,Brown,2442.0,Automatic,7.0,449000000.0,Diesel,3.0
Toyota,Avanza,2019.0,102500.0,Black,1329.0,Automatic,7.0,142000000.0,Petrol,6.0
Toyota,Kijang,2020.0,132500.0,Black,1998.0,Manual,8.0,222500000.0,Petrol,5.0
Honda,Hr,2019.0,167500.0,Grey,1799.0,Automatic,5.0,198000000.0,Petrol,6.0
Toyota,Fortuner,2020.0,102500.0,Black,2393.0,Automatic,7.0,380000000.0,Diesel,5.0
Honda,Cr,2016.0,92500.0,Black,2354.0,Automatic,5.0,190000000.0,Petrol,9.0
Mitsubishi,Grandis,2006.0,132500.0,Black,2378.0,Automatic,7.0,69000000.0,Petrol,19.0
Honda,Cr,2022.0,37500.0,Grey,1498.0,Automatic,5.0,435000000.0,Petrol,3.0
Honda,Cr,2019.0,77500.0,Silver,1498.0,Automatic,5.0,335000000.0,Petrol,6.0
Hyundai,Creta,2022.0,42500.0,Grey,1497.0,Automatic,5.0,215000000.0,Petrol,3.0
Honda,Cr,2018.0,72500.0,Silver,1498.0,Automatic,5.0,300000000.0,Petrol,7.0
Mitsubishi,Pajero,2023.0,27500.0,Grey,2442.0,Automatic,7.0,495000000.0,Diesel,2.0
Mitsubishi,Pajero,2023.0,37500.0,White,2442.0,Automatic,7.0,485000000.0,Diesel,2.0
Mazda,Cx,2023.0,12500.0,Grey,2488.0,Automatic,7.0,560000000.0,Petrol,2.0
Toyota,Raize,2022.0,17500.0,Red,998.0,Automatic,5.0,200000000.0,Petrol,3.0
Toyota,Kijang,2022.0,52500.0,Silver,2393.0,Automatic,8.0,345000000.0,Diesel,3.0
Hyundai,Santa,2021.0,22500.0,Blue,2151.0,Automatic,7.0,440000000.0,Diesel,4.0
Suzuki,Sx4,2016.0,92500.0,Grey,1500.0,Automatic,5.0,138000000.0,Petrol,9.0
Honda,Hr,2016.0,87500.0,White,1497.0,Automatic,5.0,170000000.0,Petrol,9.0
Mitsubishi,Outlander,2016.0,122500.0,White,1998.0,Automatic,5.0,155000000.0,Petrol,9.0
Hyundai,Palisade,2023.0,22500.0,Blue,2199.0,Automatic,7.0,768000000.0,Diesel,2.0
Toyota,Kijang,2023.0,17500.0,Grey,1998.0,Automatic,7.0,495000000.0,Hybrid,2.0
Lexus,Lx,2009.0,72500.0,Black,5663.0,Automatic,8.0,695000000.0,Petrol,16.0
Hyundai,H,2015.0,47500.0,Black,2359.0,Automatic,8.0,180000000.0,Petrol,10.0
Daihatsu,Luxio,2016.0,137500.0,White,1495.0,Manual,8.0,112000000.0,Petrol,9.0
Mercedes,Benz,2015.0,76000.0,Black,1595.0,Automatic,5.0,270000000.0,Petrol,10.0
Mazda,2,2022.0,37500.0,Grey,1496.0,Automatic,5.0,230000000.0,Petrol,3.0
Lexus,Lm,2022.0,7500.0,Black,3456.0,Automatic,7.0,1275000000.0,Petrol,3.0
Toyota,Rush,2021.0,47500.0,White,1495.0,Automatic,7.0,226000000.0,Petrol,4.0
Toyota,Fortuner,2023.0,12500.0,Black,2755.0,Automatic,7.0,448000000.0,Diesel,2.0
Ford,Ranger,2024.0,27500.0,Black,1996.0,Automatic,5.0,925000000.0,Diesel,1.0
Mercedes,Benz,2014.0,22500.0,Black,2996.0,Automatic,5.0,500000000.0,Petrol,11.0
Jeep,Wrangler,2015.0,62500.0,White,2985.0,Automatic,4.0,825000000.0,Petrol,10.0
Mini,Cooper,2019.0,7500.0,Black,2000.0,Automatic,4.0,695000000.0,Petrol,6.0
Bmw,X5,2024.0,2500.0,White,2998.0,Automatic,5.0,1525000000.0,Petrol,1.0
Toyota,Land,2019.0,17500.0,Black,2693.0,Automatic,7.0,950000000.0,Petrol,6.0
Land,Rover,2022.0,2500.0,Black,2997.0,Automatic,5.0,4795000000.0,Diesel,3.0
Land,Rover,2022.0,2500.0,Black,1997.0,Automatic,5.0,1950000000.0,Petrol,3.0
Mercedes,Benz,2021.0,32500.0,White,2999.0,Automatic,7.0,975000000.0,Petrol,4.0
Lexus,Lm,2022.0,27500.0,Black,3456.0,Automatic,7.0,1195000000.0,Petrol,3.0
Toyota,Land,2024.0,12500.0,Black,3346.0,Automatic,5.0,2195000000.0,Diesel,1.0
Bmw,520I,2024.0,2500.0,Grey,1998.0,Automatic,5.0,1050000000.0,Petrol,1.0
Porsche,Macan,2016.0,17500.0,White,1984.0,Automatic,5.0,635000000.0,Petrol,9.0
Mazda,Cx,2017.0,17500.0,Red,1998.0,Automatic,5.0,215000000.0,Petrol,8.0
Mitsubishi,Pajero,2019.0,17500.0,Grey,2442.0,Automatic,7.0,409000000.0,Diesel,6.0
Honda,Br,2022.0,27500.0,White,1498.0,Automatic,7.0,235000000.0,Petrol,3.0
Mercedes,Benz,2020.0,32500.0,Black,1991.0,Automatic,5.0,545000000.0,Petrol,5.0
Toyota,Fortuner,2022.0,47500.0,Black,2694.0,Automatic,7.0,425000000.0,Diesel,3.0
Hyundai,Creta,2024.0,17500.0,Silver,1497.0,Automatic,5.0,303000000.0,Petrol,1.0
Toyota,Camry,2017.0,27500.0,Black,2494.0,Automatic,5.0,235000000.0,Petrol,8.0
Honda,Hr,2024.0,17500.0,Grey,1498.0,Automatic,5.0,330000000.0,Petrol,1.0
Toyota,Fortuner,2021.0,57500.0,Black,2393.0,Automatic,7.0,440000000.0,Diesel,4.0
Daihatsu,Sirion,2022.0,32500.0,Grey,1329.0,Automatic,5.0,167000000.0,Petrol,3.0
Hyundai,Santa,2014.0,142500.0,Black,2359.0,Automatic,5.0,189000000.0,Petrol,11.0
Toyota,Avanza,2024.0,12500.0,White,1329.0,Manual,7.0,201000000.0,Petrol,1.0
Toyota,Veloz,2022.0,57500.0,Silver,1496.0,Automatic,7.0,241000000.0,Petrol,3.0
Mazda,Cx,2012.0,112500.0,Red,2488.0,Automatic,5.0,119000000.0,Petrol,13.0
Mercedes,Benz,2010.0,92500.0,Silver,1699.0,Automatic,5.0,119000000.0,Petrol,15.0
Toyota,Vellfire,2011.0,112500.0,Black,2362.0,Automatic,7.0,199000000.0,Petrol,14.0
Hyundai,H,2012.0,122500.0,Black,2359.0,Automatic,8.0,139000000.0,Petrol,13.0
Mercedes,Benz,2023.0,2500.0,Black,2999.0,Automatic,5.0,2100000000.0,Petrol,2.0
Lexus,Lx,2025.0,2500.0,Black,3445.0,Automatic,4.0,3600000000.0,Petrol,0.0
Peugeot,5008,2020.0,37500.0,White,1598.0,Automatic,7.0,330000000.0,Petrol,5.0
Toyota,Veloz,2023.0,47500.0,Silver,1496.0,Automatic,7.0,228000000.0,Petrol,2.0
Toyota,Fortuner,2022.0,42500.0,White,2755.0,Automatic,7.0,476000000.0,Diesel,3.0
Bmw,530I,2017.0,17500.0,White,1998.0,Automatic,5.0,488000000.0,Petrol,8.0
Toyota,Fortuner,2023.0,47500.0,Black,2755.0,Automatic,7.0,535000000.0,Diesel,2.0
Mercedes,Benz,2014.0,42500.0,Black,3498.0,Automatic,5.0,585000000.0,Hybrid,11.0
Honda,Cr,2017.0,97500.0,Black,1498.0,Automatic,5.0,289000000.0,Petrol,8.0
Toyota,Avanza,2016.0,67500.0,White,1329.0,Automatic,7.0,145000000.0,Petrol,9.0
Toyota,Avanza,2021.0,42500.0,Black,1329.0,Automatic,7.0,180000000.0,Petrol,4.0
Suzuki,Apv,2016.0,77500.0,White,1500.0,Manual,7.0,120000000.0,Petrol,9.0
Mg,Zs,2021.0,27500.0,White,1498.0,Automatic,5.0,165000000.0,Petrol,4.0
Toyota,Kijang,2023.0,37500.0,Black,1998.0,Automatic,8.0,309000000.0,Petrol,2.0
Mazda,Cx,2023.0,17500.0,Red,3283.0,Automatic,5.0,625000000.0,Hybrid,2.0
Suzuki,Xl7,2023.0,17500.0,Black,1500.0,Automatic,7.0,220000000.0,Hybrid,2.0
Mazda,6,2019.0,22500.0,Red,2488.0,Automatic,5.0,425000000.0,Petrol,6.0
Daihatsu,Terios,2023.0,12500.0,White,1496.0,Automatic,7.0,219000000.0,Petrol,2.0
Daihatsu,Sigra,2019.0,47500.0,Silver,1197.0,Automatic,7.0,93000000.0,Petrol,6.0
Toyota,Rush,2021.0,42500.0,Maroon,1495.0,Automatic,7.0,210000000.0,Petrol,4.0
Jeep,Wrangler,2021.0,2500.0,Black,2000.0,Automatic,5.0,1495000000.0,Petrol,4.0
Land,Rover,2022.0,12500.0,Black,1997.0,Automatic,5.0,2650000000.0,Petrol,3.0
Daihatsu,Sigra,2023.0,12500.0,Grey,1197.0,Manual,7.0,121000000.0,Petrol,2.0
Mercedes,Benz,2019.0,32500.0,White,1991.0,Automatic,5.0,575000000.0,Petrol,6.0
Bmw,730Li,2017.0,47500.0,Black,1998.0,Automatic,5.0,730000000.0,Petrol,8.0
Bmw,330I,2021.0,27500.0,Black,1998.0,Automatic,5.0,609000000.0,Petrol,4.0
Kia,Sonet,2023.0,12500.0,White,1497.0,Automatic,5.0,229000000.0,Petrol,2.0
Hyundai,Stargazer,2023.0,37500.0,Silver,1497.0,Automatic,7.0,225000000.0,Petrol,2.0
Honda,Brio,2023.0,27500.0,White,1199.0,Automatic,5.0,152000000.0,Petrol,2.0
Lexus,Rx,2017.0,7500.0,Black,1998.0,Automatic,5.0,710000000.0,Petrol,8.0
Mercedes,Benz,2020.0,27500.0,Black,1991.0,Automatic,5.0,545000000.0,Petrol,5.0
Hyundai,Santa,2022.0,27500.0,Black,2151.0,Automatic,7.0,451000000.0,Diesel,3.0
Lexus,Lm,2022.0,22500.0,White,3456.0,Automatic,7.0,1275000000.0,Petrol,3.0
Lexus,Lx,2023.0,7500.0,Black,3445.0,Automatic,4.0,3100000000.0,Petrol,2.0
Lexus,Rx,2020.0,37500.0,White,1998.0,Automatic,5.0,825000000.0,Petrol,5.0
Mercedes,Benz,2023.0,7500.0,Black,1991.0,Automatic,5.0,845000000.0,Petrol,2.0
Toyota,Avanza,2023.0,22500.0,White,1329.0,Automatic,7.0,179000000.0,Petrol,2.0
Toyota,Fortuner,2022.0,42500.0,Black,2694.0,Automatic,7.0,425000000.0,Diesel,3.0
Mitsubishi,Pajero,2020.0,42500.0,Black,2442.0,Automatic,7.0,398000000.0,Diesel,5.0
Toyota,Calya,2021.0,92500.0,Grey,1197.0,Automatic,7.0,117000000.0,Petrol,4.0
Suzuki,Ertiga,2020.0,82500.0,Black,1462.0,Manual,7.0,168000000.0,Petrol,5.0
Hyundai,Creta,2023.0,17500.0,Silver,1497.0,Automatic,5.0,279000000.0,Petrol,2.0
Honda,Hr,2022.0,17500.0,White,1498.0,Automatic,5.0,299000000.0,Petrol,3.0
Toyota,Kijang,2024.0,7500.0,White,1987.0,Automatic,8.0,477000000.0,Hybrid,1.0
Honda,Hr,2018.0,87500.0,Grey,1497.0,Automatic,5.0,195000000.0,Petrol,7.0
Toyota,Alphard,2017.0,47500.0,Black,2494.0,Automatic,7.0,525000000.0,Petrol,8.0
Mazda,Cx,2019.0,132500.0,Black,2488.0,Automatic,7.0,285000000.0,Petrol,6.0
Dfsk,Glory,2019.0,87500.0,White,1498.0,Automatic,7.0,107000000.0,Petrol,6.0
Bmw,520I,2016.0,47500.0,Black,1997.0,Automatic,5.0,290000000.0,Petrol,9.0
Toyota,Sienta,2017.0,47500.0,Orange,1497.0,Automatic,7.0,150000000.0,Petrol,8.0
Honda,Cr,2018.0,72500.0,Grey,1498.0,Automatic,5.0,300000000.0,Petrol,7.0
Honda,Cr,2005.0,122500.0,Silver,1997.0,Manual,5.0,78000000.0,Petrol,20.0
Honda,Hr,2018.0,87500.0,Grey,1497.0,Automatic,5.0,197000000.0,Petrol,7.0
Toyota,Sienta,2018.0,67500.0,Orange,1497.0,Automatic,7.0,171000000.0,Petrol,7.0
Toyota,Yaris,2021.0,37500.0,Grey,1495.0,Automatic,5.0,210000000.0,Petrol,4.0
Mazda,Cx,2023.0,7500.0,Brown,2488.0,Automatic,5.0,475000000.0,Petrol,2.0
Toyota,Kijang,2024.0,22500.0,White,1987.0,Automatic,8.0,531000000.0,Petrol,1.0
Toyota,Kijang,2024.0,7500.0,Black,1987.0,Automatic,8.0,459000000.0,Petrol,1.0
Toyota,Land,2010.0,117500.0,Black,4461.0,Automatic,8.0,695000000.0,Diesel,15.0
Mercedes,Benz,2015.0,22500.0,Black,2996.0,Automatic,4.0,555000000.0,Petrol,10.0
Honda,Mobilio,2018.0,87500.0,Silver,1496.0,Automatic,7.0,197000000.0,Petrol,7.0
Toyota,Rush,2021.0,42500.0,Red,1495.0,Automatic,7.0,210000000.0,Petrol,4.0
Nissan,Serena,2019.0,52500.0,White,1997.0,Automatic,7.0,230000000.0,Petrol,6.0
Toyota,Rush,2019.0,52500.0,Black,1495.0,Manual,7.0,190000000.0,Petrol,6.0
Nissan,Serena,2019.0,62500.0,Black,1997.0,Automatic,7.0,240000000.0,Petrol,6.0
Toyota,Veloz,2022.0,72500.0,Silver,1496.0,Automatic,7.0,224000000.0,Petrol,3.0
Audi,A4,2002.0,82500.0,Silver,1984.0,Automatic,5.0,95000000.0,Petrol,23.0
Mini,Cooper,2023.0,7500.0,White,1998.0,Automatic,4.0,760000000.0,Petrol,2.0
Bmw,X5,2024.0,2500.0,Black,2998.0,Automatic,5.0,1475000000.0,Petrol,1.0
Honda,Cr,2024.0,7500.0,Maroon,1993.0,Automatic,5.0,642000000.0,Hybrid,1.0
Toyota,Fortuner,2022.0,22500.0,Black,2755.0,Automatic,7.0,495000000.0,Diesel,3.0
Hyundai,Stargazer,2022.0,47500.0,White,1497.0,Automatic,7.0,195000000.0,Petrol,3.0
Toyota,Fortuner,2023.0,22500.0,Black,2755.0,Automatic,7.0,500000000.0,Diesel,2.0
Toyota,Yaris,2021.0,17500.0,Red,1495.0,Automatic,5.0,213000000.0,Petrol,4.0
Toyota,Agya,2016.0,27500.0,White,998.0,Manual,5.0,97000000.0,Petrol,9.0
Honda,Brio,2022.0,37500.0,Grey,1199.0,Automatic,5.0,172000000.0,Petrol,3.0
Mini,Cooper,2018.0,47500.0,Blue,1998.0,Automatic,5.0,485000000.0,Petrol,7.0
Mitsubishi,Pajero,2021.0,27500.0,White,2442.0,Automatic,7.0,490000000.0,Diesel,4.0
Toyota,Kijang,2024.0,37500.0,Black,2393.0,Automatic,8.0,363000000.0,Diesel,1.0
Toyota,Rush,2020.0,82500.0,Purple,1495.0,Automatic,7.0,185000000.0,Petrol,5.0
Suzuki,Ertiga,2014.0,107500.0,Black,1373.0,Automatic,7.0,119000000.0,Petrol,11.0
Honda,Civic,2017.0,92500.0,Black,1498.0,Automatic,5.0,280000000.0,Petrol,8.0
Hyundai,Creta,2022.0,57500.0,Black,1497.0,Automatic,5.0,265000000.0,Petrol,3.0
Hyundai,Stargazer,2024.0,37500.0,White,1497.0,Automatic,7.0,235000000.0,Petrol,1.0
Nissan,Serena,2014.0,187500.0,White,1997.0,Automatic,7.0,130000000.0,Petrol,11.0
Toyota,Raize,2021.0,57500.0,Black,998.0,Automatic,5.0,179000000.0,Petrol,4.0
Toyota,Raize,2021.0,42500.0,Grey,998.0,Automatic,5.0,175000000.0,Petrol,4.0
Mercedes,Benz,2023.0,12500.0,Black,1332.0,Automatic,7.0,579000000.0,Petrol,2.0
Mitsubishi,Xpander,2024.0,2500.0,Silver,1499.0,Automatic,7.0,265000000.0,Petrol,1.0
Toyota,Camry,2010.0,187500.0,Black,2362.0,Automatic,5.0,130000000.0,Petrol,15.0
Toyota,Avanza,2020.0,77500.0,Silver,1329.0,Automatic,7.0,165000000.0,Petrol,5.0
Suzuki,Karimun,2012.0,92500.0,Black,996.0,Manual,5.0,68000000.0,Petrol,13.0
Mitsubishi,Xpander,2024.0,7500.0,White,1499.0,Automatic,7.0,295000000.0,Petrol,1.0
Mercedes,Benz,2023.0,2500.0,Black,2999.0,Automatic,5.0,2250000000.0,Petrol,2.0
Lexus,Rx,2018.0,52500.0,Black,1998.0,Automatic,5.0,685000000.0,Petrol,7.0
Mitsubishi,Pajero,2021.0,7500.0,Black,2442.0,Automatic,7.0,375000000.0,Diesel,4.0
Toyota,Fortuner,2020.0,127500.0,Black,2393.0,Automatic,7.0,419000000.0,Diesel,5.0
Bmw,X1,2016.0,37500.0,Grey,1499.0,Automatic,5.0,225000000.0,Petrol,9.0
Mitsubishi,Pajero,2020.0,7500.0,Black,2442.0,Automatic,7.0,345000000.0,Diesel,5.0
Mitsubishi,Pajero,2014.0,7500.0,Black,2477.0,Automatic,7.0,185000000.0,Diesel,11.0
Honda,Civic,2020.0,7500.0,Black,1498.0,Automatic,5.0,265000000.0,Petrol,5.0
Wuling,Almaz,2021.0,2500.0,Black,1451.0,Automatic,5.0,135000000.0,Petrol,4.0
Hyundai,Staria,2021.0,27500.0,Black,2199.0,Automatic,7.0,600000000.0,Diesel,4.0
Toyota,Alphard,2015.0,57500.0,Black,2493.0,Automatic,7.0,525000000.0,Petrol,10.0
Mitsubishi,Pajero,2019.0,117500.0,Black,2442.0,Automatic,7.0,323000000.0,Diesel,6.0
Bmw,330I,2018.0,32500.0,Black,1998.0,Automatic,5.0,489000000.0,Petrol,7.0
Toyota,Rush,2024.0,2500.0,White,1496.0,Automatic,7.0,257000000.0,Petrol,1.0
Mercedes,Benz,2020.0,7500.0,Yellow,1332.0,Automatic,5.0,645000000.0,Petrol,5.0
Mercedes,Benz,2023.0,2500.0,White,1991.0,Automatic,5.0,1550000000.0,Petrol,2.0
Bmw,320I,2018.0,22500.0,Black,1995.0,Automatic,5.0,339000000.0,Petrol,7.0
Mercedes,Benz,2017.0,37500.0,White,1991.0,Automatic,5.0,468000000.0,Petrol,8.0
Mercedes,Benz,2022.0,17500.0,Black,2999.0,Automatic,7.0,1500000000.0,Petrol,3.0
Lexus,Lx,2023.0,12500.0,Black,3445.0,Automatic,4.0,2950000000.0,Petrol,2.0
Toyota,Fortuner,2021.0,47500.0,Black,2393.0,Automatic,7.0,432000000.0,Diesel,4.0
Mg,Zs,2020.0,42500.0,Black,1498.0,Automatic,5.0,170000000.0,Petrol,5.0
Toyota,Veloz,2022.0,62500.0,Black,1496.0,Automatic,7.0,215000000.0,Petrol,3.0
Toyota,Calya,2022.0,12500.0,Grey,1197.0,Manual,7.0,121000000.0,Petrol,3.0
Toyota,Veloz,2022.0,37500.0,Black,1496.0,Automatic,7.0,215000000.0,Petrol,3.0
Toyota,Veloz,2023.0,37500.0,Silver,1496.0,Automatic,7.0,226000000.0,Petrol,2.0
Lexus,Gs,2017.0,32500.0,White,1998.0,Automatic,5.0,527000000.0,Petrol,8.0
Honda,Cr,2022.0,42500.0,Black,1498.0,Automatic,5.0,452000000.0,Petrol,3.0
Suzuki,Ertiga,2024.0,12500.0,White,1462.0,Automatic,7.0,225000000.0,Hybrid,1.0
Chevrolet,Trailblazer,2018.0,67500.0,Black,2499.0,Automatic,7.0,269000000.0,Diesel,7.0
Hyundai,Stargazer,2023.0,27500.0,Red,1497.0,Automatic,7.0,235000000.0,Petrol,2.0
Toyota,Yaris,2021.0,42500.0,Grey,1495.0,Automatic,5.0,210000000.0,Petrol,4.0
Ford,Ranger,2022.0,27500.0,Grey,1996.0,Automatic,5.0,510000000.0,Diesel,3.0
Toyota,Raize,2022.0,22500.0,Yellow,998.0,Automatic,5.0,185000000.0,Petrol,3.0
Lexus,Lbx,2024.0,2500.0,Grey,1490.0,Automatic,5.0,742000000.0,Petrol,1.0
Kia,Grand,2023.0,22500.0,Black,2151.0,Automatic,7.0,620000000.0,Diesel,2.0
Hyundai,Stargazer,2023.0,27500.0,White,1497.0,Automatic,7.0,210000000.0,Petrol,2.0
Mg,Zs,2022.0,7500.0,Silver,1498.0,Automatic,5.0,199000000.0,Petrol,3.0
Mazda,3,2021.0,42500.0,Grey,1998.0,Automatic,5.0,389000000.0,Petrol,4.0
Honda,Accord,2022.0,22500.0,Black,1498.0,Automatic,5.0,439000000.0,Petrol,3.0
Toyota,Kijang,2024.0,22500.0,White,1987.0,Automatic,8.0,508000000.0,Hybrid,1.0
Mitsubishi,Pajero,2022.0,57500.0,Grey,2442.0,Automatic,7.0,429000000.0,Diesel,3.0
Bmw,X1,2019.0,22500.0,Black,1499.0,Automatic,5.0,395000000.0,Petrol,6.0
Toyota,Raize,2023.0,17500.0,White,998.0,Automatic,5.0,214000000.0,Petrol,2.0
Toyota,Kijang,2022.0,32500.0,Black,1998.0,Automatic,8.0,298000000.0,Diesel,3.0
Hyundai,Staria,2022.0,62500.0,Black,2199.0,Automatic,9.0,565000000.0,Diesel,3.0
Kia,Grand,2018.0,47500.0,White,2199.0,Automatic,8.0,329000000.0,Diesel,7.0
Lexus,Ux,2019.0,22500.0,White,1987.0,Automatic,5.0,435000000.0,Petrol,6.0
Honda,Hr,2023.0,12500.0,Grey,1498.0,Automatic,5.0,325000000.0,Petrol,2.0
Toyota,Fortuner,2013.0,92500.0,Grey,2494.0,Automatic,7.0,239000000.0,Diesel,12.0
Hyundai,Creta,2023.0,37500.0,Black,1497.0,Automatic,5.0,269000000.0,Petrol,2.0
Mitsubishi,Pajero,2018.0,32500.0,Black,2442.0,Automatic,7.0,348000000.0,Diesel,7.0
Mercedes,Benz,2013.0,52500.0,Red,1991.0,Automatic,5.0,245000000.0,Petrol,12.0
Mercedes,Benz,2019.0,32500.0,Yellow,1332.0,Automatic,5.0,555000000.0,Petrol,6.0
Toyota,Voxy,2022.0,42500.0,Black,1986.0,Automatic,7.0,395000000.0,Petrol,3.0
Hyundai,H,2020.0,62500.0,Black,2497.0,Automatic,8.0,379000000.0,Diesel,5.0
Toyota,Agya,2024.0,7500.0,Grey,1200.0,Automatic,5.0,148000000.0,Petrol,1.0
Honda,Hr,2016.0,37500.0,White,1799.0,Automatic,5.0,219000000.0,Petrol,9.0
Hyundai,Santa,2021.0,22500.0,Black,2151.0,Automatic,7.0,447000000.0,Diesel,4.0
Mini,Cooper,2020.0,2500.0,Green,1499.0,Automatic,5.0,455000000.0,Petrol,5.0
Bmw,X1,2021.0,22500.0,Black,1499.0,Automatic,5.0,440000000.0,Petrol,4.0
Mercedes,Benz,2020.0,2500.0,Yellow,1332.0,Automatic,5.0,645000000.0,Petrol,5.0
Toyota,Alphard,2023.0,7500.0,Black,2494.0,Automatic,7.0,871000000.0,Petrol,2.0
Toyota,Yaris,2025.0,2500.0,White,1496.0,Automatic,5.0,385000000.0,Hybrid,0.0
Mazda,Cx,2023.0,17500.0,Grey,1496.0,Automatic,5.0,290000000.0,Petrol,2.0
Honda,Cr,2018.0,72500.0,Silver,1498.0,Automatic,5.0,300000099.0,Petrol,7.0
Lexus,Rx,2017.0,67500.0,Black,1998.0,Automatic,5.0,585000000.0,Petrol,8.0
Toyota,Camry,2021.0,22500.0,Black,2487.0,Automatic,5.0,389000000.0,Petrol,4.0
Peugeot,Rcz,2013.0,17500.0,White,1598.0,Automatic,4.0,445000000.0,Petrol,12.0
Mazda,Cx,2014.0,100000.0,Silver,2488.0,Automatic,5.0,145000000.0,Petrol,11.0
Honda,Freed,2013.0,87500.0,White,1497.0,Automatic,7.0,150000000.0,Petrol,12.0
Honda,Civic,2023.0,17500.0,White,1498.0,Automatic,5.0,460000000.0,Petrol,2.0
Nissan,Serena,2016.0,2500.0,Black,1997.0,Automatic,7.0,155000000.0,Petrol,9.0
Mazda,Cx,2012.0,112500.0,Red,2261.0,Automatic,5.0,119000000.0,Petrol,13.0
Ford,Ecosport,2015.0,77500.0,Orange,1499.0,Automatic,5.0,105000000.0,Petrol,10.0
Mercedes,Benz,2021.0,12500.0,Black,1991.0,Automatic,4.0,725000000.0,Petrol,4.0
Land,Rover,2023.0,2500.0,Black,2995.0,Automatic,5.0,3450000000.0,Petrol,2.0
Bmw,530I,2010.0,97500.0,Black,2979.0,Automatic,5.0,170000000.0,Petrol,15.0
Toyota,Avanza,2013.0,77500.0,Silver,1298.0,Manual,7.0,105000000.0,Petrol,12.0
Toyota,Raize,2021.0,12500.0,Yellow,998.0,Automatic,5.0,215000000.0,Petrol,4.0
Suzuki,Xl7,2024.0,17500.0,White,1500.0,Automatic,7.0,230000000.0,Hybrid,1.0
Wuling,Almaz,2022.0,52500.0,Black,1451.0,Automatic,7.0,187800000.0,Petrol,3.0
Lexus,Nx,2015.0,57500.0,White,1998.0,Automatic,5.0,435000000.0,Petrol,10.0
Chevrolet,Trax,2018.0,72500.0,Black,1399.0,Automatic,5.0,155000000.0,Petrol,7.0
Chevrolet,Spin,2015.0,152500.0,White,1485.0,Automatic,7.0,95000000.0,Petrol,10.0
Lexus,Rx,2018.0,37500.0,Black,1998.0,Automatic,5.0,635000000.0,Petrol,7.0
Suzuki,Jimny,2024.0,2500.0,Green,1500.0,Automatic,4.0,425000000.0,Petrol,1.0
Daihatsu,Terios,2017.0,172500.0,Silver,1496.0,Automatic,7.0,140000000.0,Petrol,8.0
Daihatsu,Sigra,2019.0,82500.0,Silver,1197.0,Automatic,7.0,108000000.0,Petrol,6.0
Suzuki,Xl7,2023.0,17500.0,Brown,1500.0,Manual,7.0,210000000.0,Hybrid,2.0
Honda,Cr,2009.0,157500.0,Black,2354.0,Automatic,5.0,95000000.0,Petrol,16.0
Toyota,Camry,2013.0,102500.0,Black,2494.0,Automatic,5.0,145000000.0,Petrol,12.0
Mitsubishi,Xpander,2018.0,52500.0,Black,1499.0,Automatic,7.0,220000000.0,Petrol,7.0
Mitsubishi,Xpander,2018.0,52500.0,Black,1499.0,Automatic,7.0,221000000.0,Petrol,7.0
Mitsubishi,Xpander,2020.0,72500.0,White,1499.0,Automatic,7.0,225000000.0,Petrol,5.0
Mitsubishi,Xpander,2019.0,72500.0,Silver,1499.0,Automatic,7.0,182500000.0,Petrol,6.0
Mitsubishi,Xpander,2017.0,72500.0,Silver,1499.0,Automatic,7.0,173000000.0,Petrol,8.0
Toyota,Alphard,2016.0,97500.0,Black,2494.0,Automatic,7.0,399000000.0,Petrol,9.0
Mercedes,Benz,2018.0,42500.0,White,1991.0,Automatic,5.0,410000000.0,Petrol,7.0
Toyota,Voxy,2019.0,37500.0,Black,1986.0,Automatic,7.0,289000000.0,Petrol,6.0
Audi,A5,2022.0,2500.0,Red,1984.0,Automatic,5.0,878000000.0,Petrol,3.0
Mazda,3,2020.0,47500.0,Grey,1998.0,Automatic,5.0,359000000.0,Petrol,5.0
Mazda,Cx,2017.0,37500.0,White,2488.0,Automatic,5.0,265000000.0,Petrol,8.0
Mini,Cooper,2012.0,52500.0,White,1600.0,Automatic,4.0,275000000.0,Petrol,13.0
Land,Rover,2023.0,7500.0,Black,2997.0,Automatic,5.0,5400000000.0,Hybrid,2.0
Mercedes,Benz,2014.0,52500.0,Black,1991.0,Automatic,5.0,245000000.0,Petrol,11.0
Mitsubishi,Xpander,2018.0,102500.0,Black,1499.0,Automatic,7.0,189000000.0,Petrol,7.0
Mercedes,Benz,2021.0,22500.0,Black,2999.0,Automatic,7.0,1195000000.0,Petrol,4.0
Lexus,Es,2024.0,12500.0,Grey,2487.0,Automatic,5.0,1095000000.0,Hybrid,1.0
Honda,Cr,2020.0,2500.0,Black,1993.0,Automatic,5.0,235000000.0,Petrol,5.0
Honda,Odyssey,2018.0,7500.0,Black,2356.0,Automatic,7.0,275000000.0,Petrol,7.0
Honda,City,2021.0,2500.0,Black,1498.0,Automatic,5.0,175000000.0,Petrol,4.0
Toyota,Kijang,2022.0,112500.0,Black,2393.0,Automatic,8.0,295000000.0,Petrol,3.0
Honda,Civic,2018.0,27500.0,Black,1498.0,Automatic,5.0,358000000.0,Petrol,7.0
Mercedes,Benz,2021.0,22500.0,Black,2999.0,Automatic,7.0,1175000000.0,Petrol,4.0
Land,Rover,2022.0,7500.0,Green,2995.0,Automatic,5.0,2650000000.0,Petrol,3.0
Mercedes,Benz,2018.0,22500.0,Black,2143.0,Automatic,5.0,635000000.0,Petrol,7.0
Mercedes,Benz,2015.0,42500.0,White,2996.0,Automatic,5.0,575000000.0,Petrol,10.0
Mercedes,Benz,2022.0,7500.0,Black,1496.0,Automatic,5.0,765000000.0,Petrol,3.0
Toyota,Alphard,2015.0,72500.0,Black,2494.0,Automatic,7.0,450000000.0,Petrol,10.0
Bentley,Bentayga,2018.0,7500.0,Black,5950.0,Automatic,4.0,3550000000.0,Petrol,7.0
Porsche,Panamera,2012.0,17500.0,Black,3605.0,Automatic,4.0,599000000.0,Petrol,13.0
Toyota,Vellfire,2014.0,72500.0,Black,2362.0,Automatic,7.0,299000000.0,Petrol,11.0
Lexus,Lx,2018.0,72500.0,Black,5663.0,Automatic,8.0,1575000000.0,Petrol,7.0
Toyota,Rush,2014.0,2500.0,Black,1495.0,Automatic,5.0,95000000.0,Petrol,11.0
Land,Rover,2021.0,17500.0,Brown,1997.0,Automatic,5.0,2300000000.0,Petrol,4.0
Bmw,430I,2021.0,7500.0,Blue,1998.0,Automatic,4.0,1075000000.0,Petrol,4.0
Mercedes,Benz,2015.0,22500.0,White,1991.0,Automatic,4.0,850000000.0,Petrol,10.0
Toyota,Land,2021.0,92500.0,Black,4461.0,Automatic,8.0,1750000000.0,Diesel,4.0
Lexus,Rx,2018.0,32500.0,Grey,1998.0,Automatic,5.0,699000000.0,Petrol,7.0
Suzuki,Jimny,2020.0,7500.0,Brown,1462.0,Automatic,4.0,395000000.0,Petrol,5.0
Lexus,Lm,2024.0,17500.0,Black,2487.0,Automatic,7.0,1900000000.0,Hybrid,1.0
Suzuki,Jimny,2023.0,7500.0,Brown,1462.0,Automatic,4.0,430000000.0,Petrol,2.0
Toyota,Kijang,2022.0,42500.0,White,2393.0,Automatic,7.0,465000000.0,Diesel,3.0
Toyota,Alphard,2015.0,72500.0,Black,2493.0,Automatic,7.0,450000000.0,Petrol,10.0
Toyota,Alphard,2017.0,72500.0,Black,2494.0,Automatic,7.0,560000000.0,Petrol,8.0
Toyota,Land,2018.0,52500.0,Black,4461.0,Automatic,8.0,1600000000.0,Diesel,7.0
Bmw,Z4,2023.0,2500.0,Blue,2993.0,Automatic,2.0,1485000000.0,Petrol,2.0
Bmw,430I,2023.0,2500.0,Blue,1998.0,Automatic,4.0,1200000000.0,Petrol,2.0
Mercedes,Benz,2022.0,27500.0,Black,2999.0,Automatic,7.0,1100000000.0,Petrol,3.0
Mercedes,Benz,2012.0,12500.0,Grey,5461.0,Automatic,4.0,850000000.0,Petrol,13.0
Mercedes,Benz,2018.0,22500.0,Black,2999.0,Automatic,5.0,850000000.0,Petrol,7.0
Bmw,730Li,2019.0,17500.0,Grey,1998.0,Automatic,5.0,900000000.0,Petrol,6.0
Mini,Cooper,2012.0,17500.0,Red,1600.0,Automatic,4.0,310000000.0,Petrol,13.0
Toyota,Camry,2020.0,37500.0,Black,2494.0,Automatic,5.0,325000000.0,Petrol,5.0
Bmw,X6,2024.0,2500.0,Black,2998.0,Automatic,5.0,1850000000.0,Petrol,1.0
Mercedes,Benz,2016.0,27500.0,Black,2996.0,Automatic,5.0,625000000.0,Petrol,9.0
Toyota,Vellfire,2024.0,7500.0,Black,2500.0,Automatic,7.0,1625000000.0,Hybrid,1.0
Bmw,840I,2022.0,7500.0,Black,2998.0,Automatic,4.0,1500000000.0,Petrol,3.0
Bmw,430I,2024.0,2500.0,Red,1998.0,Automatic,4.0,1675000000.0,Petrol,1.0
Lexus,Rx,2020.0,42500.0,Grey,1998.0,Automatic,5.0,775000000.0,Petrol,5.0
Mercedes,Benz,2018.0,22500.0,White,1991.0,Automatic,4.0,910000000.0,Petrol,7.0
Toyota,Vellfire,2021.0,42500.0,White,2494.0,Automatic,7.0,825000000.0,Petrol,4.0
Mercedes,Benz,2019.0,12500.0,Blue,1991.0,Automatic,5.0,690000000.0,Petrol,6.0
Mini,Countryman,2020.0,22500.0,Black,1998.0,Automatic,5.0,550000000.0,Petrol,5.0
Mercedes,Benz,2022.0,17500.0,Black,2999.0,Automatic,7.0,1075000000.0,Petrol,3.0
Toyota,Land,2024.0,2500.0,Black,3346.0,Automatic,5.0,2250000000.0,Diesel,1.0
Lexus,Lx,2023.0,7500.0,Black,3445.0,Automatic,4.0,3250000000.0,Petrol,2.0
Mercedes,Benz,2023.0,2500.0,Black,2999.0,Automatic,5.0,2025000000.0,Petrol,2.0
Mercedes,Benz,2024.0,2500.0,Black,2999.0,Automatic,5.0,2350000000.0,Petrol,1.0
Toyota,Vellfire,2019.0,62500.0,White,2494.0,Automatic,7.0,625000000.0,Petrol,6.0
Toyota,Alphard,2020.0,72500.0,Black,2494.0,Automatic,7.0,650000000.0,Petrol,5.0
Mercedes,Benz,2022.0,7500.0,Blue,1991.0,Automatic,5.0,650000000.0,Petrol,3.0
Mercedes,Benz,2017.0,37500.0,Black,3000.0,Automatic,5.0,525000000.0,Petrol,8.0
Suzuki,Jimny,2025.0,2500.0,Blue,1500.0,Automatic,4.0,440000000.0,Petrol,0.0
Land,Rover,2013.0,32500.0,Black,5000.0,Automatic,5.0,950000000.0,Petrol,12.0
Toyota,Land,2012.0,102500.0,Black,4461.0,Automatic,8.0,950000000.0,Diesel,13.0
Bmw,730Li,2019.0,12500.0,Grey,1998.0,Automatic,5.0,850000000.0,Petrol,6.0
Mercedes,Benz,2016.0,12500.0,Black,1991.0,Automatic,5.0,450000000.0,Petrol,9.0
Ford,Ranger,2024.0,32500.0,Black,1996.0,Automatic,5.0,925000000.0,Diesel,1.0
Jeep,Wrangler,2012.0,22500.0,Black,3604.0,Automatic,5.0,925000000.0,Petrol,13.0
Honda,Hr,2016.0,92500.0,Grey,1497.0,Automatic,5.0,170000000.0,Petrol,9.0
Toyota,Avanza,2021.0,42500.0,Black,1496.0,Automatic,7.0,200000000.0,Petrol,4.0
Toyota,Avanza,2021.0,32500.0,Black,1496.0,Automatic,7.0,200000000.0,Petrol,4.0
Honda,Hr,2015.0,102500.0,Grey,1799.0,Automatic,5.0,202000000.0,Petrol,10.0
Toyota,Alphard,2024.0,7500.0,White,2500.0,Automatic,7.0,1450000000.0,Hybrid,1.0
Suzuki,Sx4,2018.0,91350.0,Grey,1500.0,Automatic,5.0,165000000.0,Petrol,7.0
Mercedes,Benz,2019.0,27500.0,White,1991.0,Automatic,5.0,455000000.0,Petrol,6.0
Hyundai,Stargazer,2022.0,2500.0,Grey,1497.0,Automatic,7.0,165000000.0,Petrol,3.0
Honda,Cr,2021.0,2500.0,Black,1498.0,Automatic,5.0,285000000.0,Petrol,4.0
Daihatsu,Terios,2013.0,127500.0,Black,1495.0,Automatic,7.0,110000000.0,Petrol,12.0
Honda,Brio,2023.0,32500.0,Green,1199.0,Automatic,5.0,154000000.0,Petrol,2.0
Mazda,Biante,2013.0,37500.0,White,1997.0,Automatic,7.0,140000000.0,Petrol,12.0
Hyundai,Stargazer,2022.0,62500.0,Black,1497.0,Automatic,7.0,195000000.0,Petrol,3.0
Toyota,Calya,2021.0,62500.0,Silver,1197.0,Automatic,7.0,116000000.0,Petrol,4.0
Toyota,Agya,2021.0,27500.0,Grey,1197.0,Automatic,5.0,133000000.0,Petrol,4.0
Toyota,Fortuner,2015.0,52500.0,White,2694.0,Automatic,7.0,245000000.0,Petrol,10.0
Hyundai,Santa,2015.0,67500.0,Red,2359.0,Automatic,7.0,160000000.0,Petrol,10.0
Nissan,Elgrand,2011.0,122500.0,White,3498.0,Automatic,7.0,190000000.0,Petrol,14.0
Hyundai,H,2017.0,117500.0,Silver,2359.0,Automatic,7.0,208000000.0,Petrol,8.0
Nissan,Terra,2018.0,92500.0,White,2488.0,Automatic,7.0,305000000.0,Diesel,7.0
Mitsubishi,Pajero,2017.0,97500.0,White,2442.0,Automatic,7.0,375000000.0,Diesel,8.0
Hyundai,Creta,2022.0,72500.0,White,1497.0,Automatic,5.0,262000000.0,Petrol,3.0
Toyota,Camry,2017.0,47500.0,Black,2494.0,Automatic,5.0,255000000.0,Petrol,8.0
Suzuki,Xl7,2022.0,52500.0,Brown,1500.0,Automatic,7.0,195000000.0,Petrol,3.0
Honda,Cr,2018.0,92500.0,Grey,1498.0,Automatic,5.0,265000000.0,Petrol,7.0
Honda,Cr,2011.0,77500.0,White,1997.0,Manual,5.0,125000000.0,Petrol,14.0
Mazda,Cx,2014.0,127500.0,Grey,2488.0,Automatic,5.0,167000000.0,Petrol,11.0
Mazda,Cx,2015.0,117500.0,White,2488.0,Automatic,5.0,205000000.0,Petrol,10.0
Hyundai,Creta,2022.0,42500.0,Red,1497.0,Automatic,5.0,280000000.0,Petrol,3.0
Suzuki,Ertiga,2018.0,107500.0,Brown,1462.0,Automatic,7.0,145000000.0,Petrol,7.0
Toyota,Corolla,2015.0,72500.0,Black,1798.0,Automatic,5.0,165000000.0,Petrol,10.0
Honda,Hr,2019.0,47500.0,Grey,1497.0,Automatic,5.0,190000000.0,Petrol,6.0
Toyota,Fortuner,2021.0,7500.0,Black,2393.0,Automatic,7.0,405000000.0,Diesel,4.0
Jeep,Wrangler,2013.0,52500.0,Green,3604.0,Automatic,5.0,950000000.0,Petrol,12.0
Toyota,Kijang,2024.0,22500.0,White,1987.0,Automatic,8.0,515000000.0,Hybrid,1.0
Land,Rover,2013.0,22500.0,Black,5000.0,Automatic,5.0,1100000000.0,Petrol,12.0
Jeep,Wrangler,2015.0,7500.0,Red,2985.0,Automatic,5.0,875000000.0,Petrol,10.0
Land,Rover,2020.0,7500.0,Brown,2995.0,Automatic,5.0,2425000000.0,Petrol,5.0
Mercedes,Benz,2022.0,2500.0,Blue,3982.0,Automatic,5.0,5650000000.0,Petrol,3.0
Toyota,Avanza,2021.0,42500.0,Black,1329.0,Automatic,7.0,152000000.0,Petrol,4.0
Toyota,Raize,2021.0,22500.0,Red,998.0,Automatic,5.0,194000000.0,Petrol,4.0
Chery,Omoda,2023.0,22500.0,Grey,1498.0,Automatic,5.0,235000000.0,Petrol,2.0
Lexus,Nx,2014.0,32500.0,Black,1998.0,Automatic,5.0,375000000.0,Petrol,11.0
Toyota,Veloz,2022.0,27500.0,Silver,1496.0,Automatic,7.0,225000000.0,Petrol,3.0
Bmw,X1,2021.0,32500.0,White,1499.0,Automatic,5.0,355000000.0,Petrol,4.0
Toyota,Land,2024.0,2500.0,Black,3346.0,Automatic,7.0,2200000000.0,Diesel,1.0
Toyota,Veloz,2022.0,7500.0,Silver,1496.0,Automatic,7.0,192000000.0,Petrol,3.0
Land,Rover,2014.0,12500.0,Black,2995.0,Automatic,5.0,650000000.0,Petrol,11.0
Lexus,Lm,2022.0,47500.0,Black,3456.0,Automatic,7.0,1060000000.0,Petrol,3.0
Mini,Countryman,2015.0,17500.0,Red,1598.0,Automatic,5.0,335000000.0,Petrol,10.0
Bmw,530I,2018.0,22500.0,Black,1998.0,Automatic,5.0,475000000.0,Petrol,7.0
Land,Rover,2023.0,2500.0,Black,1997.0,Automatic,5.0,2250000000.0,Petrol,2.0
Honda,Cr,2017.0,127500.0,Black,1498.0,Automatic,5.0,255000000.0,Petrol,8.0
Toyota,Camry,2013.0,137500.0,Black,2494.0,Automatic,5.0,148000000.0,Petrol,12.0
Toyota,Fortuner,2016.0,87500.0,White,2694.0,Automatic,7.0,285000000.0,Petrol,9.0
Lexus,Rx,2021.0,32500.0,Grey,1998.0,Automatic,5.0,845000000.0,Petrol,4.0
Bmw,X5,2020.0,22500.0,White,2998.0,Automatic,5.0,815000000.0,Petrol,5.0
Aston,Martin,2019.0,7500.0,White,3982.0,Automatic,2.0,4270000000.0,Petrol,6.0
Honda,Cr,2014.0,107500.0,Black,1997.0,Manual,5.0,150000000.0,Petrol,11.0
Honda,Freed,2014.0,107500.0,White,1497.0,Automatic,7.0,150000000.0,Petrol,11.0
Volkswagen,Tiguan,2015.0,72500.0,White,1390.0,Automatic,5.0,117000000.0,Petrol,10.0
Jeep,Wrangler,2011.0,67500.0,Black,3777.0,Automatic,5.0,599000000.0,Petrol,14.0
Toyota,Rush,2021.0,42500.0,Maroon,1495.0,Automatic,7.0,226000000.0,Petrol,4.0
Hyundai,Santa,2024.0,2500.0,White,1598.0,Automatic,6.0,745000000.0,Hybrid,1.0
Bmw,328I,2014.0,47500.0,Grey,1997.0,Automatic,5.0,310000000.0,Petrol,11.0
Toyota,Fortuner,2020.0,17500.0,Black,2393.0,Automatic,7.0,355000000.0,Diesel,5.0
Wuling,Almaz,2021.0,52500.0,Grey,1451.0,Automatic,7.0,190000000.0,Petrol,4.0
Mg,Hs,2022.0,7500.0,White,1490.0,Automatic,5.0,265000000.0,Petrol,3.0
Chery,Tiggo,2024.0,12500.0,Black,1498.0,Automatic,5.0,169000000.0,Petrol,1.0
Dfsk,Glory,2021.0,32500.0,Silver,1498.0,Automatic,7.0,150000000.0,Petrol,4.0
Wuling,Cortez,2018.0,117500.0,Maroon,1798.0,Automatic,8.0,108000000.0,Petrol,7.0
Daihatsu,Xenia,2016.0,112500.0,White,1329.0,Manual,7.0,112000000.0,Petrol,9.0
Toyota,Sienta,2016.0,107500.0,White,1497.0,Automatic,7.0,142000000.0,Petrol,9.0
Toyota,Agya,2016.0,92500.0,Black,998.0,Automatic,5.0,90000000.0,Petrol,9.0
Mercedes,Benz,2019.0,22500.0,Red,1332.0,Automatic,5.0,399000000.0,Petrol,6.0
Honda,Mobilio,2015.0,132500.0,Grey,1496.0,Automatic,7.0,118000000.0,Petrol,10.0
Mercedes,Benz,2010.0,72500.0,Black,3498.0,Automatic,5.0,219000000.0,Petrol,15.0
Mercedes,Benz,2010.0,117500.0,Grey,1796.0,Automatic,5.0,169000000.0,Petrol,15.0
Mitsubishi,Pajero,2023.0,27500.0,Brown,2442.0,Automatic,7.0,559000000.0,Diesel,2.0
Kia,Sonet,2021.0,62500.0,Grey,1497.0,Automatic,5.0,180000000.0,Petrol,4.0
Toyota,Camry,2017.0,32500.0,Black,2494.0,Automatic,5.0,236000000.0,Petrol,8.0
Mercedes,Benz,2019.0,7500.0,Black,1991.0,Automatic,5.0,695000000.0,Petrol,6.0
Toyota,Rush,2014.0,82500.0,Black,1495.0,Automatic,5.0,135000000.0,Petrol,11.0
Daihatsu,Sigra,2019.0,47500.0,Silver,1197.0,Manual,7.0,100000000.0,Petrol,6.0
Toyota,Rush,2021.0,52500.0,White,1495.0,Automatic,7.0,223000000.0,Petrol,4.0
Lexus,Lx,2022.0,27500.0,Black,3445.0,Automatic,7.0,2489000000.0,Petrol,3.0
Mazda,Cx,2019.0,2500.0,Black,2488.0,Automatic,5.0,275000000.0,Petrol,6.0
Mercedes,Benz,2018.0,12500.0,Black,1991.0,Automatic,5.0,470000000.0,Petrol,7.0
Mercedes,Benz,2020.0,12500.0,Grey,1991.0,Automatic,7.0,669000000.0,Petrol,5.0
Toyota,Sienta,2016.0,82500.0,Grey,1497.0,Automatic,7.0,140000000.0,Petrol,9.0
Honda,Hr,2017.0,72500.0,Silver,1497.0,Automatic,5.0,175000000.0,Petrol,8.0
Mitsubishi,Pajero,2018.0,122500.0,Brown,2442.0,Automatic,7.0,360000000.0,Diesel,7.0
Honda,Brio,2015.0,62500.0,White,1198.0,Manual,5.0,98000000.0,Petrol,10.0
Toyota,Alphard,2024.0,7500.0,Black,2500.0,Automatic,7.0,1495000000.0,Hybrid,1.0
Hyundai,Creta,2022.0,22500.0,White,1497.0,Automatic,5.0,279000000.0,Petrol,3.0
Mini,Countryman,2012.0,72500.0,Black,1598.0,Automatic,5.0,289000000.0,Petrol,13.0
Toyota,Alphard,2012.0,72500.0,Black,2362.0,Automatic,7.0,219000000.0,Petrol,13.0
Porsche,Macan,2015.0,47500.0,Black,2997.0,Automatic,5.0,695000000.0,Petrol,10.0
Mercedes,Benz,2018.0,22500.0,Black,1991.0,Automatic,5.0,526000000.0,Petrol,7.0
Bmw,530I,2023.0,2500.0,Black,1998.0,Automatic,5.0,860000000.0,Petrol,2.0
Ford,Mustang,2022.0,2500.0,Orange,2261.0,Automatic,4.0,1250000000.0,Petrol,3.0
Mercedes,Benz,2015.0,47500.0,Black,2996.0,Automatic,7.0,550000000.0,Petrol,10.0
Jeep,Wrangler,2013.0,67500.0,Black,3604.0,Automatic,5.0,875000000.0,Petrol,12.0
Bmw,430I,2024.0,12500.0,Grey,1998.0,Automatic,4.0,1395000000.0,Petrol,1.0
Lexus,Rx,2021.0,7500.0,Grey,1998.0,Automatic,5.0,925000000.0,Petrol,4.0
Toyota,Alphard,2024.0,12500.0,White,2500.0,Automatic,7.0,1395000000.0,Hybrid,1.0
Toyota,Rush,2021.0,42500.0,White,1496.0,Automatic,7.0,222000000.0,Petrol,4.0
Bmw,X6,2023.0,7500.0,Black,2998.0,Automatic,5.0,1775000000.0,Petrol,2.0
Toyota,Alphard,2022.0,2500.0,White,2494.0,Automatic,7.0,725000000.0,Petrol,3.0
Toyota,Kijang,2016.0,2500.0,Grey,2393.0,Automatic,7.0,195000000.0,Diesel,9.0
Toyota,Kijang,2019.0,2500.0,Black,1998.0,Automatic,7.0,235000000.0,Petrol,6.0
Toyota,Fortuner,2013.0,92500.0,Black,2494.0,Automatic,7.0,239000000.0,Diesel,12.0
Bmw,X5,2023.0,7500.0,Black,2998.0,Automatic,5.0,1395000000.0,Petrol,2.0
Mazda,Cx,2019.0,67500.0,Grey,2488.0,Automatic,5.0,298000000.0,Petrol,6.0
Toyota,Raize,2022.0,47500.0,Silver,998.0,Automatic,5.0,178000000.0,Petrol,3.0
Mercedes,Benz,2018.0,7500.0,White,1991.0,Automatic,5.0,358000000.0,Petrol,7.0
Toyota,Land,2024.0,7500.0,Black,3346.0,Automatic,7.0,2275000000.0,Diesel,1.0
Honda,Freed,2013.0,112500.0,Silver,1497.0,Automatic,7.0,128000000.0,Petrol,12.0
Bmw,330I,2023.0,12500.0,Black,1998.0,Automatic,5.0,755000000.0,Petrol,2.0
Mercedes,Benz,2018.0,37500.0,Black,1991.0,Automatic,5.0,359000000.0,Petrol,7.0
Mercedes,Benz,2015.0,32500.0,White,1991.0,Automatic,5.0,349000000.0,Petrol,10.0
Toyota,Alphard,2024.0,17500.0,White,2500.0,Automatic,7.0,1395000000.0,Hybrid,1.0
Bmw,X5,2023.0,17500.0,Black,2998.0,Automatic,5.0,1395000000.0,Petrol,2.0
Mercedes,Benz,2019.0,12500.0,Black,2999.0,Automatic,5.0,1050000000.0,Petrol,6.0
Bmw,430I,2024.0,22500.0,Grey,1998.0,Automatic,4.0,1395000000.0,Petrol,1.0
Toyota,Kijang,2014.0,72500.0,Grey,1998.0,Automatic,8.0,175000000.0,Petrol,11.0
Toyota,Corolla,2015.0,102500.0,Grey,1798.0,Automatic,5.0,165000000.0,Petrol,10.0
Mazda,Biante,2016.0,97500.0,Silver,1997.0,Automatic,7.0,150000000.0,Petrol,9.0
Toyota,Fortuner,2013.0,142500.0,White,2494.0,Automatic,7.0,260000000.0,Diesel,12.0
Mercedes,Benz,2023.0,7500.0,White,1496.0,Automatic,5.0,715000000.0,Petrol,2.0
Hyundai,Palisade,2024.0,7500.0,White,2199.0,Automatic,7.0,845000000.0,Diesel,1.0
Honda,Brio,2021.0,27500.0,Yellow,1199.0,Automatic,5.0,140000000.0,Petrol,4.0
Suzuki,Grand,2024.0,12500.0,Grey,1462.0,Automatic,5.0,289000000.0,Hybrid,1.0
Toyota,Harrier,2009.0,162500.0,Black,2362.0,Automatic,5.0,139000000.0,Petrol,16.0
Mazda,Cx,2024.0,17500.0,Grey,1496.0,Automatic,5.0,319000000.0,Petrol,1.0
Mini,Cooper,2014.0,62500.0,Red,1500.0,Automatic,4.0,339000000.0,Petrol,11.0
Bmw,320I,2022.0,17500.0,White,1995.0,Automatic,5.0,547000000.0,Petrol,3.0
Hyundai,Creta,2024.0,12500.0,Black,1497.0,Automatic,5.0,311000000.0,Petrol,1.0
Toyota,Vios,2013.0,97500.0,Grey,1497.0,Manual,5.0,99000000.0,Petrol,12.0
Bmw,X1,2012.0,42500.0,Brown,1995.0,Automatic,5.0,189000000.0,Petrol,13.0
Mercedes,Benz,2016.0,67500.0,White,1991.0,Automatic,5.0,399000000.0,Petrol,9.0
Mercedes,Benz,2009.0,142500.0,Black,2996.0,Automatic,5.0,199000000.0,Petrol,16.0
Toyota,Corolla,2015.0,92500.0,Black,1798.0,Automatic,5.0,169000000.0,Petrol,10.0
Bmw,X1,2013.0,62500.0,Brown,1995.0,Automatic,5.0,179000000.0,Petrol,12.0
Mercedes,Benz,2016.0,112500.0,Black,1991.0,Automatic,5.0,439000000.0,Petrol,9.0
Bmw,320I,2010.0,92500.0,Grey,1995.0,Automatic,5.0,129000000.0,Petrol,15.0
Renault,Koleos,2017.0,97500.0,Grey,2488.0,Automatic,5.0,199000000.0,Petrol,8.0
Bmw,325I,2005.0,92500.0,Blue,2494.0,Automatic,5.0,99000000.0,Petrol,20.0
Bmw,X5,2008.0,112500.0,Black,2996.0,Automatic,5.0,169000000.0,Petrol,17.0
Mercedes,Benz,2016.0,62500.0,White,2996.0,Automatic,7.0,699000000.0,Petrol,9.0
Mercedes,Benz,2020.0,27500.0,White,1991.0,Automatic,5.0,413000000.0,Petrol,5.0
Honda,Hr,2018.0,52500.0,Black,1497.0,Automatic,5.0,194000000.0,Petrol,7.0
Bmw,X1,2019.0,37500.0,White,1499.0,Automatic,5.0,400000000.0,Petrol,6.0
Land,Rover,2014.0,32500.0,Black,2995.0,Automatic,5.0,745000000.0,Petrol,11.0
Mitsubishi,Xpander,2019.0,47500.0,Silver,1499.0,Automatic,7.0,193000000.0,Petrol,6.0
Toyota,Land,2011.0,67500.0,Black,4461.0,Automatic,8.0,699000000.0,Diesel,14.0
Toyota,Veloz,2022.0,57500.0,Silver,1496.0,Automatic,7.0,241000000.0,Petrol,3.0
Lexus,Lm,2022.0,32500.0,Black,3456.0,Automatic,7.0,1325000000.0,Petrol,3.0
Toyota,Nav1,2014.0,97500.0,Black,1987.0,Automatic,7.0,142000000.0,Petrol,11.0
Honda,Odyssey,2016.0,92500.0,Black,2356.0,Automatic,7.0,265000000.0,Petrol,9.0
Toyota,Land,2024.0,2500.0,White,3346.0,Automatic,7.0,2490000000.0,Diesel,1.0
Bmw,I8,2021.0,2500.0,Red,1499.0,Automatic,4.0,4100000000.0,Petrol,4.0
Toyota,Camry,2023.0,2500.0,Black,2487.0,Automatic,5.0,545000000.0,Petrol,2.0
Mg,Hs,2021.0,27500.0,Black,1490.0,Automatic,5.0,220000000.0,Petrol,4.0
Honda,City,2013.0,87500.0,Red,1497.0,Automatic,5.0,106000000.0,Petrol,12.0
Abarth,595,2014.0,57500.0,Red,1368.0,Automatic,4.0,395000000.0,Petrol,11.0
Nissan,Elgrand,2013.0,53000.0,White,3498.0,Automatic,7.0,225000000.0,Petrol,12.0
Honda,Br,2022.0,87500.0,Black,1498.0,Automatic,7.0,204000000.0,Petrol,3.0
Honda,City,2021.0,62500.0,Red,1498.0,Automatic,5.0,205000000.0,Petrol,4.0
Toyota,Voxy,2019.0,92500.0,Black,1986.0,Automatic,7.0,278000000.0,Petrol,6.0
Toyota,Rush,2013.0,97500.0,White,1495.0,Automatic,5.0,120000000.0,Petrol,12.0
Hyundai,Palisade,2024.0,7500.0,White,2199.0,Automatic,7.0,875000000.0,Diesel,1.0
Volvo,Xc60,2011.0,87500.0,White,1999.0,Automatic,5.0,199000000.0,Petrol,14.0
Mini,Cooper,2012.0,92500.0,Red,1600.0,Automatic,4.0,289000000.0,Petrol,13.0
Mercedes,Benz,2003.0,142500.0,Black,2597.0,Automatic,5.0,69000000.0,Petrol,22.0
Mercedes,Benz,2014.0,82500.0,Grey,1991.0,Automatic,5.0,289000000.0,Petrol,11.0
Mercedes,Benz,2015.0,72500.0,White,1991.0,Automatic,5.0,349000000.0,Petrol,10.0
Bmw,X5,2015.0,82500.0,White,2979.0,Automatic,5.0,329000000.0,Petrol,10.0
Mercedes,Benz,2014.0,67500.0,Grey,1595.0,Automatic,5.0,279000000.0,Petrol,11.0
Toyota,Alphard,2015.0,92500.0,White,2494.0,Automatic,7.0,469000000.0,Petrol,10.0
Porsche,Boxster,2013.0,22500.0,White,2706.0,Automatic,2.0,1095000000.0,Petrol,12.0
Toyota,Fortuner,2022.0,37500.0,White,2755.0,Automatic,7.0,449000000.0,Diesel,3.0
Jeep,Wrangler,2022.0,7500.0,Blue,2000.0,Automatic,5.0,1650000000.0,Petrol,3.0
Bmw,530I,2022.0,2500.0,Blue,1998.0,Automatic,5.0,1275000000.0,Petrol,3.0
Mini,Countryman,2022.0,7500.0,Green,1998.0,Automatic,5.0,650000000.0,Petrol,3.0
Mercedes,Benz,2014.0,82500.0,Grey,2996.0,Automatic,5.0,569000000.0,Petrol,11.0
Toyota,Vellfire,2013.0,112500.0,White,2362.0,Automatic,7.0,239000000.0,Petrol,12.0
Mini,Cooper,2023.0,7500.0,Yellow,1998.0,Automatic,4.0,895000000.0,Petrol,2.0
Bmw,X5,2024.0,7500.0,Black,2998.0,Automatic,5.0,1420000000.0,Petrol,1.0
Bmw,330I,2024.0,2500.0,Blue,1998.0,Automatic,5.0,895000000.0,Petrol,1.0
Toyota,Kijang,2022.0,47500.0,Black,2393.0,Automatic,8.0,329000000.0,Diesel,3.0
Mg,5,2023.0,32500.0,Grey,1498.0,Automatic,5.0,243000000.0,Petrol,2.0
Toyota,Agya,2022.0,27500.0,Grey,1197.0,Manual,5.0,129000000.0,Petrol,3.0
Honda,Br,2022.0,22500.0,White,1498.0,Automatic,7.0,218000000.0,Petrol,3.0
Mitsubishi,Pajero,2018.0,57500.0,White,2442.0,Automatic,7.0,349000000.0,Diesel,7.0
Toyota,Voxy,2022.0,37500.0,Black,1986.0,Automatic,7.0,412000000.0,Petrol,3.0
Honda,Brio,2021.0,37500.0,White,1199.0,Automatic,5.0,145000000.0,Petrol,4.0
Wuling,Almaz,2021.0,46000.0,Red,1451.0,Automatic,7.0,195000000.0,Petrol,4.0
Honda,Hr,2021.0,77500.0,Grey,1497.0,Automatic,5.0,229000000.0,Petrol,4.0
Toyota,Corolla,2020.0,57500.0,Red,1798.0,Automatic,5.0,260000000.0,Petrol,5.0
Volkswagen,Tiguan,2014.0,107500.0,Brown,1390.0,Automatic,5.0,145000000.0,Petrol,11.0
Toyota,Alphard,2018.0,57500.0,Black,2494.0,Automatic,7.0,668000000.0,Petrol,7.0
Mercedes,Benz,2018.0,42500.0,Black,2999.0,Automatic,5.0,989000000.0,Petrol,7.0
Bmw,320I,2018.0,32500.0,Black,1995.0,Automatic,5.0,347000000.0,Petrol,7.0
Mercedes,Benz,2019.0,22500.0,Black,1991.0,Automatic,5.0,514000000.0,Petrol,6.0
Mercedes,Benz,2015.0,27500.0,White,2996.0,Automatic,4.0,538000000.0,Petrol,10.0
Nissan,Juke,2012.0,147500.0,White,1498.0,Automatic,5.0,115000000.0,Petrol,13.0
Honda,Hr,2023.0,22500.0,Brown,1498.0,Automatic,5.0,325000000.0,Petrol,2.0
Honda,Brio,2014.0,127500.0,Silver,1198.0,Automatic,5.0,89000000.0,Petrol,11.0
Hyundai,Palisade,2023.0,7500.0,Black,2199.0,Automatic,7.0,799000000.0,Diesel,2.0
Honda,Br,2022.0,27500.0,White,1498.0,Automatic,7.0,219000000.0,Petrol,3.0
Chevrolet,Trax,2017.0,87500.0,White,1399.0,Automatic,5.0,139000000.0,Petrol,8.0
Honda,Cr,2015.0,92500.0,Black,2354.0,Automatic,5.0,199000000.0,Petrol,10.0
Toyota,Kijang,2018.0,52500.0,White,1998.0,Automatic,7.0,279000000.0,Petrol,7.0
Bmw,520I,2017.0,32500.0,Black,1997.0,Automatic,5.0,368000000.0,Petrol,8.0
Toyota,Alphard,2013.0,92500.0,White,2362.0,Automatic,7.0,169000000.0,Petrol,12.0
Mercedes,Benz,2016.0,52500.0,White,2996.0,Automatic,5.0,415000000.0,Petrol,9.0
Mercedes,Benz,2017.0,32500.0,Black,3000.0,Automatic,5.0,499000000.0,Petrol,8.0
Lexus,Rx,2016.0,52500.0,Black,1998.0,Automatic,5.0,525000000.0,Petrol,9.0
Suzuki,Ertiga,2024.0,12500.0,White,1462.0,Automatic,7.0,225000000.0,Hybrid,1.0
Wuling,Almaz,2024.0,7500.0,Grey,1451.0,Automatic,7.0,238000000.0,Petrol,1.0
Toyota,Alphard,2024.0,2500.0,Black,2500.0,Automatic,7.0,1395000000.0,Petrol,1.0
Suzuki,Apv,2017.0,72500.0,White,1500.0,Manual,2.0,80000000.0,Petrol,8.0
Bmw,X5,2023.0,11000.0,Black,2998.0,Automatic,5.0,1195000000.0,Petrol,2.0
Toyota,Voxy,2023.0,32500.0,White,1986.0,Automatic,7.0,449000000.0,Petrol,2.0
Mercedes,Benz,2016.0,62500.0,Black,1991.0,Automatic,5.0,399000000.0,Petrol,9.0
Toyota,Corolla,2015.0,97500.0,Black,1798.0,Automatic,5.0,169000000.0,Petrol,10.0
Toyota,Fortuner,2012.0,122500.0,Grey,2694.0,Automatic,7.0,189000000.0,Petrol,13.0
Toyota,Avanza,2015.0,97500.0,White,1329.0,Automatic,7.0,138000000.0,Petrol,10.0
Toyota,Avanza,2016.0,57500.0,Black,1329.0,Automatic,7.0,130000000.0,Petrol,9.0
Mercedes,Benz,2009.0,142500.0,Black,1796.0,Automatic,5.0,119000000.0,Petrol,16.0
Mitsubishi,Xpander,2020.0,97500.0,Grey,1499.0,Automatic,7.0,200000000.0,Petrol,5.0
Nissan,Grand,2013.0,137500.0,Black,1498.0,Automatic,7.0,82000000.0,Petrol,12.0
Mercedes,Benz,2011.0,72500.0,Black,1796.0,Automatic,5.0,144000000.0,Petrol,14.0
Toyota,Camry,2013.0,82500.0,Black,2494.0,Automatic,5.0,145000000.0,Petrol,12.0
Lexus,Rx,2012.0,112500.0,Black,2672.0,Automatic,5.0,229000000.0,Petrol,13.0
Audi,A4,2015.0,97500.0,Grey,1798.0,Automatic,5.0,189000000.0,Petrol,10.0
Mercedes,Benz,2014.0,62500.0,Grey,2996.0,Automatic,5.0,529000000.0,Petrol,11.0
Honda,Odyssey,2014.0,112500.0,Black,2354.0,Automatic,7.0,189000000.0,Petrol,11.0
Lexus,Lx,2012.0,112500.0,White,5663.0,Automatic,8.0,599000000.0,Petrol,13.0
Mercedes,Benz,2015.0,72500.0,White,1991.0,Automatic,5.0,349000000.0,Petrol,10.0
Mitsubishi,Pajero,2010.0,132500.0,Black,2477.0,Automatic,7.0,189000000.0,Diesel,15.0
Lexus,Nx,2016.0,82500.0,Grey,1998.0,Automatic,5.0,399000000.0,Petrol,9.0
Bmw,X5,2015.0,82500.0,White,2979.0,Automatic,5.0,329000000.0,Petrol,10.0
Volkswagen,Polo,2012.0,122500.0,White,1390.0,Automatic,5.0,99000000.0,Petrol,13.0
Mercedes,Benz,2010.0,92500.0,Black,1796.0,Automatic,5.0,139000000.0,Petrol,15.0
Hyundai,Santa,2017.0,82500.0,Black,2359.0,Automatic,7.0,219000000.0,Petrol,8.0
Bmw,X3,2013.0,92500.0,White,1997.0,Automatic,5.0,229000000.0,Petrol,12.0
Land,Rover,2007.0,92500.0,Orange,2179.0,Automatic,5.0,199000000.0,Diesel,18.0
Bmw,X1,2013.0,62500.0,Brown,1995.0,Automatic,5.0,179000000.0,Petrol,12.0
Mazda,6,2014.0,132500.0,White,2488.0,Automatic,5.0,199000000.0,Petrol,11.0
Hyundai,Santa,2018.0,77500.0,Grey,2199.0,Automatic,7.0,339000000.0,Diesel,7.0
Ford,Everest,2008.0,132500.0,Silver,2499.0,Automatic,7.0,119000000.0,Diesel,17.0
Dodge,Journey,2012.0,142500.0,Red,2360.0,Automatic,7.0,139000000.0,Petrol,13.0
Bmw,730Li,2010.0,92500.0,Black,2996.0,Automatic,5.0,179000000.0,Petrol,15.0
Toyota,Alphard,2019.0,62500.0,White,2494.0,Automatic,7.0,669000000.0,Petrol,6.0
Toyota,Kijang,2023.0,32500.0,White,1998.0,Automatic,7.0,449000000.0,Hybrid,2.0
Mercedes,Benz,2017.0,97500.0,Black,1991.0,Automatic,7.0,339000000.0,Petrol,8.0
Mercedes,Benz,2016.0,67500.0,Black,1991.0,Automatic,5.0,399000000.0,Petrol,9.0
Mercedes,Benz,2011.0,57500.0,Black,3498.0,Automatic,5.0,349000000.0,Petrol,14.0
Lexus,Rx,2009.0,92500.0,Brown,3456.0,Automatic,5.0,189000000.0,Petrol,16.0
Land,Rover,2012.0,52500.0,White,1999.0,Automatic,5.0,319000000.0,Petrol,13.0
Jaguar,X,2004.0,62500.0,Green,2099.0,Automatic,5.0,89000000.0,Petrol,21.0
Honda,Civic,2016.0,52500.0,Grey,1498.0,Automatic,5.0,269000000.0,Petrol,9.0
Audi,A6,2014.0,142500.0,Black,1984.0,Automatic,5.0,179000000.0,Petrol,11.0
Nissan,X,2009.0,97500.0,Red,1997.0,Automatic,7.0,89000000.0,Petrol,16.0
Nissan,Teana,2011.0,97500.0,White,2496.0,Automatic,5.0,99000000.0,Petrol,14.0
Mitsubishi,Xpander,2018.0,122500.0,Silver,1499.0,Automatic,7.0,189000000.0,Petrol,7.0
Mercedes,Benz,2011.0,72500.0,Black,2996.0,Automatic,5.0,219000000.0,Petrol,14.0
Mercedes,Benz,2016.0,67500.0,Black,1991.0,Automatic,5.0,399000000.0,Petrol,9.0
Bmw,X1,2012.0,97500.0,Black,1995.0,Automatic,5.0,169000000.0,Petrol,13.0
Mazda,Cx,2012.0,132500.0,Black,3726.0,Automatic,7.0,179000000.0,Petrol,13.0
Toyota,Crown,2009.0,142500.0,Black,2995.0,Automatic,5.0,249000000.0,Petrol,16.0
Nissan,X,2009.0,142500.0,Silver,2488.0,Automatic,7.0,89000000.0,Petrol,16.0
Toyota,Yaris,2016.0,97500.0,White,1497.0,Automatic,5.0,139000000.0,Petrol,9.0
Toyota,Vellfire,2015.0,82500.0,Black,2494.0,Automatic,7.0,549000000.0,Petrol,10.0
Mazda,Cx,2010.0,132500.0,Black,3726.0,Automatic,7.0,139000000.0,Petrol,15.0
Mercedes,Benz,2010.0,142500.0,Black,1699.0,Automatic,5.0,119000000.0,Petrol,15.0
Land,Rover,2011.0,72500.0,Silver,1999.0,Automatic,5.0,299000000.0,Petrol,14.0
Bmw,320D,2015.0,67500.0,Grey,1995.0,Automatic,5.0,269000000.0,Diesel,10.0
Toyota,Alphard,2013.0,122500.0,Black,2362.0,Automatic,7.0,269000000.0,Petrol,12.0
Toyota,Alphard,2007.0,147500.0,Black,2362.0,Automatic,7.0,139000000.0,Petrol,18.0
Nissan,Grand,2007.0,132500.0,Grey,1498.0,Automatic,7.0,69000000.0,Petrol,18.0
Mercedes,Benz,2009.0,142500.0,Black,2996.0,Automatic,7.0,189000000.0,Petrol,16.0
Mercedes,Benz,2017.0,82500.0,Black,1991.0,Automatic,7.0,389000000.0,Petrol,8.0
Mercedes,Benz,2014.0,97500.0,Grey,1595.0,Automatic,5.0,279000000.0,Petrol,11.0
Mercedes,Benz,2010.0,77500.0,Brown,2996.0,Automatic,5.0,219000000.0,Petrol,15.0
Land,Rover,2014.0,62500.0,White,2995.0,Automatic,5.0,739000000.0,Petrol,11.0
Land,Rover,2012.0,52500.0,Black,1999.0,Automatic,5.0,249000000.0,Petrol,13.0
Hyundai,Palisade,2021.0,72500.0,Black,2199.0,Automatic,7.0,599000000.0,Diesel,4.0
Bmw,X1,2017.0,72500.0,White,1499.0,Automatic,5.0,299000000.0,Petrol,8.0
Mercedes,Benz,2019.0,12500.0,Black,2999.0,Automatic,7.0,1050000000.0,Petrol,6.0
Mercedes,Benz,2018.0,32500.0,White,2999.0,Automatic,5.0,765000000.0,Petrol,7.0
Daihatsu,Gran,2018.0,82500.0,Silver,1298.0,Manual,9.0,95000000.0,Petrol,7.0
Mercedes,Benz,2016.0,17500.0,White,1596.0,Automatic,5.0,399000000.0,Petrol,9.0
Mercedes,Benz,2011.0,12500.0,Black,5439.0,Automatic,5.0,2500000000.0,Petrol,14.0
Bmw,330I,2024.0,7500.0,Blue,1998.0,Automatic,5.0,895000000.0,Petrol,1.0
Mercedes,Benz,2016.0,47500.0,White,2996.0,Automatic,5.0,415000000.0,Petrol,9.0
Toyota,Vellfire,2013.0,107500.0,White,2362.0,Automatic,7.0,347000000.0,Petrol,12.0
Mercedes,Benz,2008.0,52500.0,Black,3498.0,Automatic,5.0,350000000.0,Petrol,17.0
Mercedes,Benz,2017.0,17500.0,Black,3000.0,Automatic,5.0,499000000.0,Petrol,8.0
Mercedes,Benz,2018.0,12500.0,Black,2996.0,Automatic,5.0,545000000.0,Petrol,7.0
Mercedes,Benz,2018.0,12500.0,Black,2999.0,Automatic,5.0,795000000.0,Petrol,7.0
Lexus,Lm,2024.0,17500.0,Black,2487.0,Automatic,4.0,2250000000.0,Hybrid,1.0
Toyota,Alphard,2023.0,12500.0,Black,2500.0,Automatic,7.0,1395000000.0,Hybrid,2.0
Mercedes,Benz,2019.0,7500.0,Black,2999.0,Automatic,7.0,1050000000.0,Petrol,6.0
Lexus,Lx,2017.0,52500.0,Black,5663.0,Automatic,8.0,1425000000.0,Petrol,8.0
Daihatsu,Xenia,2022.0,47500.0,Silver,1329.0,Automatic,7.0,177500000.0,Petrol,3.0
Toyota,Alphard,2021.0,37500.0,Black,2494.0,Automatic,7.0,800000000.0,Petrol,4.0
Kia,Seltos,2020.0,42500.0,Grey,1353.0,Automatic,5.0,197000000.0,Petrol,5.0
Mitsubishi,Pajero,2018.0,102500.0,White,2442.0,Automatic,7.0,375000000.0,Diesel,7.0
Toyota,Calya,2020.0,77500.0,Grey,1197.0,Manual,7.0,115000000.0,Petrol,5.0
Mercedes,Benz,2022.0,37500.0,Black,1496.0,Automatic,5.0,599000000.0,Petrol,3.0
Hyundai,Creta,2022.0,22500.0,Black,1497.0,Automatic,5.0,265000000.0,Petrol,3.0
Toyota,Alphard,2022.0,7500.0,Black,2494.0,Automatic,7.0,875000000.0,Petrol,3.0
Toyota,Alphard,2023.0,7500.0,White,2494.0,Automatic,7.0,945000000.0,Petrol,2.0
Toyota,Fortuner,2007.0,177500.0,Black,2691.0,Automatic,7.0,135000000.0,Petrol,18.0
Mercedes,Benz,2018.0,22500.0,Black,2999.0,Automatic,5.0,925000000.0,Petrol,7.0
Honda,Civic,2021.0,77500.0,Red,1498.0,Automatic,5.0,295000000.0,Petrol,4.0
Hyundai,Palisade,2021.0,27500.0,Black,2199.0,Automatic,7.0,595000000.0,Diesel,4.0
Hyundai,Stargazer,2023.0,2500.0,Grey,1497.0,Automatic,7.0,209000000.0,Petrol,2.0
Hyundai,Santa,2024.0,12500.0,White,2151.0,Automatic,7.0,525000000.0,Diesel,1.0
Hyundai,Stargazer,2022.0,22500.0,Grey,1497.0,Automatic,7.0,228000000.0,Petrol,3.0
Bmw,X1,2024.0,2500.0,White,1499.0,Automatic,5.0,750000000.0,Petrol,1.0
Toyota,Kijang,2020.0,52500.0,Black,1998.0,Automatic,7.0,305000000.0,Petrol,5.0
Honda,Freed,2015.0,97500.0,Silver,1497.0,Automatic,7.0,151000000.0,Petrol,10.0
Toyota,Fortuner,2021.0,32500.0,White,2694.0,Automatic,7.0,405000000.0,Petrol,4.0
Toyota,Corolla,2012.0,122500.0,Black,1987.0,Automatic,5.0,125000000.0,Petrol,13.0
Toyota,Alphard,2018.0,62500.0,White,2494.0,Automatic,7.0,649000000.0,Petrol,7.0
Daihatsu,Sigra,2019.0,42500.0,Red,1197.0,Automatic,7.0,110000000.0,Petrol,6.0
Mercedes,Benz,2024.0,2500.0,White,1999.0,Automatic,7.0,1180000000.0,Petrol,1.0
Bmw,X5,2023.0,2500.0,Black,2998.0,Automatic,5.0,1215000000.0,Petrol,2.0
Mercedes,Benz,2021.0,27500.0,Black,1991.0,Automatic,7.0,735000000.0,Petrol,4.0
Mercedes,Benz,2020.0,17500.0,Black,1991.0,Automatic,7.0,695000000.0,Petrol,5.0
Hyundai,Stargazer,2023.0,2500.0,Silver,1497.0,Automatic,7.0,273000000.0,Petrol,2.0
Suzuki,Ertiga,2020.0,77500.0,Black,1462.0,Manual,7.0,168000000.0,Petrol,5.0
Suzuki,Grand,2010.0,142500.0,Grey,1995.0,Manual,5.0,105000000.0,Petrol,15.0
Mitsubishi,Pajero,2016.0,107500.0,White,2477.0,Automatic,7.0,300000000.0,Diesel,9.0
Toyota,Fortuner,2013.0,132500.0,Black,2494.0,Automatic,7.0,238000000.0,Diesel,12.0
Toyota,Avanza,2018.0,82500.0,Brown,1329.0,Automatic,7.0,122500000.0,Petrol,7.0
Mitsubishi,Pajero,2021.0,27500.0,Black,2442.0,Automatic,7.0,545000000.0,Diesel,4.0
Nissan,Livina,2013.0,132500.0,Blue,1498.0,Automatic,5.0,105000000.0,Petrol,12.0
Honda,Freed,2014.0,112500.0,Grey,1497.0,Automatic,7.0,138000000.0,Petrol,11.0
Nissan,X,2016.0,112500.0,Black,2488.0,Automatic,7.0,158000000.0,Petrol,9.0
Honda,Cr,2020.0,77500.0,Black,1498.0,Automatic,5.0,345000000.0,Petrol,5.0
Toyota,Camry,2018.0,82500.0,Black,2494.0,Automatic,5.0,225000000.0,Petrol,7.0
Honda,Cr,2019.0,87500.0,White,1498.0,Automatic,5.0,270000000.0,Petrol,6.0
Lexus,Rx,2017.0,77500.0,White,1998.0,Automatic,5.0,639000000.0,Petrol,8.0
Toyota,Voxy,2018.0,77500.0,Black,1986.0,Automatic,7.0,275000000.0,Petrol,7.0
Toyota,Alphard,2017.0,87500.0,White,2494.0,Automatic,7.0,548000000.0,Petrol,8.0
Toyota,Yaris,2018.0,77500.0,Red,1496.0,Automatic,5.0,160000000.0,Petrol,7.0
Toyota,Kijang,2018.0,87500.0,Grey,1998.0,Automatic,7.0,275000000.0,Petrol,7.0
Honda,Hr,2016.0,87500.0,Silver,1497.0,Automatic,5.0,173000000.0,Petrol,9.0
Suzuki,Sx4,2009.0,147500.0,Black,1500.0,Automatic,5.0,78000000.0,Petrol,16.0
Toyota,Avanza,2014.0,112500.0,Silver,1298.0,Manual,7.0,101000000.0,Petrol,11.0
Hyundai,Creta,2022.0,37500.0,White,1497.0,Automatic,5.0,265000000.0,Petrol,3.0
Bmw,730Li,2017.0,37500.0,Black,1998.0,Automatic,5.0,460000000.0,Petrol,8.0
Jeep,Wrangler,2012.0,17500.0,Black,3604.0,Automatic,5.0,925000000.0,Petrol,13.0
Toyota,Alphard,2022.0,37500.0,Black,2494.0,Automatic,7.0,775000000.0,Petrol,3.0
Honda,Hr,2018.0,27000.0,Silver,1497.0,Automatic,5.0,219000000.0,Petrol,7.0
Toyota,Fortuner,2014.0,128000.0,Black,2494.0,Automatic,7.0,259000000.0,Diesel,11.0
Toyota,Kijang,2018.0,90000.0,Black,2393.0,Automatic,8.0,305000000.0,Diesel,7.0
Honda,City,2022.0,42500.0,Grey,1498.0,Automatic,5.0,215000000.0,Petrol,3.0
Lexus,Es,2018.0,32500.0,Black,2487.0,Automatic,5.0,575000000.0,Hybrid,7.0
Toyota,Yaris,2012.0,87500.0,Black,1497.0,Automatic,5.0,113000000.0,Petrol,13.0
Bmw,X5,2022.0,27500.0,Grey,2998.0,Automatic,5.0,985000000.0,Petrol,3.0
Toyota,Alphard,2016.0,112500.0,Black,2494.0,Automatic,7.0,499000000.0,Petrol,9.0
Toyota,Alphard,2022.0,27500.0,White,2494.0,Automatic,7.0,813000000.0,Petrol,3.0
Toyota,Vellfire,2019.0,82500.0,Black,2494.0,Automatic,7.0,720000000.0,Petrol,6.0
Toyota,Vellfire,2017.0,87500.0,Black,2494.0,Automatic,7.0,575000000.0,Petrol,8.0
Honda,Brio,2021.0,62500.0,White,1199.0,Automatic,5.0,135000000.0,Petrol,4.0
Wuling,Cortez,2021.0,72500.0,Yellow,1451.0,Automatic,7.0,143000000.0,Petrol,4.0
Chery,Omoda,2023.0,22500.0,White,1498.0,Automatic,5.0,245000000.0,Petrol,2.0
Toyota,Kijang,2016.0,82500.0,Brown,1998.0,Automatic,8.0,195000000.0,Petrol,9.0
Bmw,730Li,2010.0,47500.0,Black,2996.0,Automatic,5.0,149000000.0,Petrol,15.0
Bmw,320I,2024.0,2500.0,Black,1995.0,Automatic,5.0,815000000.0,Petrol,1.0
Daihatsu,Sigra,2023.0,27500.0,Black,1197.0,Automatic,7.0,130000000.0,Petrol,2.0
Toyota,Kijang,2022.0,17500.0,Black,1998.0,Automatic,7.0,295000000.0,Petrol,3.0
Honda,Cr,2013.0,137500.0,Black,2354.0,Automatic,5.0,145000000.0,Petrol,12.0
Toyota,Kijang,2022.0,42500.0,Grey,1998.0,Automatic,8.0,345000000.0,Petrol,3.0
Hyundai,Santa,2018.0,72500.0,White,2359.0,Automatic,7.0,235000000.0,Petrol,7.0
Suzuki,Ertiga,2017.0,112500.0,Grey,1248.0,Manual,7.0,128000000.0,Hybrid,8.0
Toyota,Yaris,2018.0,32500.0,Silver,1496.0,Manual,5.0,145000000.0,Petrol,7.0
Mercedes,Benz,2012.0,57500.0,Black,3498.0,Automatic,5.0,299000000.0,Petrol,13.0
Mercedes,Benz,2021.0,12500.0,White,1332.0,Automatic,7.0,575000000.0,Petrol,4.0
Mercedes,Benz,2023.0,2500.0,Black,1999.0,Automatic,7.0,1125000000.0,Petrol,2.0
Jeep,Wrangler,2011.0,37500.0,Black,3778.0,Automatic,4.0,625000000.0,Petrol,14.0
Mercedes,Benz,2016.0,27500.0,Black,1991.0,Automatic,4.0,625000000.0,Petrol,9.0
Mini,Cooper,2021.0,7500.0,Blue,1499.0,Automatic,5.0,535000000.0,Petrol,4.0
Mercedes,Benz,2018.0,12500.0,Black,1596.0,Automatic,5.0,450000000.0,Petrol,7.0
Mercedes,Benz,2015.0,22500.0,Black,2996.0,Automatic,5.0,565000000.0,Petrol,10.0
Mercedes,Benz,2015.0,17500.0,Black,2996.0,Automatic,5.0,575000000.0,Petrol,10.0
Land,Rover,2015.0,27500.0,White,2995.0,Automatic,5.0,1290000000.0,Petrol,10.0
Land,Rover,2013.0,12500.0,Black,5000.0,Automatic,5.0,1190000000.0,Petrol,12.0
Mercedes,Benz,2023.0,22500.0,Grey,1999.0,Automatic,5.0,750000000.0,Petrol,2.0
Mercedes,Benz,2023.0,2500.0,White,1999.0,Automatic,5.0,875000000.0,Petrol,2.0
Bmw,Z4,2022.0,2500.0,Black,1998.0,Automatic,2.0,1325000000.0,Petrol,3.0
Toyota,Alphard,2023.0,17500.0,White,2500.0,Automatic,7.0,1195000000.0,Petrol,2.0
Toyota,Land,2024.0,2500.0,Black,3346.0,Automatic,7.0,2275000000.0,Diesel,1.0
Mercedes,Benz,2018.0,22500.0,Black,2996.0,Automatic,5.0,545000000.0,Petrol,7.0
Wuling,Almaz,2021.0,72500.0,White,1451.0,Automatic,7.0,195000000.0,Petrol,4.0
Wuling,Almaz,2022.0,22500.0,Silver,1451.0,Automatic,7.0,184000000.0,Petrol,3.0
Mercedes,Benz,2018.0,27500.0,Black,2999.0,Automatic,5.0,795000000.0,Petrol,7.0
Toyota,Fortuner,2022.0,42500.0,White,2755.0,Automatic,7.0,449000000.0,Diesel,3.0
Mercedes,Benz,2016.0,32500.0,Grey,1595.0,Automatic,5.0,280000000.0,Petrol,9.0
Kia,Seltos,2020.0,42500.0,Blue,1353.0,Automatic,5.0,185000000.0,Diesel,5.0
Bmw,740Li,2019.0,17500.0,Grey,2998.0,Automatic,5.0,850000000.0,Petrol,6.0
Toyota,Kijang,2025.0,2500.0,White,2393.0,Automatic,8.0,390000000.0,Diesel,0.0
Toyota,Land,2024.0,12500.0,Black,3346.0,Automatic,5.0,2100000000.0,Diesel,1.0
Toyota,Alphard,2019.0,42500.0,Black,2494.0,Automatic,7.0,615000000.0,Petrol,6.0
Honda,Hr,2022.0,32500.0,Black,1498.0,Automatic,5.0,345000000.0,Petrol,3.0
Suzuki,Splash,2012.0,47500.0,Black,1197.0,Manual,5.0,79000000.0,Petrol,13.0
Suzuki,Ertiga,2023.0,12500.0,White,1462.0,Automatic,7.0,235000000.0,Hybrid,2.0
Mazda,2,2019.0,29000.0,White,1496.0,Automatic,5.0,205000000.0,Petrol,6.0
Hyundai,Palisade,2021.0,57500.0,White,2199.0,Automatic,7.0,575000000.0,Diesel,4.0
Honda,Hr,2015.0,57500.0,Red,1799.0,Automatic,5.0,205000000.0,Petrol,10.0
Toyota,Rush,2019.0,77500.0,Black,1495.0,Automatic,7.0,185000000.0,Petrol,6.0
Nissan,Serena,2015.0,92500.0,Silver,1997.0,Automatic,7.0,170000000.0,Petrol,10.0
Toyota,Fortuner,2018.0,82500.0,Brown,2393.0,Automatic,7.0,375000000.0,Diesel,7.0
Mercedes,Benz,2023.0,7500.0,Black,2999.0,Automatic,7.0,1620000000.0,Petrol,2.0
Hyundai,Stargazer,2023.0,2500.0,Grey,1497.0,Automatic,7.0,273000000.0,Petrol,2.0
Mercedes,Benz,2022.0,27500.0,Black,2999.0,Automatic,7.0,1075000000.0,Petrol,3.0
Bmw,X3,2013.0,42500.0,White,1997.0,Automatic,5.0,235000000.0,Petrol,12.0
Mercedes,Benz,2024.0,2500.0,Black,1999.0,Automatic,5.0,1250000000.0,Petrol,1.0
Nissan,Serena,2015.0,102500.0,Silver,1997.0,Automatic,7.0,145000000.0,Petrol,10.0
Toyota,Kijang,2021.0,77500.0,Black,1998.0,Automatic,8.0,278000000.0,Petrol,4.0
Toyota,Kijang,2019.0,77500.0,White,1998.0,Automatic,8.0,229000000.0,Petrol,6.0
Mitsubishi,Pajero,2018.0,87500.0,Brown,2442.0,Automatic,7.0,375000000.0,Diesel,7.0
Honda,Br,2022.0,42500.0,White,1498.0,Automatic,7.0,208000000.0,Petrol,3.0
Mercedes,Benz,2017.0,27500.0,Grey,1991.0,Automatic,5.0,399000000.0,Petrol,8.0
Hyundai,Santa,2021.0,7500.0,Black,2497.0,Automatic,7.0,395000000.0,Petrol,4.0
Toyota,Kijang,2017.0,62500.0,White,1998.0,Automatic,7.0,254000000.0,Petrol,8.0
Suzuki,Sx4,2018.0,72500.0,Grey,1500.0,Automatic,5.0,155000000.0,Petrol,7.0
Toyota,Yaris,2015.0,47500.0,White,1497.0,Automatic,5.0,169000000.0,Petrol,10.0
Toyota,Kijang,2020.0,82500.0,Silver,1998.0,Manual,8.0,235000000.0,Petrol,5.0
Nissan,Serena,2019.0,77500.0,White,1997.0,Automatic,7.0,250000000.0,Petrol,6.0
Lexus,Lx,2011.0,97500.0,White,5663.0,Automatic,8.0,627000000.0,Petrol,14.0
Hyundai,Palisade,2023.0,12500.0,Blue,2199.0,Automatic,7.0,757000000.0,Diesel,2.0
Mercedes,Benz,2010.0,72500.0,Black,1796.0,Automatic,5.0,145000000.0,Petrol,15.0
Toyota,Camry,2020.0,7500.0,Black,2494.0,Automatic,5.0,365000000.0,Petrol,5.0
Mazda,2,2022.0,12500.0,Red,1496.0,Automatic,5.0,222000000.0,Petrol,3.0
Hyundai,Stargazer,2024.0,7500.0,White,1497.0,Automatic,7.0,200000000.0,Petrol,1.0
Toyota,Fortuner,2016.0,112500.0,Black,2694.0,Automatic,7.0,285000000.0,Petrol,9.0
Mazda,Cx,2015.0,122500.0,White,2488.0,Automatic,5.0,195000000.0,Petrol,10.0
Mercedes,Benz,2023.0,37500.0,Grey,1999.0,Automatic,5.0,750000000.0,Petrol,2.0
Toyota,Fortuner,2018.0,72500.0,White,2393.0,Automatic,7.0,325000000.0,Diesel,7.0
Toyota,Sienta,2016.0,52500.0,White,1497.0,Automatic,7.0,175000000.0,Petrol,9.0
Toyota,Corolla,2020.0,72500.0,Black,1798.0,Automatic,5.0,260000000.0,Petrol,5.0
Toyota,Alphard,2021.0,67500.0,White,2494.0,Automatic,7.0,795000000.0,Petrol,4.0
Lexus,Rx,2024.0,7500.0,Grey,2500.0,Automatic,5.0,1425000000.0,Hybrid,1.0
Mercedes,Benz,2022.0,12500.0,Black,2999.0,Automatic,5.0,1775000000.0,Petrol,3.0
Mercedes,Benz,2023.0,7500.0,Black,1332.0,Automatic,7.0,630000000.0,Petrol,2.0
Mazda,3,2021.0,12500.0,Grey,1998.0,Automatic,5.0,366000000.0,Petrol,4.0
Toyota,Alphard,2021.0,17500.0,Black,2494.0,Automatic,7.0,782000000.0,Petrol,4.0
Mitsubishi,Pajero,2022.0,12500.0,Black,2442.0,Automatic,7.0,595000000.0,Diesel,3.0
Hyundai,Stargazer,2023.0,27500.0,White,1497.0,Automatic,7.0,179000000.0,Petrol,2.0
Hyundai,Creta,2022.0,37500.0,Red,1497.0,Automatic,5.0,215000000.0,Petrol,3.0
Bmw,X7,2024.0,2500.0,Black,2998.0,Automatic,7.0,1999000000.0,Petrol,1.0
Mercedes,Benz,2019.0,22500.0,Black,2999.0,Automatic,5.0,995000000.0,Petrol,6.0
Toyota,Alphard,2024.0,2500.0,White,2500.0,Automatic,7.0,1450000000.0,Hybrid,1.0
Toyota,Kijang,2024.0,22500.0,White,1987.0,Automatic,8.0,460000000.0,Hybrid,1.0
Toyota,Rush,2022.0,82500.0,Black,1496.0,Manual,7.0,212000000.0,Petrol,3.0
Toyota,Kijang,2022.0,27500.0,White,1998.0,Automatic,7.0,480000000.0,Hybrid,3.0
Wuling,Almaz,2021.0,47500.0,Maroon,1451.0,Automatic,7.0,195000000.0,Petrol,4.0
Mercedes,Benz,2020.0,7500.0,Black,1991.0,Automatic,5.0,995000000.0,Petrol,5.0
Toyota,Fortuner,2022.0,67500.0,White,2393.0,Automatic,7.0,438000000.0,Diesel,3.0
Toyota,Vellfire,2015.0,52500.0,White,2493.0,Automatic,7.0,695000000.0,Petrol,10.0
Jeep,Wrangler,2020.0,27500.0,Grey,1995.0,Automatic,4.0,1725000000.0,Petrol,5.0
Bmw,328I,2014.0,49000.0,Black,1997.0,Automatic,5.0,255000000.0,Petrol,11.0
Toyota,Land,2019.0,37500.0,Black,4461.0,Automatic,8.0,1725000000.0,Diesel,6.0
Hyundai,Stargazer,2024.0,27500.0,White,1497.0,Automatic,7.0,195000000.0,Petrol,1.0
Mercedes,Benz,2022.0,17500.0,Grey,1332.0,Automatic,7.0,575000000.0,Petrol,3.0
Honda,Cr,2019.0,97500.0,Black,1993.0,Automatic,5.0,255000000.0,Petrol,6.0
Toyota,Rush,2021.0,52500.0,Black,1496.0,Automatic,7.0,190000000.0,Petrol,4.0
Honda,Cr,2014.0,107500.0,Black,1997.0,Automatic,5.0,135000000.0,Petrol,11.0
Honda,Cr,2022.0,47500.0,Black,1498.0,Automatic,5.0,411000000.0,Petrol,3.0
Mercedes,Benz,2017.0,7500.0,Black,1991.0,Automatic,5.0,321000000.0,Petrol,8.0
Land,Rover,2014.0,27500.0,Black,2995.0,Automatic,5.0,775000000.0,Petrol,11.0
Daihatsu,Gran,2021.0,17500.0,White,1298.0,Manual,3.0,105000000.0,Petrol,4.0
Toyota,Kijang,2022.0,17500.0,White,1998.0,Automatic,8.0,295000000.0,Petrol,3.0
Bmw,X4,2023.0,2500.0,Yellow,2993.0,Automatic,5.0,1595000000.0,Petrol,2.0
Mercedes,Benz,2012.0,12500.0,White,1796.0,Automatic,2.0,560000000.0,Petrol,13.0
Hyundai,Palisade,2022.0,72500.0,Black,2199.0,Automatic,7.0,625000000.0,Diesel,3.0
Mercedes,Benz,2018.0,12500.0,Black,2999.0,Automatic,5.0,925000000.0,Petrol,7.0
Mercedes,Benz,2019.0,12500.0,Black,2999.0,Automatic,5.0,995000000.0,Petrol,6.0
Bmw,X5,2015.0,42500.0,Black,2979.0,Automatic,5.0,335000000.0,Petrol,10.0
Mazda,Cx,2022.0,47500.0,Black,2488.0,Automatic,7.0,580000000.0,Petrol,3.0
Honda,Cr,2024.0,12500.0,Red,1993.0,Automatic,5.0,642000000.0,Hybrid,1.0
Mazda,Cx,2023.0,17500.0,White,3283.0,Automatic,5.0,670000000.0,Hybrid,2.0
Honda,Brio,2015.0,87500.0,Grey,1198.0,Automatic,5.0,99000000.0,Petrol,10.0
Audi,Q8,2019.0,17500.0,Black,2995.0,Automatic,5.0,1250000000.0,Petrol,6.0
Mercedes,Benz,2020.0,22500.0,Black,2999.0,Automatic,7.0,1050000000.0,Petrol,5.0
Bmw,X1,2017.0,27500.0,White,1499.0,Automatic,5.0,299000000.0,Petrol,8.0
Mitsubishi,Pajero,2021.0,52500.0,White,2442.0,Automatic,7.0,480000000.0,Diesel,4.0
Toyota,Yaris,2014.0,117500.0,White,1497.0,Automatic,5.0,122000000.0,Petrol,11.0
Porsche,Macan,2014.0,37500.0,White,1984.0,Automatic,5.0,520000000.0,Petrol,11.0
Toyota,Alphard,2022.0,22500.0,Black,2494.0,Automatic,7.0,850000000.0,Petrol,3.0
Honda,City,2023.0,12500.0,Black,1498.0,Automatic,5.0,245000000.0,Petrol,2.0
Lexus,Lm,2023.0,37500.0,Black,2487.0,Automatic,7.0,1650000000.0,Hybrid,2.0
Mercedes,Benz,2017.0,92500.0,Silver,1991.0,Automatic,5.0,350000000.0,Petrol,8.0
Mercedes,Benz,2012.0,87500.0,Black,2996.0,Automatic,5.0,289000000.0,Petrol,13.0
Honda,Hr,2018.0,102500.0,Black,1799.0,Automatic,5.0,230000000.0,Petrol,7.0
Jeep,Grand,2012.0,17500.0,Black,5654.0,Automatic,5.0,365000000.0,Petrol,13.0
Honda,Civic,2018.0,47500.0,White,1498.0,Automatic,5.0,299000000.0,Petrol,7.0
Mercedes,Benz,2022.0,17500.0,White,2999.0,Automatic,7.0,1050000000.0,Petrol,3.0
Toyota,Land,2024.0,7500.0,Black,3346.0,Automatic,5.0,2150000000.0,Diesel,1.0
Bmw,530I,2018.0,22500.0,Black,1998.0,Automatic,5.0,485000000.0,Petrol,7.0
Mercedes,Benz,2023.0,12500.0,Black,1332.0,Automatic,5.0,565000000.0,Petrol,2.0
Lexus,Lm,2023.0,32500.0,Black,2487.0,Automatic,7.0,1650000000.0,Hybrid,2.0
Ford,Mustang,2022.0,2500.0,Blue,2261.0,Automatic,4.0,1250000000.0,Petrol,3.0
Toyota,Vellfire,2019.0,57500.0,White,2494.0,Automatic,7.0,600000000.0,Petrol,6.0
Mercedes,Benz,2022.0,22500.0,Black,2999.0,Automatic,7.0,1025000000.0,Petrol,3.0
Toyota,Alphard,2020.0,67500.0,Black,2494.0,Automatic,7.0,625000000.0,Petrol,5.0
Bmw,X5,2018.0,27500.0,Black,2979.0,Automatic,5.0,525000000.0,Petrol,7.0
Honda,Cr,2022.0,37500.0,Black,1498.0,Automatic,5.0,460000000.0,Petrol,3.0
Mini,Cooper,2019.0,22500.0,Green,1499.0,Automatic,4.0,489000000.0,Petrol,6.0
Mitsubishi,Pajero,2021.0,32500.0,Black,2442.0,Automatic,7.0,455000000.0,Diesel,4.0
Chery,Omoda,2023.0,42500.0,Black,1498.0,Automatic,5.0,248000000.0,Petrol,2.0
Toyota,Kijang,2023.0,12500.0,Black,1998.0,Automatic,7.0,485000000.0,Petrol,2.0
Mercedes,Benz,2019.0,37500.0,Black,1991.0,Automatic,7.0,611000000.0,Petrol,6.0
Toyota,Yaris,2022.0,12500.0,White,1495.0,Automatic,5.0,225000000.0,Petrol,3.0
Toyota,Agya,2018.0,82500.0,Black,1197.0,Automatic,5.0,115000000.0,Petrol,7.0
Toyota,Land,2000.0,187500.0,Brown,4163.0,Automatic,7.0,650000000.0,Diesel,25.0
Toyota,Fortuner,2016.0,132500.0,Black,2393.0,Automatic,7.0,340000000.0,Diesel,9.0
Honda,Hr,2021.0,87500.0,Grey,1497.0,Automatic,5.0,200000000.0,Petrol,4.0
Honda,Accord,2012.0,97500.0,White,2354.0,Automatic,5.0,128000000.0,Petrol,13.0
Toyota,Nav1,2013.0,102500.0,White,1987.0,Automatic,7.0,140000000.0,Petrol,12.0
Toyota,Alphard,2013.0,127500.0,Black,2362.0,Automatic,7.0,240000000.0,Petrol,12.0
Toyota,Yaris,2012.0,137500.0,Black,1497.0,Manual,5.0,105000000.0,Petrol,13.0
Daihatsu,Terios,2014.0,127500.0,Silver,1495.0,Manual,7.0,122500000.0,Petrol,11.0
Nissan,Serena,2013.0,77500.0,White,1997.0,Automatic,7.0,133000000.0,Petrol,12.0
Toyota,Yaris,2018.0,77500.0,Red,1496.0,Automatic,5.0,170000000.0,Petrol,7.0
Honda,Cr,2020.0,137500.0,White,1993.0,Automatic,5.0,250000000.0,Petrol,5.0
Mazda,Cx,2020.0,62500.0,White,1998.0,Automatic,5.0,305000000.0,Petrol,5.0
Lexus,Es,2021.0,12500.0,Grey,2487.0,Automatic,5.0,885000000.0,Hybrid,4.0
Mercedes,Benz,2021.0,4600.0,White,1991.0,Automatic,5.0,825000000.0,Petrol,4.0
Mercedes,Benz,2012.0,47500.0,Black,3498.0,Automatic,5.0,385000000.0,Petrol,13.0
Mercedes,Benz,2015.0,29000.0,Black,2143.0,Manual,14.0,990000000.0,Diesel,10.0
Mercedes,Benz,2013.0,18000.0,Silver,1796.0,Automatic,2.0,610000000.0,Petrol,12.0
Bmw,M4,2019.0,11000.0,Blue,2993.0,Automatic,4.0,1690000000.0,Petrol,6.0
Mitsubishi,Pajero,2017.0,112500.0,Silver,2442.0,Automatic,7.0,340000000.0,Diesel,8.0
Mini,Cooper,2021.0,14000.0,Silver,1998.0,Automatic,4.0,715000000.0,Petrol,4.0
Porsche,Boxster,2013.0,22500.0,Red,2706.0,Automatic,2.0,1250000000.0,Petrol,12.0
Mercedes,Benz,2015.0,32500.0,Black,2996.0,Automatic,5.0,575000000.0,Petrol,10.0
Jeep,Wrangler,2011.0,82500.0,Black,3778.0,Automatic,5.0,710000000.0,Petrol,14.0
Jaguar,Xf,2011.0,31000.0,Black,2967.0,Automatic,5.0,330000000.0,Petrol,14.0
Toyota,Land,2023.0,12500.0,Black,3346.0,Automatic,7.0,2250000000.0,Diesel,2.0
Mercedes,Benz,2018.0,24000.0,Black,2999.0,Automatic,5.0,975000000.0,Petrol,7.0
Hyundai,Stargazer,2022.0,67500.0,Grey,1497.0,Automatic,7.0,188000000.0,Petrol,3.0
Toyota,Alphard,2024.0,2500.0,White,2500.0,Automatic,7.0,1375000000.0,Petrol,1.0
Mercedes,Benz,2017.0,27500.0,White,1991.0,Automatic,5.0,468000000.0,Petrol,8.0
Toyota,Camry,2014.0,112500.0,White,2494.0,Automatic,5.0,168000000.0,Petrol,11.0
Honda,Brio,2019.0,62500.0,Black,1199.0,Automatic,5.0,141000000.0,Petrol,6.0
Lexus,Lx,2016.0,77500.0,White,5663.0,Automatic,8.0,1275000000.0,Petrol,9.0
Honda,Civic,2023.0,12500.0,Black,1498.0,Automatic,5.0,459000000.0,Petrol,2.0
Mercedes,Benz,2014.0,32500.0,White,2996.0,Automatic,4.0,555000000.0,Petrol,11.0
Hyundai,Stargazer,2024.0,2500.0,Red,1497.0,Automatic,7.0,239000000.0,Petrol,1.0
Mini,Countryman,2020.0,17500.0,Grey,1998.0,Automatic,5.0,580000000.0,Petrol,5.0
Honda,Cr,2022.0,17500.0,Black,1498.0,Automatic,5.0,455000000.0,Petrol,3.0
Lexus,Es,2021.0,32500.0,Grey,2487.0,Automatic,5.0,675000000.0,Hybrid,4.0
Honda,Cr,2024.0,2500.0,White,1993.0,Automatic,5.0,695000000.0,Hybrid,1.0
Toyota,Vellfire,2018.0,47500.0,Black,2494.0,Automatic,7.0,565000000.0,Petrol,7.0
Toyota,Veloz,2023.0,47500.0,Silver,1496.0,Automatic,7.0,245000000.0,Petrol,2.0
Mitsubishi,Pajero,2013.0,127500.0,Brown,2477.0,Automatic,7.0,225000000.0,Diesel,12.0
Toyota,Veloz,2022.0,17500.0,Black,1496.0,Automatic,7.0,227000000.0,Petrol,3.0
Toyota,Etios,2014.0,87500.0,Black,1197.0,Manual,5.0,87000000.0,Petrol,11.0
Honda,Jazz,2009.0,167500.0,Black,1497.0,Automatic,5.0,113000000.0,Petrol,16.0
Mazda,Cx,2020.0,62500.0,Red,2488.0,Automatic,5.0,338000000.0,Petrol,5.0
Toyota,Kijang,2019.0,82500.0,Black,1998.0,Automatic,8.0,258000000.0,Petrol,6.0
Toyota,Corolla,2016.0,112500.0,Black,1789.0,Automatic,5.0,175000000.0,Petrol,9.0
Hyundai,Santa,2023.0,17500.0,White,2151.0,Automatic,7.0,515000000.0,Diesel,2.0
Daihatsu,Rocky,2023.0,12500.0,Red,998.0,Automatic,5.0,195000000.0,Petrol,2.0
Toyota,Calya,2019.0,77500.0,Black,1197.0,Automatic,7.0,113500000.0,Petrol,6.0
Hyundai,Palisade,2021.0,62500.0,Blue,2199.0,Automatic,7.0,545000000.0,Diesel,4.0
Mitsubishi,Pajero,2021.0,32500.0,Grey,2442.0,Automatic,7.0,456000000.0,Diesel,4.0
Mitsubishi,Xpander,2023.0,22500.0,Black,1499.0,Automatic,7.0,239000000.0,Petrol,2.0
Toyota,Alphard,2021.0,12500.0,Black,2494.0,Automatic,7.0,850000000.0,Petrol,4.0
Toyota,Camry,2022.0,47500.0,Black,2487.0,Automatic,5.0,399000000.0,Petrol,3.0
Bmw,X3,2019.0,17500.0,White,1998.0,Automatic,5.0,475000000.0,Petrol,6.0
Hyundai,Palisade,2021.0,57500.0,Black,2199.0,Automatic,7.0,565000000.0,Diesel,4.0
Toyota,Alphard,2020.0,67500.0,Black,2494.0,Automatic,7.0,650000000.0,Petrol,5.0
Toyota,Fortuner,2022.0,57500.0,Black,2393.0,Automatic,7.0,485000000.0,Diesel,3.0
Toyota,Yaris,2023.0,22500.0,White,1495.0,Automatic,5.0,345000000.0,Petrol,2.0
Toyota,Veloz,2022.0,62500.0,White,1496.0,Automatic,7.0,240000000.0,Petrol,3.0
Toyota,Kijang,2024.0,42500.0,Black,1987.0,Automatic,8.0,450000000.0,Petrol,1.0
Daihatsu,Sigra,2016.0,227500.0,Grey,1197.0,Automatic,7.0,85000000.0,Petrol,9.0
Toyota,Corolla,2017.0,107500.0,Black,1798.0,Automatic,5.0,180000000.0,Petrol,8.0
Honda,Cr,2019.0,72500.0,Black,1498.0,Automatic,5.0,320000000.0,Petrol,6.0
Toyota,Kijang,2005.0,167500.0,Black,2694.0,Automatic,8.0,95000000.0,Petrol,20.0
Toyota,Voxy,2018.0,42500.0,White,1986.0,Automatic,7.0,275000000.0,Petrol,7.0
Toyota,Camry,2014.0,97500.0,White,2494.0,Automatic,5.0,178000000.0,Petrol,11.0
Bmw,530I,2018.0,22500.0,Black,1998.0,Automatic,5.0,499000000.0,Petrol,7.0
Mercedes,Benz,2011.0,22500.0,Black,1796.0,Automatic,2.0,535000000.0,Petrol,14.0
Honda,Hr,2024.0,2500.0,Grey,1498.0,Automatic,5.0,349000000.0,Petrol,1.0
Kia,Carens,2023.0,27500.0,Black,1497.0,Automatic,6.0,288000000.0,Petrol,2.0
Mercedes,Benz,2023.0,2500.0,Black,2999.0,Automatic,5.0,2350000000.0,Petrol,2.0
Toyota,Gr,2023.0,2500.0,Grey,2387.0,Manual,4.0,825000000.0,Petrol,2.0
Toyota,Alphard,2017.0,72500.0,White,2494.0,Automatic,7.0,599000000.0,Petrol,8.0
Toyota,Alphard,2020.0,17500.0,White,2494.0,Automatic,7.0,830000000.0,Petrol,5.0
Toyota,Alphard,2022.0,22500.0,White,2494.0,Automatic,7.0,1050000000.0,Petrol,3.0
Toyota,Camry,2017.0,47500.0,Black,2494.0,Automatic,5.0,255000000.0,Hybrid,8.0
Daihatsu,Ayla,2019.0,12500.0,White,998.0,Manual,5.0,105000000.0,Petrol,6.0
Daihatsu,Xenia,2020.0,72500.0,White,1329.0,Manual,7.0,140000000.0,Petrol,5.0
Suzuki,Ertiga,2019.0,47500.0,Black,1462.0,Automatic,7.0,205000000.0,Petrol,6.0
Audi,A4,2014.0,37500.0,Silver,1798.0,Automatic,5.0,215000000.0,Petrol,11.0
Mitsubishi,Outlander,2012.0,122500.0,White,1998.0,Automatic,5.0,138000000.0,Petrol,13.0
Honda,Mobilio,2019.0,72500.0,Grey,1496.0,Automatic,7.0,145000000.0,Petrol,6.0
Honda,Hr,2015.0,87500.0,White,1497.0,Automatic,5.0,175000000.0,Petrol,10.0
Toyota,Calya,2021.0,42500.0,Brown,1197.0,Automatic,7.0,144000000.0,Petrol,4.0
Honda,Brio,2021.0,22500.0,Yellow,1199.0,Automatic,5.0,168000000.0,Petrol,4.0
Toyota,Camry,2019.0,37500.0,Black,2487.0,Automatic,5.0,428000000.0,Hybrid,6.0
Toyota,Alphard,2015.0,67500.0,White,2494.0,Automatic,7.0,488000000.0,Petrol,10.0
Suzuki,Ertiga,2015.0,62500.0,Black,1373.0,Manual,7.0,140000000.0,Petrol,10.0
Toyota,Alphard,2020.0,52500.0,Black,2494.0,Automatic,7.0,885000000.0,Petrol,5.0
Honda,Civic,2017.0,22500.0,Maroon,1498.0,Automatic,5.0,390000000.0,Petrol,8.0
Mitsubishi,Pajero,2024.0,7500.0,Black,2442.0,Automatic,7.0,570000000.0,Diesel,1.0
Mercedes,Benz,2022.0,17500.0,Black,2999.0,Automatic,7.0,1550000000.0,Petrol,3.0
Mercedes,Benz,2018.0,12500.0,White,1991.0,Automatic,4.0,895000000.0,Petrol,7.0
Mercedes,Benz,2023.0,7500.0,Black,2999.0,Automatic,7.0,1775000000.0,Petrol,2.0
Lexus,Lx,2012.0,77500.0,Black,5663.0,Automatic,8.0,849000000.0,Petrol,13.0
Bmw,320I,2020.0,2500.0,Grey,1995.0,Automatic,5.0,975000000.0,Petrol,5.0
Toyota,Fortuner,2020.0,57500.0,White,2393.0,Automatic,7.0,469000000.0,Diesel,5.0
Toyota,Raize,2022.0,22500.0,Grey,998.0,Automatic,5.0,189000000.0,Petrol,3.0
Bmw,330I,2024.0,2500.0,Black,1998.0,Automatic,5.0,925000000.0,Petrol,1.0
Mitsubishi,Pajero,2017.0,42500.0,Black,2442.0,Automatic,7.0,375000000.0,Diesel,8.0
Lexus,Rx,2015.0,52500.0,Grey,1998.0,Automatic,5.0,425000000.0,Petrol,10.0
Land,Rover,2013.0,2500.0,Red,2198.0,Manual,5.0,2300000000.0,Diesel,12.0
Kia,Grand,2018.0,67500.0,Red,2199.0,Automatic,8.0,299000000.0,Diesel,7.0
Subaru,Wrx,2023.0,2500.0,Blue,2387.0,Manual,5.0,675000000.0,Petrol,2.0
Land,Rover,2021.0,2500.0,Black,1997.0,Automatic,5.0,2650000000.0,Petrol,4.0
Mercedes,Benz,2012.0,67500.0,Black,1796.0,Automatic,5.0,187000000.0,Petrol,13.0
Mercedes,Benz,2019.0,17500.0,Black,1991.0,Automatic,5.0,620000000.0,Petrol,6.0
Smart,Fortwo,2013.0,37500.0,White,999.0,Automatic,2.0,175000000.0,Petrol,12.0
Lexus,Lm,2023.0,17500.0,Black,2487.0,Automatic,7.0,1900000000.0,Hybrid,2.0
Mercedes,Benz,2021.0,27500.0,Black,1991.0,Automatic,5.0,529000000.0,Petrol,4.0
Mercedes,Benz,2023.0,2500.0,Black,1496.0,Automatic,5.0,699000000.0,Petrol,2.0
Toyota,Vellfire,2017.0,82500.0,White,2494.0,Automatic,7.0,550000000.0,Petrol,8.0
Honda,Odyssey,2021.0,32500.0,Black,2356.0,Automatic,7.0,536000000.0,Petrol,4.0
Toyota,Kijang,2023.0,22500.0,Black,1998.0,Automatic,7.0,510000000.0,Hybrid,2.0
Toyota,Vellfire,2017.0,72500.0,White,2494.0,Automatic,7.0,655000000.0,Petrol,8.0
Toyota,Kijang,2021.0,37500.0,Black,2393.0,Automatic,8.0,375000000.0,Diesel,4.0
Toyota,Camry,2019.0,52500.0,Black,2494.0,Automatic,5.0,325000000.0,Petrol,6.0
Toyota,Alphard,2018.0,32500.0,Black,2494.0,Automatic,7.0,675000000.0,Petrol,7.0
Mercedes,Benz,2020.0,7500.0,Grey,1991.0,Automatic,5.0,825000000.0,Petrol,5.0
Toyota,Agya,2020.0,42500.0,Silver,1197.0,Automatic,5.0,125000000.0,Petrol,5.0
Nissan,Grand,2017.0,52500.0,White,1498.0,Automatic,7.0,141000000.0,Petrol,8.0
Honda,Cr,2018.0,117500.0,White,1498.0,Automatic,5.0,310000000.0,Petrol,7.0
Toyota,Avanza,2016.0,32500.0,Grey,1329.0,Manual,7.0,154000000.0,Petrol,9.0
Honda,Hr,2017.0,157500.0,Grey,1497.0,Automatic,5.0,173000000.0,Petrol,8.0
Honda,City,2021.0,57500.0,Black,1498.0,Automatic,5.0,205000000.0,Petrol,4.0
Mercedes,Benz,2013.0,2500.0,White,1796.0,Automatic,2.0,565000000.0,Petrol,12.0
Toyota,Camry,2022.0,27500.0,Black,2487.0,Automatic,5.0,545000000.0,Hybrid,3.0
Porsche,Cayenne,2011.0,43000.0,Black,4806.0,Automatic,5.0,750000000.0,Petrol,14.0
Mercedes,Benz,2019.0,12500.0,Black,1497.0,Automatic,5.0,399000000.0,Petrol,6.0
Honda,Civic,2023.0,27500.0,White,1498.0,Automatic,5.0,460000000.0,Petrol,2.0
Toyota,Rush,2021.0,42500.0,Maroon,1495.0,Automatic,7.0,200000000.0,Petrol,4.0
Mercedes,Benz,2021.0,12500.0,Black,2999.0,Automatic,7.0,1125000000.0,Petrol,4.0
Hyundai,Palisade,2021.0,27500.0,Black,2199.0,Automatic,7.0,595000000.0,Diesel,4.0
Mercedes,Benz,2013.0,57500.0,Black,2143.0,Automatic,5.0,299000000.0,Diesel,12.0
Mercedes,Benz,2019.0,22500.0,Black,1991.0,Automatic,5.0,545000000.0,Petrol,6.0
Toyota,Vellfire,2015.0,62500.0,White,2494.0,Automatic,7.0,499000000.0,Petrol,10.0
Bmw,330I,2020.0,27500.0,Blue,1998.0,Automatic,5.0,550000000.0,Petrol,5.0
Bmw,X5,2022.0,22500.0,Black,2998.0,Automatic,5.0,950000000.0,Petrol,3.0
Bmw,320I,2018.0,32500.0,Black,1995.0,Automatic,5.0,340000000.0,Petrol,7.0
Toyota,Yaris,2015.0,122500.0,Grey,1497.0,Automatic,5.0,130000000.0,Petrol,10.0
Toyota,Kijang,2024.0,7500.0,Black,1987.0,Automatic,8.0,390000000.0,Petrol,1.0
Mercedes,Benz,2019.0,12500.0,Black,3982.0,Automatic,5.0,4600000000.0,Petrol,6.0
Toyota,Raize,2022.0,17500.0,Red,998.0,Automatic,5.0,186000000.0,Petrol,3.0
Mercedes,Benz,2019.0,17500.0,Black,1332.0,Automatic,5.0,580000000.0,Petrol,6.0
Mitsubishi,Xpander,2019.0,32500.0,Silver,1499.0,Automatic,7.0,195000000.0,Petrol,6.0
Toyota,Alphard,2013.0,102500.0,Black,2362.0,Automatic,7.0,245000000.0,Petrol,12.0
Mercedes,Benz,2015.0,27500.0,Black,2143.0,Manual,14.0,845000000.0,Diesel,10.0
Mazda,Cx,2021.0,37500.0,Black,1496.0,Automatic,5.0,248000000.0,Petrol,4.0
Lexus,Es,2022.0,7500.0,Silver,2487.0,Automatic,5.0,875000000.0,Hybrid,3.0
Chevrolet,Trax,2019.0,62500.0,Black,1364.0,Automatic,5.0,150000000.0,Petrol,6.0
Kia,Sonet,2022.0,12500.0,White,1497.0,Automatic,5.0,219000000.0,Petrol,3.0
Porsche,Macan,2015.0,62500.0,White,1984.0,Automatic,5.0,570000000.0,Petrol,10.0
Toyota,Hiace,2025.0,2500.0,White,2755.0,Manual,12.0,700000000.0,Diesel,0.0
Bmw,Z4,2012.0,2500.0,Black,2497.0,Automatic,2.0,795000000.0,Petrol,13.0
Mini,Countryman,2019.0,17500.0,Red,1998.0,Automatic,5.0,525000000.0,Petrol,6.0
Toyota,Veloz,2024.0,2500.0,Black,1496.0,Automatic,7.0,270000000.0,Petrol,1.0
Mazda,2,2022.0,12500.0,Red,1496.0,Automatic,5.0,220000000.0,Petrol,3.0
Toyota,Veloz,2022.0,17500.0,White,1496.0,Automatic,7.0,220000000.0,Petrol,3.0
Toyota,Fortuner,2024.0,2000.0,Black,2755.0,Automatic,7.0,675000000.0,Diesel,1.0
Honda,Cr,2017.0,62500.0,White,1498.0,Automatic,5.0,295000000.0,Petrol,8.0
Suzuki,Ertiga,2017.0,107500.0,Grey,1373.0,Automatic,7.0,145000000.0,Petrol,8.0
Daihatsu,Ayla,2023.0,7500.0,Red,998.0,Automatic,5.0,122500000.0,Petrol,2.0
Toyota,Rush,2020.0,82500.0,Silver,1495.0,Automatic,7.0,185000000.0,Petrol,5.0
Lexus,Lm,2024.0,2500.0,Black,2487.0,Automatic,7.0,2195000000.0,Hybrid,1.0
Lexus,Rx,2023.0,22500.0,White,2500.0,Automatic,5.0,1325000000.0,Hybrid,2.0
Mazda,3,2017.0,27500.0,White,1998.0,Automatic,5.0,215000000.0,Petrol,8.0
Bmw,X1,2019.0,27500.0,Black,1499.0,Automatic,5.0,519000000.0,Petrol,6.0
Lexus,Rx,2017.0,52500.0,Black,1998.0,Automatic,5.0,529000000.0,Petrol,8.0
Mazda,6,2019.0,22500.0,Red,2488.0,Automatic,5.0,395000000.0,Petrol,6.0
Jeep,Wrangler,2020.0,27500.0,Grey,2000.0,Automatic,5.0,1725000000.0,Petrol,5.0
Mercedes,Benz,2022.0,7500.0,Black,1991.0,Automatic,5.0,1150000000.0,Petrol,3.0
Bmw,X6,2021.0,17500.0,Brown,2998.0,Automatic,5.0,1299000000.0,Petrol,4.0
Toyota,Land,2023.0,7500.0,Black,3346.0,Automatic,7.0,2150000000.0,Diesel,2.0
Honda,Hr,2019.0,47500.0,Grey,1497.0,Automatic,5.0,225000000.0,Petrol,6.0
Toyota,Gr,2022.0,2500.0,Red,2998.0,Automatic,2.0,1795000000.0,Petrol,3.0
Mazda,Cx,2020.0,32500.0,Black,2488.0,Automatic,7.0,435000000.0,Petrol,5.0
Mercedes,Benz,2017.0,32500.0,White,1991.0,Automatic,5.0,525000000.0,Petrol,8.0
Honda,Civic,2023.0,2500.0,Black,1498.0,Automatic,5.0,485000000.0,Petrol,2.0
Mazda,6,2019.0,37500.0,Red,2488.0,Automatic,5.0,345000000.0,Petrol,6.0
Ford,Mustang,2016.0,7500.0,Orange,2264.0,Automatic,4.0,965000000.0,Petrol,9.0
Hyundai,Palisade,2023.0,2500.0,Black,2199.0,Automatic,7.0,850000000.0,Diesel,2.0
Toyota,Alphard,2015.0,67500.0,White,2493.0,Automatic,7.0,535000000.0,Petrol,10.0
Bmw,X1,2019.0,27500.0,Grey,1499.0,Automatic,5.0,390000000.0,Petrol,6.0
Mercedes,Benz,2016.0,32500.0,Grey,1991.0,Automatic,5.0,380000000.0,Petrol,9.0
Mercedes,Benz,2017.0,32500.0,Black,1991.0,Automatic,5.0,580000000.0,Petrol,8.0
Toyota,Kijang,2023.0,32500.0,White,1998.0,Automatic,7.0,465000000.0,Petrol,2.0
Mercedes,Benz,2018.0,37500.0,Black,2999.0,Automatic,5.0,800000000.0,Petrol,7.0
Mercedes,Benz,2023.0,12500.0,White,1999.0,Automatic,5.0,825000000.0,Petrol,2.0
Mercedes,Benz,2017.0,47500.0,Black,1991.0,Automatic,5.0,500000000.0,Petrol,8.0
Toyota,Land,2019.0,32500.0,Black,4461.0,Automatic,8.0,1700000000.0,Diesel,6.0
Lexus,Lm,2023.0,27500.0,Black,3456.0,Automatic,4.0,1455000000.0,Petrol,2.0
Porsche,Panamera,2018.0,7500.0,White,2894.0,Automatic,4.0,2550000000.0,Petrol,7.0
Toyota,Vellfire,2019.0,87500.0,Black,2494.0,Automatic,7.0,705000000.0,Petrol,6.0
Bmw,735I,2023.0,2500.0,Grey,2998.0,Automatic,5.0,1799000000.0,Petrol,2.0
Bmw,520I,2018.0,37500.0,White,1998.0,Automatic,5.0,440000000.0,Petrol,7.0
Mercedes,Benz,2021.0,32500.0,White,1332.0,Automatic,5.0,450000000.0,Petrol,4.0
Mercedes,Benz,2019.0,37500.0,Black,1595.0,Automatic,5.0,399000000.0,Petrol,6.0
Toyota,Alphard,2016.0,52500.0,Black,2494.0,Automatic,7.0,499000000.0,Petrol,9.0
Mercedes,Benz,2014.0,82500.0,White,2996.0,Automatic,5.0,335000000.0,Petrol,11.0
Bmw,328I,2014.0,47500.0,Black,1997.0,Automatic,5.0,255000000.0,Petrol,11.0
Mercedes,Benz,2015.0,22500.0,Black,2996.0,Automatic,4.0,560000000.0,Petrol,10.0
Bmw,M3,2015.0,42500.0,Blue,2979.0,Automatic,5.0,780000000.0,Petrol,10.0
Mercedes,Benz,2019.0,37500.0,White,1595.0,Automatic,5.0,399000000.0,Petrol,6.0
Bmw,X6,2011.0,27500.0,Black,4395.0,Automatic,4.0,676000000.0,Petrol,14.0
Bmw,X7,2023.0,12500.0,Black,2998.0,Automatic,7.0,1775000000.0,Petrol,2.0
Lexus,Lx,2022.0,27500.0,Black,3445.0,Automatic,7.0,2450000000.0,Petrol,3.0
Land,Rover,2015.0,32500.0,White,1999.0,Automatic,7.0,449000000.0,Petrol,10.0
Mercedes,Benz,2019.0,22500.0,White,1991.0,Automatic,5.0,925000000.0,Petrol,6.0
Mercedes,Benz,2023.0,2500.0,Black,1991.0,Automatic,4.0,1495000000.0,Petrol,2.0
Lexus,Rx,2023.0,22500.0,Grey,2393.0,Automatic,5.0,1295000000.0,Petrol,2.0
Mercedes,Benz,2023.0,12500.0,White,1999.0,Automatic,7.0,1175000000.0,Petrol,2.0
Mini,Countryman,2020.0,17500.0,Blue,1998.0,Automatic,5.0,595000000.0,Petrol,5.0
Bmw,320I,2024.0,2500.0,Black,1995.0,Automatic,5.0,825000000.0,Petrol,1.0
Lexus,Rx,2016.0,72500.0,Black,1998.0,Automatic,5.0,505000000.0,Petrol,9.0
Toyota,Camry,2022.0,42500.0,Black,2487.0,Automatic,5.0,529000000.0,Hybrid,3.0
Toyota,Hiace,2018.0,132500.0,Silver,2494.0,Manual,16.0,475000000.0,Diesel,7.0
Mazda,Cx,2018.0,52500.0,White,2488.0,Automatic,7.0,359000000.0,Petrol,7.0
Mercedes,Benz,2020.0,37500.0,Grey,1332.0,Automatic,5.0,690000000.0,Petrol,5.0
Toyota,Fortuner,2022.0,47500.0,Black,2755.0,Automatic,7.0,485000000.0,Diesel,3.0
Bmw,X1,2018.0,52500.0,Grey,1499.0,Automatic,5.0,335000000.0,Petrol,7.0
Mercedes,Benz,2021.0,12500.0,Black,1991.0,Automatic,7.0,775000000.0,Petrol,4.0
Toyota,Alphard,2016.0,67500.0,White,2494.0,Automatic,7.0,575000000.0,Petrol,9.0
Mercedes,Benz,2018.0,27500.0,White,1991.0,Automatic,4.0,925000000.0,Petrol,7.0
Lexus,Rx,2018.0,42500.0,White,1998.0,Automatic,5.0,700000000.0,Petrol,7.0
Mercedes,Benz,2018.0,17500.0,White,1991.0,Automatic,5.0,925000000.0,Petrol,7.0
Infiniti,Fx37,2011.0,82500.0,Black,3696.0,Automatic,5.0,210000000.0,Petrol,14.0
Lexus,Lm,2021.0,17500.0,White,3456.0,Automatic,7.0,1350000000.0,Petrol,4.0
Toyota,Gr,2024.0,2500.0,Grey,1618.0,Manual,5.0,1099000000.0,Petrol,1.0
Bmw,530I,2018.0,22500.0,White,1998.0,Automatic,5.0,535000000.0,Petrol,7.0
Honda,Civic,2019.0,27500.0,Maroon,1498.0,Automatic,5.0,350000000.0,Petrol,6.0
Toyota,Alphard,2018.0,52500.0,Black,2494.0,Automatic,7.0,750000000.0,Petrol,7.0
Bmw,X7,2020.0,27500.0,Black,2998.0,Automatic,7.0,1225000000.0,Petrol,5.0
Land,Rover,2017.0,52500.0,Grey,2995.0,Automatic,5.0,1400000000.0,Petrol,8.0
Lexus,Lm,2024.0,2500.0,Black,2487.0,Automatic,7.0,2099000000.0,Hybrid,1.0
Mercedes,Benz,2016.0,12500.0,Silver,1991.0,Automatic,5.0,430000000.0,Petrol,9.0
Porsche,Cayman,2013.0,27500.0,White,2706.0,Automatic,2.0,1075000000.0,Petrol,12.0
Porsche,718,2019.0,17500.0,Red,1988.0,Automatic,2.0,1775000000.0,Petrol,6.0
Mercedes,Benz,2016.0,32500.0,White,1991.0,Automatic,5.0,410000000.0,Petrol,9.0
Subaru,Crosstrek,2023.0,12500.0,White,1995.0,Automatic,5.0,379000000.0,Petrol,2.0
Toyota,Alphard,2023.0,12500.0,Black,2494.0,Automatic,7.0,1050000000.0,Petrol,2.0
Bmw,530I,2019.0,27500.0,Grey,1998.0,Automatic,5.0,645000000.0,Petrol,6.0
Mercedes,Benz,2016.0,102500.0,White,1991.0,Automatic,5.0,415000000.0,Petrol,9.0
Mercedes,Benz,2016.0,32500.0,Green,1991.0,Automatic,5.0,465000000.0,Petrol,9.0
Bmw,730Li,2019.0,17500.0,Black,1998.0,Automatic,5.0,679000000.0,Petrol,6.0
Lexus,Rx,2017.0,52500.0,White,1998.0,Automatic,5.0,685000000.0,Petrol,8.0
Mercedes,Benz,2023.0,7500.0,Black,2999.0,Automatic,7.0,1575000000.0,Petrol,2.0
Bmw,735I,2024.0,2500.0,Grey,2998.0,Automatic,5.0,2000000000.0,Petrol,1.0
Mercedes,Benz,2012.0,57500.0,Black,1796.0,Automatic,5.0,230000000.0,Petrol,13.0
Mercedes,Benz,2018.0,17500.0,White,1991.0,Automatic,5.0,399000000.0,Petrol,7.0
Mercedes,Benz,2018.0,7500.0,White,1595.0,Automatic,5.0,435000000.0,Petrol,7.0
Mercedes,Benz,2021.0,17500.0,Black,1991.0,Automatic,7.0,765000000.0,Petrol,4.0
Ford,Mustang,2018.0,2500.0,Red,5038.0,Automatic,4.0,1950000000.0,Petrol,7.0
Land,Rover,2011.0,22500.0,Silver,2993.0,Automatic,7.0,1400000000.0,Diesel,14.0
Lexus,Lx,2011.0,107500.0,Black,5663.0,Automatic,8.0,850000000.0,Petrol,14.0
Mercedes,Benz,2020.0,27500.0,Grey,1991.0,Automatic,7.0,739000000.0,Petrol,5.0
Mazda,Cx,2021.0,32500.0,Grey,2488.0,Automatic,7.0,519000000.0,Petrol,4.0
Mercedes,Benz,2015.0,52500.0,White,2996.0,Automatic,5.0,560000000.0,Petrol,10.0
Bmw,330I,2019.0,32500.0,Black,1998.0,Automatic,5.0,609000000.0,Petrol,6.0
Toyota,Camry,2015.0,92500.0,Black,2494.0,Automatic,5.0,185000000.0,Petrol,10.0
Bmw,320I,2019.0,32500.0,White,1995.0,Automatic,5.0,550000000.0,Petrol,6.0
Porsche,911,2022.0,2500.0,Blue,2981.0,Automatic,4.0,4900000000.0,Petrol,3.0
Toyota,Land,2021.0,27500.0,Black,4461.0,Automatic,8.0,1950000000.0,Diesel,4.0
Mercedes,Benz,2013.0,52500.0,Black,1991.0,Automatic,5.0,285000000.0,Petrol,12.0
Bmw,X1,2019.0,47500.0,Black,1499.0,Automatic,5.0,399000000.0,Petrol,6.0
Audi,A6,2014.0,52500.0,Black,1984.0,Automatic,5.0,178000000.0,Petrol,11.0
Mercedes,Benz,2021.0,37500.0,Black,1332.0,Automatic,7.0,565000000.0,Petrol,4.0
Bmw,X1,2018.0,32500.0,White,1499.0,Automatic,5.0,328000000.0,Petrol,7.0
Hyundai,Stargazer,2022.0,42500.0,White,1497.0,Automatic,7.0,212000000.0,Petrol,3.0
Toyota,Alphard,2019.0,62500.0,Black,2494.0,Automatic,7.0,799000000.0,Petrol,6.0
Toyota,Kijang,2023.0,27500.0,White,1998.0,Automatic,7.0,499000000.0,Hybrid,2.0
Maserati,Granturismo,2011.0,27500.0,Black,4691.0,Automatic,4.0,925000000.0,Petrol,14.0
Bmw,X5,2023.0,12500.0,Blue,2998.0,Automatic,5.0,1099000000.0,Petrol,2.0
Mazda,Cx,2021.0,32500.0,Black,2488.0,Automatic,7.0,470000000.0,Petrol,4.0
Toyota,Alphard,2018.0,22500.0,White,2494.0,Automatic,7.0,875000000.0,Petrol,7.0
Bmw,430I,2023.0,2500.0,Blue,1998.0,Automatic,4.0,1275000000.0,Petrol,2.0
Lexus,Lm,2024.0,12500.0,Black,2487.0,Automatic,7.0,1975000000.0,Hybrid,1.0
Toyota,Land,2019.0,32500.0,Black,4461.0,Automatic,8.0,1850000000.0,Diesel,6.0
Lexus,Lm,2022.0,12500.0,Black,3456.0,Automatic,7.0,1495000000.0,Petrol,3.0
Bmw,X5,2022.0,7500.0,Black,2998.0,Automatic,5.0,1150000000.0,Petrol,3.0
Bmw,M4,2023.0,7500.0,Blue,2993.0,Automatic,4.0,1900000000.0,Petrol,2.0
Bmw,X3,2022.0,7500.0,Black,1998.0,Automatic,5.0,885000000.0,Petrol,3.0
Lexus,Rx,2016.0,42500.0,Black,1998.0,Automatic,5.0,599000000.0,Petrol,9.0
Ferrari,458,2011.0,7500.0,Red,4497.0,Automatic,2.0,4999000000.0,Petrol,14.0
Toyota,Gr,2023.0,2500.0,Red,2998.0,Automatic,2.0,2100000000.0,Petrol,2.0
Bmw,740Li,2016.0,22500.0,Black,2979.0,Automatic,5.0,698000000.0,Petrol,9.0
Bmw,M3,2021.0,7500.0,Blue,2979.0,Automatic,5.0,1825000000.0,Petrol,4.0
Bmw,X5,2019.0,27500.0,Black,2998.0,Automatic,5.0,850000000.0,Petrol,6.0
Bmw,X5,2019.0,12500.0,Blue,2998.0,Automatic,5.0,895000000.0,Petrol,6.0
Bmw,X5,2020.0,22500.0,Blue,2998.0,Automatic,5.0,895000000.0,Petrol,5.0
Lexus,Es,2018.0,7500.0,Black,2487.0,Automatic,5.0,695000000.0,Hybrid,7.0
Bmw,X5,2021.0,17500.0,Blue,2998.0,Automatic,5.0,1100000000.0,Petrol,4.0
Toyota,Alphard,2022.0,32500.0,Black,2494.0,Automatic,7.0,1035000000.0,Petrol,3.0
Mercedes,Benz,2014.0,27500.0,Black,2996.0,Automatic,4.0,588000000.0,Petrol,11.0
Mercedes,Benz,2011.0,62500.0,Silver,2996.0,Automatic,5.0,195000000.0,Petrol,14.0
Toyota,Fortuner,2022.0,17500.0,White,2755.0,Automatic,7.0,575000000.0,Diesel,3.0
Mazda,Cx,2014.0,72500.0,Grey,2488.0,Automatic,5.0,175000000.0,Petrol,11.0
Hyundai,Palisade,2023.0,12500.0,Black,2199.0,Automatic,7.0,785000000.0,Diesel,2.0
Honda,Hr,2023.0,17500.0,Grey,1498.0,Automatic,5.0,325000000.0,Petrol,2.0
Mercedes,Benz,2023.0,2500.0,White,1999.0,Automatic,7.0,1245000000.0,Petrol,2.0
Bmw,X5,2020.0,22500.0,Black,2998.0,Automatic,5.0,789000000.0,Petrol,5.0
Lexus,Rx,2012.0,92500.0,White,2672.0,Automatic,5.0,275000000.0,Petrol,13.0
Toyota,Fortuner,2020.0,152500.0,Black,2694.0,Automatic,7.0,309000000.0,Petrol,5.0
Toyota,Land,2023.0,12500.0,Black,3346.0,Automatic,7.0,2290000000.0,Diesel,2.0
Mercedes,Benz,2023.0,12500.0,Black,1991.0,Automatic,5.0,900000000.0,Petrol,2.0
Mercedes,Benz,2022.0,42500.0,White,2999.0,Automatic,7.0,1195000000.0,Petrol,3.0
Toyota,Vellfire,2020.0,62500.0,White,2494.0,Automatic,7.0,725000000.0,Petrol,5.0
Toyota,Vellfire,2023.0,17500.0,Black,2494.0,Automatic,7.0,1095000000.0,Petrol,2.0
Bmw,M2,2023.0,7500.0,Blue,2979.0,Automatic,4.0,1525000000.0,Petrol,2.0
Volkswagen,Tiguan,2021.0,22500.0,White,1395.0,Automatic,5.0,359000000.0,Petrol,4.0
Mercedes,Benz,2017.0,27500.0,Black,1991.0,Automatic,5.0,455000000.0,Petrol,8.0
Mercedes,Benz,2004.0,47500.0,Black,4966.0,Automatic,2.0,875000000.0,Petrol,21.0
Mercedes,Benz,2023.0,2500.0,Grey,1991.0,Automatic,5.0,1199000000.0,Petrol,2.0
Toyota,Land,2000.0,222500.0,Green,4163.0,Automatic,7.0,600000000.0,Diesel,25.0
Hyundai,Palisade,2023.0,2500.0,Black,2199.0,Automatic,7.0,899000000.0,Diesel,2.0
Land,Rover,2019.0,37500.0,Black,1997.0,Automatic,5.0,895000000.0,Petrol,6.0
Mercedes,Benz,2017.0,37500.0,Black,1991.0,Automatic,5.0,435000000.0,Petrol,8.0
Mercedes,Benz,2017.0,27500.0,White,1991.0,Automatic,5.0,599000000.0,Petrol,8.0
Lexus,Es,2019.0,47500.0,Black,2487.0,Automatic,5.0,599000000.0,Petrol,6.0
Lexus,Rx,2020.0,47500.0,Black,1998.0,Automatic,5.0,825000000.0,Petrol,5.0
Toyota,Alphard,2019.0,22500.0,Black,2494.0,Automatic,7.0,825000000.0,Petrol,6.0
Hyundai,Palisade,2023.0,17500.0,White,2199.0,Automatic,7.0,799000000.0,Diesel,2.0
Bmw,320I,2014.0,52500.0,Grey,1997.0,Automatic,5.0,239000000.0,Petrol,11.0
Mercedes,Benz,2015.0,27500.0,White,1991.0,Automatic,5.0,329000000.0,Petrol,10.0
Toyota,Alphard,2020.0,37500.0,White,2494.0,Automatic,7.0,799000000.0,Petrol,5.0
Toyota,Land,2021.0,17500.0,Black,2693.0,Automatic,7.0,1255000000.0,Petrol,4.0
Ford,Mustang,2017.0,12500.0,White,4950.0,Automatic,4.0,1950000000.0,Petrol,8.0
Porsche,Cayenne,2005.0,122500.0,Silver,3198.0,Automatic,5.0,475000000.0,Petrol,20.0
Honda,Civic,2020.0,2500.0,Grey,1498.0,Automatic,5.0,375000000.0,Petrol,5.0
Mercedes,Benz,2019.0,37500.0,Black,1991.0,Automatic,5.0,888000000.0,Petrol,6.0
Land,Rover,2014.0,27500.0,Black,2998.0,Automatic,7.0,1650000000.0,Petrol,11.0
Bmw,M4,2021.0,12500.0,Black,2993.0,Automatic,4.0,1950000000.0,Petrol,4.0
Mercedes,Benz,2016.0,62500.0,White,2143.0,Automatic,7.0,475000000.0,Diesel,9.0
Daihatsu,Tanto,2009.0,22500.0,Silver,658.0,Automatic,4.0,420000000.0,Petrol,16.0
Mercedes,Benz,2013.0,37500.0,White,1991.0,Automatic,4.0,450000000.0,Petrol,12.0
Lexus,Lx,2009.0,77500.0,Black,5663.0,Automatic,8.0,675000000.0,Petrol,16.0
Lexus,Lx,2017.0,77500.0,Black,5663.0,Automatic,8.0,1550000000.0,Petrol,8.0
Mini,Paceman,2013.0,42500.0,Blue,1598.0,Automatic,2.0,390000000.0,Petrol,12.0
Bmw,760Li,2012.0,32500.0,Black,5972.0,Automatic,5.0,950000000.0,Petrol,13.0
Mercedes,Benz,2019.0,37500.0,Black,1497.0,Automatic,5.0,585000000.0,Petrol,6.0
Mercedes,Benz,2014.0,22500.0,Grey,1595.0,Automatic,5.0,299000000.0,Petrol,11.0
Bmw,645Ci,2004.0,32500.0,Black,4398.0,Automatic,4.0,455000000.0,Petrol,21.0
Ford,Mustang,2021.0,7500.0,Red,2264.0,Automatic,4.0,1250000000.0,Petrol,4.0
Mercedes,Benz,2023.0,7500.0,White,2999.0,Automatic,5.0,1625000000.0,Petrol,2.0
Mercedes,Benz,2023.0,2500.0,Black,2999.0,Automatic,7.0,1650000000.0,Petrol,2.0
Bmw,330I,2024.0,2500.0,Black,1998.0,Automatic,5.0,935000000.0,Petrol,1.0
Lexus,Lx,2019.0,77500.0,Black,5663.0,Automatic,8.0,1750000000.0,Petrol,6.0
Mercedes,Benz,2023.0,7500.0,Black,2999.0,Automatic,5.0,2195000000.0,Petrol,2.0
Mercedes,Benz,2023.0,2500.0,Black,1999.0,Automatic,5.0,820000000.0,Petrol,2.0
Volkswagen,Polo,2020.0,32500.0,Red,1197.0,Automatic,5.0,188000000.0,Petrol,5.0
Land,Rover,2022.0,22500.0,Black,2997.0,Automatic,5.0,2500000000.0,Hybrid,3.0
Bmw,750Li,2009.0,37500.0,Black,4395.0,Automatic,5.0,375000000.0,Petrol,16.0
Mercedes,Benz,2011.0,42500.0,Silver,1796.0,Automatic,5.0,199000000.0,Petrol,14.0
Mercedes,Benz,2020.0,12500.0,Grey,2999.0,Automatic,7.0,1135000000.0,Petrol,5.0
Mercedes,Benz,2022.0,12500.0,Black,1991.0,Automatic,4.0,795000000.0,Petrol,3.0
Jeep,Wrangler,2020.0,7500.0,Grey,2000.0,Automatic,5.0,1825000000.0,Petrol,5.0
Lexus,Lm,2022.0,12500.0,Black,3456.0,Automatic,4.0,1900000000.0,Petrol,3.0
Lexus,Lx,2018.0,12500.0,Grey,5663.0,Automatic,8.0,1985000000.0,Petrol,7.0
Hyundai,Palisade,2022.0,62500.0,Black,2199.0,Automatic,7.0,625000000.0,Diesel,3.0
Bmw,530I,2018.0,12500.0,White,1998.0,Automatic,5.0,545000000.0,Petrol,7.0
Mercedes,Benz,2020.0,22500.0,Grey,1991.0,Automatic,5.0,635000000.0,Petrol,5.0
Mazda,Cx,2020.0,27500.0,Grey,2488.0,Automatic,7.0,499000000.0,Petrol,5.0
Mercedes,Benz,2014.0,27500.0,Black,2996.0,Automatic,5.0,585000000.0,Petrol,11.0
Toyota,Fortuner,2018.0,92500.0,Black,2393.0,Automatic,7.0,350000000.0,Diesel,7.0
Bmw,X5,2018.0,7500.0,Black,2979.0,Automatic,5.0,599000000.0,Petrol,7.0
Bmw,M4,2018.0,7500.0,Silver,2993.0,Automatic,4.0,1475000000.0,Petrol,7.0
Volkswagen,Tiguan,2021.0,12500.0,Grey,1395.0,Automatic,5.0,365000000.0,Petrol,4.0
Lamborghini,Gallardo,2013.0,17500.0,Orange,5204.0,Automatic,4.0,2975000000.0,Petrol,12.0
Mercedes,Benz,2018.0,22500.0,Black,2996.0,Automatic,7.0,899000000.0,Petrol,7.0
Mercedes,Benz,2019.0,32500.0,White,1991.0,Automatic,5.0,888000000.0,Petrol,6.0
Mercedes,Benz,2024.0,2500.0,Black,1332.0,Automatic,5.0,699000000.0,Petrol,1.0
Bmw,X1,2017.0,32500.0,Black,1499.0,Automatic,5.0,295000000.0,Petrol,8.0
Hummer,H3,2010.0,47500.0,Black,3653.0,Automatic,5.0,775000000.0,Petrol,15.0
Volkswagen,Tiguan,2021.0,17500.0,Black,1395.0,Automatic,5.0,385000000.0,Petrol,4.0
Jaguar,X,2005.0,47500.0,Silver,2099.0,Automatic,5.0,375000000.0,Petrol,20.0
Toyota,Alphard,2022.0,27500.0,White,2494.0,Automatic,7.0,945000000.0,Petrol,3.0
Bmw,430I,2023.0,7500.0,Grey,1998.0,Automatic,4.0,1255000000.0,Petrol,2.0
Bmw,530I,2018.0,32500.0,Black,1998.0,Automatic,5.0,550000000.0,Petrol,7.0
Mercedes,Benz,2015.0,32500.0,White,1595.0,Automatic,5.0,300000000.0,Petrol,10.0
Toyota,Fortuner,2020.0,27500.0,Black,2393.0,Automatic,7.0,420000000.0,Diesel,5.0
Toyota,Corolla,2021.0,22500.0,Black,1798.0,Automatic,5.0,340000000.0,Hybrid,4.0
Toyota,Alphard,2019.0,42500.0,Black,2494.0,Automatic,7.0,739000000.0,Petrol,6.0
Ferrari,California,2011.0,12500.0,Red,4297.0,Automatic,4.0,2650000000.0,Petrol,14.0
Toyota,Alphard,2016.0,57500.0,Black,2494.0,Automatic,7.0,539000000.0,Petrol,9.0
Volkswagen,Golf,2014.0,47500.0,Black,1395.0,Automatic,5.0,199000000.0,Petrol,11.0
Mercedes,Benz,2023.0,2500.0,Black,2925.0,Automatic,5.0,4150000000.0,Diesel,2.0
Toyota,86,2012.0,37500.0,Black,1998.0,Automatic,4.0,420000000.0,Petrol,13.0
Toyota,Land,2012.0,132500.0,Black,4461.0,Automatic,8.0,969000000.0,Diesel,13.0
Bmw,530I,2018.0,27500.0,Black,1998.0,Automatic,5.0,505000000.0,Petrol,7.0
Bmw,530I,2018.0,32500.0,Black,1998.0,Automatic,5.0,495000000.0,Petrol,7.0
Toyota,Voxy,2021.0,37500.0,Black,1986.0,Automatic,7.0,355000000.0,Petrol,4.0
Mercedes,Benz,2015.0,22500.0,Black,2996.0,Automatic,5.0,599000000.0,Petrol,10.0
Bmw,530I,2017.0,7500.0,Black,1998.0,Automatic,5.0,525000000.0,Petrol,8.0
Porsche,Cayman,2014.0,17500.0,White,2706.0,Automatic,2.0,1250000000.0,Petrol,11.0
Mercedes,Benz,2015.0,7500.0,Yellow,3982.0,Automatic,2.0,3650000000.0,Petrol,10.0
Lexus,Rx,2021.0,27500.0,Black,1998.0,Automatic,5.0,979000000.0,Petrol,4.0
Toyota,Land,2011.0,42500.0,Black,4461.0,Automatic,8.0,825000000.0,Diesel,14.0
Mercedes,Benz,2020.0,42500.0,White,1332.0,Automatic,7.0,595000000.0,Petrol,5.0
Mazda,Cx,2022.0,12500.0,Grey,2488.0,Automatic,7.0,655000000.0,Petrol,3.0
Mercedes,Benz,2018.0,2500.0,White,2996.0,Automatic,4.0,999000000.0,Petrol,7.0
Mercedes,Benz,2020.0,17500.0,Grey,1991.0,Automatic,4.0,539000000.0,Petrol,5.0
Toyota,Alphard,2015.0,72500.0,White,2494.0,Automatic,7.0,565000000.0,Petrol,10.0
Mercedes,Benz,2015.0,17500.0,Silver,2143.0,Manual,14.0,775000000.0,Diesel,10.0
Mazda,Cx,2023.0,17500.0,Red,2488.0,Automatic,7.0,710000000.0,Petrol,2.0
Mercedes,Benz,2019.0,27500.0,Grey,1991.0,Automatic,5.0,589000000.0,Petrol,6.0
Mercedes,Benz,2019.0,42500.0,White,1991.0,Automatic,5.0,575000000.0,Petrol,6.0
Mercedes,Benz,2019.0,37500.0,White,1991.0,Automatic,5.0,575000000.0,Petrol,6.0
Mercedes,Benz,2019.0,37500.0,Black,1991.0,Automatic,5.0,575000000.0,Petrol,6.0
Mercedes,Benz,2016.0,17500.0,Black,1991.0,Automatic,5.0,419000000.0,Petrol,9.0
Volkswagen,T,2022.0,22500.0,Blue,999.0,Automatic,5.0,279000000.0,Petrol,3.0
Mercedes,Benz,2015.0,42500.0,White,1991.0,Automatic,5.0,329000000.0,Petrol,10.0
Mercedes,Benz,2019.0,17500.0,Grey,1991.0,Automatic,5.0,899000000.0,Petrol,6.0
Mercedes,Benz,2021.0,22500.0,Black,1991.0,Automatic,4.0,775000000.0,Petrol,4.0
Mercedes,Benz,2021.0,37500.0,Black,2999.0,Automatic,7.0,1610000000.0,Petrol,4.0
Mercedes,Benz,2010.0,37500.0,Black,1796.0,Automatic,5.0,158000000.0,Petrol,15.0
Mercedes,Benz,2022.0,12500.0,Black,2999.0,Automatic,7.0,1380000000.0,Petrol,3.0
Mercedes,Benz,2015.0,12500.0,Black,2143.0,Manual,14.0,925000000.0,Diesel,10.0
Mercedes,Benz,2018.0,47500.0,Black,1991.0,Automatic,5.0,550000000.0,Petrol,7.0
Mercedes,Benz,2017.0,37500.0,Black,1991.0,Automatic,5.0,599000000.0,Petrol,8.0
Mercedes,Benz,2014.0,42500.0,Black,2996.0,Automatic,7.0,550000000.0,Petrol,11.0
Porsche,Cayman,2014.0,7500.0,White,2706.0,Automatic,2.0,1199000000.0,Petrol,11.0
Mercedes,Benz,2015.0,42500.0,Black,1595.0,Automatic,5.0,310000000.0,Petrol,10.0
Toyota,Land,2003.0,122500.0,Black,4200.0,Automatic,7.0,775000000.0,Diesel,22.0
Nissan,370Z,2010.0,22500.0,Black,3696.0,Automatic,2.0,1250000000.0,Petrol,15.0
Mercedes,Benz,2019.0,17500.0,White,1991.0,Automatic,5.0,545000000.0,Petrol,6.0
Nissan,Serena,2013.0,117500.0,Black,1997.0,Automatic,7.0,143000000.0,Petrol,12.0
Toyota,Kijang,2018.0,92500.0,Black,1998.0,Automatic,7.0,280000000.0,Petrol,7.0
Hyundai,Stargazer,2022.0,32500.0,Grey,1497.0,Automatic,7.0,195000000.0,Petrol,3.0
Toyota,Alphard,2017.0,32500.0,Black,2494.0,Automatic,7.0,528000000.0,Petrol,8.0
Lexus,Ls,2005.0,72500.0,Black,4293.0,Automatic,5.0,190000000.0,Petrol,20.0
Honda,Accord,2023.0,2500.0,Black,1498.0,Automatic,5.0,545000000.0,Petrol,2.0
Mazda,6,2022.0,2500.0,Grey,2488.0,Automatic,5.0,475000000.0,Petrol,3.0
Mazda,Cx,2024.0,7500.0,Grey,2488.0,Automatic,5.0,490000000.0,Petrol,1.0
Mercedes,Benz,2014.0,72500.0,Black,2996.0,Automatic,5.0,699000000.0,Petrol,11.0
Suzuki,Xl7,2024.0,2500.0,Brown,1500.0,Automatic,7.0,243000000.0,Hybrid,1.0
Hyundai,Palisade,2023.0,7500.0,White,2199.0,Automatic,7.0,795000000.0,Diesel,2.0
Toyota,Yaris,2019.0,62500.0,White,1496.0,Automatic,5.0,185000000.0,Petrol,6.0
Mercedes,Benz,2021.0,17500.0,Black,2999.0,Automatic,7.0,1075000000.0,Petrol,4.0
Wuling,Almaz,2019.0,47500.0,Maroon,1451.0,Automatic,5.0,155000000.0,Petrol,6.0
Toyota,Fortuner,2022.0,72500.0,Black,2393.0,Automatic,7.0,435000000.0,Diesel,3.0
Honda,Cr,2017.0,37500.0,Black,1498.0,Automatic,5.0,270000000.0,Petrol,8.0
Suzuki,Xl7,2023.0,12500.0,Orange,1500.0,Automatic,7.0,222000000.0,Hybrid,2.0
Mercedes,Benz,2018.0,17500.0,Black,1596.0,Automatic,5.0,395000000.0,Petrol,7.0
Land,Rover,2013.0,17500.0,Black,5000.0,Automatic,5.0,890000000.0,Petrol,12.0
Ford,Everest,2024.0,7500.0,Black,1996.0,Automatic,7.0,795000000.0,Diesel,1.0
Hyundai,Creta,2023.0,22500.0,White,1497.0,Automatic,5.0,279000000.0,Petrol,2.0
Hyundai,Creta,2023.0,27500.0,Red,1497.0,Automatic,5.0,279000000.0,Petrol,2.0
Daihatsu,Xenia,2022.0,77500.0,White,1329.0,Manual,7.0,159000000.0,Petrol,3.0
Dfsk,Glory,2021.0,12500.0,Black,1498.0,Automatic,7.0,150000000.0,Petrol,4.0
Hyundai,Creta,2022.0,37500.0,White,1497.0,Automatic,5.0,245000000.0,Petrol,3.0
Ford,Ecosport,2014.0,42500.0,Black,1499.0,Automatic,5.0,85000000.0,Petrol,11.0
Mercedes,Benz,2012.0,112500.0,Silver,1796.0,Automatic,5.0,190000000.0,Petrol,13.0
Toyota,Avanza,2007.0,157500.0,Yellow,1495.0,Manual,7.0,65000000.0,Petrol,18.0
Mg,5,2022.0,27500.0,Black,1498.0,Automatic,5.0,225000000.0,Petrol,3.0
Honda,Civic,2016.0,37500.0,Black,1498.0,Automatic,5.0,265000000.0,Petrol,9.0
Wuling,Almaz,2019.0,67500.0,Grey,1451.0,Automatic,7.0,158000000.0,Petrol,6.0
Mazda,2,2019.0,47500.0,Silver,1496.0,Automatic,5.0,182000000.0,Petrol,6.0
Toyota,Kijang,2018.0,82500.0,White,1998.0,Automatic,8.0,213000000.0,Petrol,7.0
Wuling,Alvez,2023.0,16000.0,White,1485.0,Automatic,5.0,198000000.0,Petrol,2.0
Ford,Ranger,2014.0,105000.0,Orange,2198.0,Automatic,5.0,305000000.0,Diesel,11.0
Chevrolet,Trailblazer,2017.0,102500.0,Silver,2499.0,Automatic,7.0,230000000.0,Diesel,8.0
Honda,Brio,2019.0,22500.0,Orange,1199.0,Automatic,5.0,140000000.0,Petrol,6.0
Daihatsu,Xenia,2019.0,57500.0,White,1496.0,Automatic,7.0,153000000.0,Petrol,6.0
Lexus,Nx,2015.0,117500.0,White,1998.0,Automatic,5.0,370000000.0,Petrol,10.0
Mazda,2,2014.0,87500.0,Red,1498.0,Automatic,5.0,107000000.0,Petrol,11.0
Nissan,Serena,2014.0,92500.0,White,1997.0,Automatic,7.0,115000000.0,Petrol,11.0
Toyota,Yaris,2016.0,112500.0,Black,1497.0,Automatic,5.0,138000000.0,Petrol,9.0
Wuling,Almaz,2021.0,42500.0,Black,1451.0,Automatic,7.0,173000000.0,Petrol,4.0
Honda,Brio,2016.0,92500.0,White,1198.0,Automatic,5.0,105000000.0,Petrol,9.0
Wuling,Alvez,2023.0,27500.0,Black,1485.0,Automatic,5.0,198000000.0,Petrol,2.0
Honda,Br,2022.0,52500.0,White,1498.0,Automatic,7.0,215000000.0,Petrol,3.0
Wuling,Almaz,2021.0,72500.0,Grey,1451.0,Automatic,7.0,190000000.0,Petrol,4.0
Toyota,Alphard,2019.0,82500.0,Black,2494.0,Automatic,7.0,590000000.0,Petrol,6.0
Bmw,530I,2019.0,12500.0,Silver,1998.0,Automatic,5.0,1050000000.0,Petrol,6.0
Toyota,Camry,2010.0,97500.0,Black,2362.0,Automatic,5.0,105000000.0,Petrol,15.0
Hyundai,Stargazer,2023.0,22500.0,Silver,1497.0,Automatic,7.0,259000000.0,Petrol,2.0
Toyota,Raize,2023.0,12500.0,White,998.0,Automatic,5.0,200000000.0,Petrol,2.0
Mitsubishi,Pajero,2021.0,47500.0,Black,2442.0,Automatic,7.0,465000000.0,Diesel,4.0
Hyundai,Creta,2022.0,27500.0,Maroon,1497.0,Automatic,5.0,282700000.0,Petrol,3.0
Lexus,Rx,2011.0,82500.0,White,2671.0,Automatic,5.0,227000000.0,Petrol,14.0
Land,Rover,2013.0,27500.0,White,1999.0,Automatic,5.0,380000000.0,Petrol,12.0
Honda,Cr,2023.0,82500.0,Black,1498.0,Automatic,5.0,440000000.0,Petrol,2.0
Honda,Brio,2017.0,92500.0,Red,1199.0,Automatic,5.0,113000000.0,Petrol,8.0
Wuling,Almaz,2021.0,57500.0,Grey,1451.0,Automatic,7.0,192000000.0,Petrol,4.0
Toyota,Fortuner,2018.0,52500.0,Black,2393.0,Automatic,7.0,360000000.0,Diesel,7.0
Daihatsu,Sigra,2018.0,97500.0,Black,1197.0,Automatic,7.0,90000000.0,Petrol,7.0
Honda,City,2011.0,102500.0,Grey,1497.0,Automatic,5.0,112000000.0,Petrol,14.0
Toyota,Kijang,2016.0,132500.0,Grey,1998.0,Automatic,7.0,230000000.0,Petrol,9.0
Audi,A4,2016.0,62500.0,Silver,1984.0,Automatic,5.0,270000000.0,Petrol,9.0
Fiat,500,2015.0,42500.0,Black,1368.0,Automatic,5.0,195000000.0,Petrol,10.0
Toyota,Avanza,2021.0,37500.0,Black,1329.0,Manual,7.0,165000000.0,Petrol,4.0
Mitsubishi,Outlander,2019.0,52500.0,White,2360.0,Automatic,5.0,375000000.0,Hybrid,6.0
Toyota,Markx,2012.0,97500.0,Black,2499.0,Automatic,5.0,215000000.0,Petrol,13.0
Toyota,Alphard,2023.0,32500.0,White,2494.0,Automatic,7.0,870000000.0,Petrol,2.0
Hyundai,Creta,2022.0,82500.0,Red,1497.0,Automatic,5.0,197000000.0,Petrol,3.0
Mg,5,2022.0,12500.0,Black,1498.0,Automatic,5.0,230000000.0,Petrol,3.0
Toyota,Camry,2022.0,22500.0,Black,2487.0,Automatic,5.0,525000000.0,Hybrid,3.0
Toyota,Vellfire,2021.0,12500.0,White,2494.0,Automatic,7.0,790000000.0,Petrol,4.0
Hyundai,Stargazer,2024.0,2500.0,Grey,1497.0,Automatic,7.0,241000000.0,Petrol,1.0
Mitsubishi,Xpander,2022.0,27500.0,Silver,1499.0,Automatic,7.0,207000000.0,Petrol,3.0
Hyundai,Santa,2022.0,27500.0,White,2497.0,Automatic,7.0,363000000.0,Petrol,3.0
Toyota,Vios,2010.0,52500.0,Silver,1497.0,Automatic,5.0,99000000.0,Petrol,15.0
Toyota,Rush,2021.0,32500.0,White,1496.0,Automatic,7.0,215000000.0,Petrol,4.0
Toyota,Fortuner,2017.0,77500.0,Silver,2393.0,Automatic,7.0,349000000.0,Diesel,8.0
Mitsubishi,Pajero,2021.0,57500.0,Black,2442.0,Automatic,7.0,459000000.0,Diesel,4.0
Renault,Triber,2020.0,67500.0,White,999.0,Automatic,5.0,85000000.0,Petrol,5.0
Lexus,Lm,2020.0,22500.0,Black,3456.0,Automatic,4.0,1058000000.0,Petrol,5.0
Toyota,Voxy,2023.0,12500.0,Black,1986.0,Automatic,5.0,449000000.0,Petrol,2.0
Bmw,X5,2023.0,22500.0,Black,2998.0,Automatic,5.0,1425000000.0,Petrol,2.0
Toyota,Vellfire,2024.0,2500.0,Black,2500.0,Automatic,7.0,1575000000.0,Hybrid,1.0
Lexus,Rx,2017.0,72500.0,White,1998.0,Automatic,5.0,628000000.0,Petrol,8.0
Hyundai,Santa,2024.0,2500.0,White,1598.0,Automatic,6.0,795000000.0,Hybrid,1.0
Suzuki,S,2022.0,37500.0,Blue,998.0,Automatic,4.0,119000000.0,Petrol,3.0
Mazda,2,2011.0,122500.0,White,1498.0,Automatic,5.0,93000000.0,Petrol,14.0
Toyota,Avanza,2017.0,82500.0,Black,1329.0,Manual,7.0,128000000.0,Petrol,8.0
Honda,Civic,2020.0,47500.0,White,1498.0,Automatic,5.0,297000000.0,Petrol,5.0
Honda,Cr,2015.0,97500.0,Black,2354.0,Automatic,5.0,183000000.0,Petrol,10.0
Hyundai,Santa,2023.0,7500.0,White,2497.0,Automatic,7.0,403000000.0,Petrol,2.0
Mitsubishi,Pajero,2021.0,47500.0,White,2442.0,Automatic,7.0,468000000.0,Diesel,4.0
Mercedes,Benz,2016.0,22500.0,White,1595.0,Automatic,5.0,325000000.0,Petrol,9.0
Mercedes,Benz,2017.0,37500.0,Silver,1991.0,Automatic,5.0,425000000.0,Petrol,8.0
Toyota,Land,2012.0,57500.0,Black,4461.0,Automatic,8.0,1089000000.0,Diesel,13.0
Bmw,X1,2018.0,37500.0,Black,1499.0,Automatic,5.0,318000000.0,Petrol,7.0
Toyota,Camry,2018.0,72500.0,Black,2494.0,Automatic,5.0,229000000.0,Petrol,7.0
Suzuki,Grand,2023.0,17500.0,Black,1462.0,Automatic,5.0,297000000.0,Hybrid,2.0
Mitsubishi,Xpander,2022.0,62500.0,Black,1499.0,Automatic,7.0,221000000.0,Petrol,3.0
Toyota,Alphard,2021.0,57500.0,Black,2494.0,Automatic,7.0,785000000.0,Petrol,4.0
Toyota,Vellfire,2014.0,87500.0,White,2362.0,Automatic,7.0,253000000.0,Petrol,11.0
Bmw,X5,2022.0,27500.0,White,2998.0,Automatic,5.0,955000000.0,Petrol,3.0
Toyota,Alphard,2018.0,62500.0,Black,2494.0,Automatic,7.0,655000000.0,Petrol,7.0
Lexus,Rx,2018.0,47500.0,Grey,1998.0,Automatic,5.0,615000000.0,Petrol,7.0
Mercedes,Benz,2018.0,37500.0,Black,1991.0,Automatic,5.0,350000000.0,Petrol,7.0
Toyota,Voxy,2019.0,57500.0,Black,1986.0,Automatic,7.0,325000000.0,Petrol,6.0
Mercedes,Benz,2020.0,37500.0,Silver,1991.0,Automatic,7.0,670000000.0,Petrol,5.0
Honda,Hr,2018.0,82500.0,White,1497.0,Automatic,5.0,205000000.0,Petrol,7.0
Toyota,Kijang,2017.0,97500.0,Black,1998.0,Automatic,7.0,242000000.0,Petrol,8.0
Mercedes,Benz,2019.0,27500.0,Black,1991.0,Automatic,5.0,525000000.0,Petrol,6.0
Mercedes,Benz,2019.0,27500.0,Black,1991.0,Automatic,5.0,725000000.0,Petrol,6.0
Toyota,Fortuner,2021.0,37500.0,White,2393.0,Automatic,7.0,435000000.0,Diesel,4.0
Toyota,Fortuner,2021.0,47500.0,White,2393.0,Automatic,7.0,435000000.0,Diesel,4.0
Toyota,Kijang,2023.0,12500.0,White,1998.0,Automatic,7.0,455000000.0,Petrol,2.0
Mitsubishi,Pajero,2019.0,47500.0,Black,2442.0,Automatic,7.0,398000000.0,Diesel,6.0
Bmw,330I,2021.0,22500.0,White,1998.0,Automatic,5.0,699000000.0,Petrol,4.0
Toyota,Alphard,2021.0,42500.0,White,2494.0,Automatic,7.0,945000000.0,Petrol,4.0
Toyota,Voxy,2021.0,42500.0,Black,1986.0,Automatic,7.0,328000000.0,Petrol,4.0
Suzuki,Ertiga,2020.0,82500.0,Grey,1462.0,Manual,7.0,173000000.0,Petrol,5.0
Mercedes,Benz,2020.0,17500.0,Black,2999.0,Automatic,7.0,1375000000.0,Petrol,5.0
Mercedes,Benz,2020.0,7500.0,White,2999.0,Automatic,7.0,1450000000.0,Petrol,5.0
Bmw,730Li,2019.0,12500.0,Black,1998.0,Automatic,5.0,899000000.0,Petrol,6.0
Toyota,Alphard,2015.0,62500.0,White,2493.0,Automatic,7.0,535000000.0,Petrol,10.0
Toyota,Kijang,2019.0,77500.0,Black,2393.0,Automatic,7.0,410000000.0,Diesel,6.0
Bmw,X5,2023.0,7500.0,White,2998.0,Automatic,5.0,1195000000.0,Petrol,2.0
Mercedes,Benz,2023.0,2500.0,Black,1999.0,Automatic,5.0,850000000.0,Petrol,2.0
Mercedes,Benz,2014.0,42500.0,White,2143.0,Automatic,5.0,299000000.0,Diesel,11.0
Mitsubishi,Xpander,2020.0,52500.0,Black,1499.0,Automatic,7.0,215000000.0,Petrol,5.0
Toyota,Alphard,2018.0,47500.0,Black,2494.0,Automatic,7.0,598000000.0,Petrol,7.0
Bmw,X5,2020.0,47500.0,Blue,2998.0,Automatic,5.0,777000000.0,Petrol,5.0
Mercedes,Benz,2018.0,37500.0,White,2143.0,Automatic,5.0,565000000.0,Petrol,7.0
Toyota,Land,2024.0,12500.0,White,3346.0,Automatic,7.0,2250000000.0,Diesel,1.0
Jeep,Wrangler,2022.0,12500.0,White,2000.0,Automatic,5.0,1650000000.0,Petrol,3.0
Mercedes,Benz,2018.0,37500.0,White,1991.0,Automatic,5.0,485000000.0,Petrol,7.0
Toyota,Land,2023.0,2500.0,Black,3346.0,Automatic,7.0,2250000000.0,Diesel,2.0
Bmw,X5,2016.0,52500.0,Black,2979.0,Automatic,5.0,355000000.0,Petrol,9.0
Toyota,Alphard,2018.0,42500.0,White,2494.0,Automatic,7.0,620000000.0,Petrol,7.0
Lexus,Rx,2018.0,87500.0,Black,1998.0,Automatic,5.0,588000000.0,Petrol,7.0
Mercedes,Benz,2023.0,7500.0,Black,1999.0,Automatic,5.0,840000000.0,Petrol,2.0
Mercedes,Benz,2019.0,7500.0,White,1332.0,Automatic,5.0,575000000.0,Petrol,6.0
Land,Rover,2013.0,22500.0,Black,5000.0,Automatic,5.0,950000000.0,Petrol,12.0
Mazda,Cx,2024.0,2500.0,Red,1496.0,Automatic,5.0,329000000.0,Petrol,1.0
Mazda,Cx,2022.0,12500.0,Grey,1496.0,Automatic,5.0,275000000.0,Petrol,3.0
Honda,Civic,2023.0,12500.0,White,1498.0,Automatic,5.0,449000000.0,Petrol,2.0
Mercedes,Benz,2018.0,52500.0,Black,1991.0,Automatic,5.0,428000000.0,Petrol,7.0
Suzuki,Baleno,2017.0,42500.0,Blue,1373.0,Automatic,5.0,145000000.0,Petrol,8.0
Suzuki,Apv,2017.0,87500.0,Red,1500.0,Manual,8.0,95000000.0,Petrol,8.0
Audi,Q7,2012.0,92500.0,Brown,2995.0,Automatic,7.0,179000000.0,Petrol,13.0
Toyota,Avanza,2024.0,12500.0,White,1329.0,Manual,7.0,186000000.0,Petrol,1.0
Mitsubishi,Xpander,2019.0,92500.0,Grey,1499.0,Automatic,7.0,220000000.0,Petrol,6.0
Hyundai,Creta,2025.0,2500.0,White,1497.0,Automatic,5.0,380000000.0,Petrol,0.0
Toyota,Camry,2019.0,37500.0,Black,2487.0,Automatic,5.0,388000000.0,Hybrid,6.0
Chevrolet,Trailblazer,2018.0,85000.0,White,2499.0,Automatic,7.0,275000000.0,Diesel,7.0
Kia,Sonet,2022.0,40000.0,White,1497.0,Automatic,5.0,205000000.0,Petrol,3.0
Toyota,Veloz,2022.0,33000.0,Black,1496.0,Automatic,7.0,205000000.0,Petrol,3.0
Hyundai,Stargazer,2023.0,2500.0,Silver,1497.0,Automatic,7.0,279000000.0,Petrol,2.0
Hyundai,Stargazer,2022.0,2500.0,White,1497.0,Automatic,7.0,239000000.0,Petrol,3.0
Bmw,435I,2014.0,37500.0,Grey,2979.0,Automatic,4.0,565000000.0,Petrol,11.0
Lexus,Nx,2015.0,32500.0,Grey,1998.0,Automatic,5.0,410000000.0,Petrol,10.0
Bmw,M4,2014.0,17500.0,White,2993.0,Automatic,4.0,1159000000.0,Petrol,11.0
Mercedes,Benz,2012.0,42500.0,Black,1796.0,Automatic,5.0,232000000.0,Petrol,13.0
Toyota,Kijang,2017.0,97500.0,Black,1998.0,Automatic,7.0,252000000.0,Petrol,8.0
Bmw,X5,2017.0,32500.0,White,2979.0,Automatic,5.0,448000000.0,Petrol,8.0
Mercedes,Benz,2022.0,7500.0,White,1332.0,Automatic,7.0,645000000.0,Petrol,3.0
Bmw,520I,2022.0,2500.0,Black,1998.0,Automatic,5.0,725000000.0,Petrol,3.0
Bmw,840I,2022.0,2500.0,Red,2998.0,Automatic,4.0,1725000000.0,Petrol,3.0
Mercedes,Benz,2019.0,32500.0,Black,2999.0,Automatic,7.0,1200000000.0,Petrol,6.0
Mercedes,Benz,2019.0,17500.0,Black,1991.0,Automatic,5.0,488000000.0,Petrol,6.0
Toyota,Alphard,2023.0,22500.0,White,2494.0,Automatic,7.0,925000000.0,Petrol,2.0
Bmw,430I,2024.0,2500.0,White,1998.0,Automatic,4.0,1415000000.0,Petrol,1.0
Honda,Freed,2013.0,187500.0,Silver,1497.0,Automatic,7.0,135000000.0,Petrol,12.0
Toyota,Voxy,2024.0,7500.0,Black,1986.0,Automatic,7.0,480000000.0,Petrol,1.0
Toyota,Fortuner,2017.0,52500.0,Silver,2393.0,Automatic,7.0,359000000.0,Diesel,8.0
Mitsubishi,Pajero,2018.0,72500.0,Silver,2442.0,Automatic,7.0,369000000.0,Diesel,7.0
Toyota,Raize,2022.0,42500.0,Blue,998.0,Automatic,5.0,199000000.0,Petrol,3.0
Toyota,Fortuner,2022.0,42500.0,White,2755.0,Automatic,7.0,479000000.0,Diesel,3.0
Toyota,Avanza,2024.0,12500.0,Silver,1496.0,Automatic,7.0,209000000.0,Petrol,1.0
Honda,Brio,2019.0,12500.0,Silver,1199.0,Automatic,5.0,141000000.0,Petrol,6.0
Mitsubishi,Pajero,2021.0,52500.0,Silver,2442.0,Automatic,7.0,449000000.0,Diesel,4.0
Honda,Hr,2024.0,12500.0,White,1498.0,Automatic,5.0,395000000.0,Petrol,1.0
Honda,Brio,2021.0,32500.0,Yellow,1199.0,Automatic,5.0,165000000.0,Petrol,4.0
Toyota,Rush,2021.0,42500.0,Maroon,1495.0,Automatic,7.0,214000000.0,Petrol,4.0
Toyota,Vios,2018.0,72500.0,Black,1496.0,Automatic,5.0,149000000.0,Petrol,7.0
Jeep,Wrangler,2023.0,2500.0,Silver,2000.0,Automatic,5.0,1725000000.0,Petrol,2.0
Mercedes,Benz,2019.0,2500.0,Black,1991.0,Automatic,5.0,565000000.0,Petrol,6.0
Mercedes,Benz,2022.0,2500.0,Black,1991.0,Automatic,5.0,1095000000.0,Petrol,3.0
Toyota,Veloz,2023.0,47500.0,Silver,1496.0,Automatic,7.0,230000000.0,Petrol,2.0
Toyota,Alphard,2016.0,102500.0,Black,2494.0,Automatic,7.0,498000000.0,Petrol,9.0
Toyota,Alphard,2018.0,47500.0,White,2494.0,Automatic,7.0,698000000.0,Petrol,7.0
Suzuki,Ertiga,2019.0,47500.0,Black,1462.0,Automatic,7.0,203000000.0,Petrol,6.0
Daihatsu,Ayla,2019.0,17500.0,White,998.0,Manual,5.0,103000000.0,Petrol,6.0
Honda,Mobilio,2014.0,57500.0,Grey,1496.0,Automatic,7.0,154000000.0,Petrol,11.0
Toyota,Kijang,2022.0,157500.0,Black,2393.0,Automatic,8.0,335000000.0,Diesel,3.0
Toyota,Avanza,2013.0,122500.0,White,1495.0,Automatic,7.0,115000000.0,Petrol,12.0
Honda,Hr,2023.0,52500.0,Others,1498.0,Automatic,5.0,330000000.0,Petrol,2.0
Mitsubishi,Xpander,2021.0,47500.0,White,1499.0,Automatic,7.0,240000000.0,Petrol,4.0
Toyota,Kijang,2021.0,32500.0,Black,2393.0,Automatic,8.0,329000000.0,Diesel,4.0
Mazda,Biante,2015.0,112500.0,Silver,1997.0,Automatic,7.0,155000000.0,Petrol,10.0
Bmw,X5,2022.0,2500.0,Grey,2998.0,Automatic,5.0,1040000000.0,Petrol,3.0
Bmw,520I,2024.0,2500.0,White,1998.0,Automatic,5.0,1050000000.0,Petrol,1.0
Bmw,X6,2023.0,2500.0,White,2998.0,Automatic,5.0,1850000000.0,Petrol,2.0
Lexus,Es,2023.0,2500.0,Grey,2487.0,Automatic,5.0,975000000.0,Hybrid,2.0
Bmw,M4,2024.0,2500.0,Blue,2993.0,Automatic,4.0,2200000000.0,Petrol,1.0
Mercedes,Benz,2020.0,2500.0,Black,1991.0,Automatic,5.0,995000000.0,Petrol,5.0
Mini,Cooper,2023.0,2500.0,Red,1998.0,Automatic,5.0,695000000.0,Petrol,2.0
Bmw,Z4,2024.0,2500.0,Blue,1998.0,Automatic,2.0,1495000000.0,Petrol,1.0
Honda,Wr,2024.0,27500.0,Red,1498.0,Automatic,5.0,269000000.0,Petrol,1.0
Mercedes,Benz,2014.0,72500.0,Black,1595.0,Automatic,5.0,289000000.0,Petrol,11.0
Honda,City,2018.0,52500.0,Black,1497.0,Automatic,5.0,180000000.0,Petrol,7.0
Toyota,Avanza,2020.0,32500.0,Black,1329.0,Manual,7.0,175000000.0,Petrol,5.0
Mercedes,Benz,2016.0,43999.0,White,1991.0,Automatic,5.0,360000000.0,Petrol,9.0
Bmw,528I,2015.0,27500.0,Brown,1997.0,Automatic,5.0,270000000.0,Petrol,10.0
Mercedes,Benz,2019.0,7500.0,White,1596.0,Automatic,5.0,392000000.0,Petrol,6.0
Porsche,Cayman,2013.0,7500.0,Yellow,2706.0,Automatic,2.0,995000000.0,Petrol,12.0
Bmw,X5,2022.0,27500.0,Grey,2998.0,Automatic,5.0,765000000.0,Petrol,3.0
Mercedes,Benz,2015.0,37500.0,White,2996.0,Automatic,5.0,499000000.0,Petrol,10.0
Bmw,X1,2021.0,32500.0,Black,1499.0,Automatic,5.0,449000000.0,Petrol,4.0
Toyota,Voxy,2022.0,7500.0,Black,1986.0,Automatic,7.0,434000000.0,Petrol,3.0
Mazda,Cx,2024.0,7500.0,Grey,1496.0,Automatic,5.0,327000000.0,Petrol,1.0
Hyundai,Creta,2022.0,37500.0,Black,1497.0,Automatic,5.0,289000000.0,Petrol,3.0
Honda,Hr,2021.0,42500.0,White,1497.0,Automatic,5.0,239000000.0,Petrol,4.0
Toyota,Kijang,2023.0,7500.0,White,1998.0,Automatic,7.0,475000000.0,Hybrid,2.0
Mercedes,Benz,2012.0,57500.0,Black,3498.0,Automatic,5.0,330000000.0,Petrol,13.0
Suzuki,Jimny,2025.0,2500.0,Blue,1500.0,Automatic,4.0,440000000.0,Petrol,0.0
Mazda,Cx,2017.0,87500.0,Grey,1998.0,Automatic,5.0,229000000.0,Petrol,8.0
Mg,Hs,2021.0,42500.0,Red,1490.0,Automatic,5.0,235000000.0,Petrol,4.0
Toyota,Alphard,2015.0,57500.0,White,2362.0,Automatic,7.0,540000000.0,Petrol,10.0
Toyota,Fortuner,2021.0,62500.0,White,2393.0,Automatic,7.0,475000000.0,Diesel,4.0
Porsche,Cayenne,2013.0,62500.0,Black,3598.0,Automatic,5.0,449000000.0,Petrol,12.0
Bmw,525I,2001.0,2500.0,Silver,2494.0,Automatic,5.0,99000000.0,Petrol,24.0
Honda,Hr,2022.0,27500.0,White,1498.0,Automatic,5.0,305000000.0,Petrol,3.0
Nissan,Livina,2022.0,32500.0,Black,1499.0,Automatic,7.0,203000000.0,Petrol,3.0
Honda,Hr,2019.0,67500.0,Grey,1799.0,Automatic,5.0,239000000.0,Petrol,6.0
Toyota,Kijang,2024.0,2500.0,White,1987.0,Automatic,8.0,469000000.0,Hybrid,1.0
Toyota,Rush,2019.0,52500.0,Silver,1495.0,Automatic,7.0,192000000.0,Petrol,6.0
Mercedes,Benz,2022.0,2500.0,White,1991.0,Automatic,5.0,910000000.0,Petrol,3.0
Toyota,Alphard,2022.0,17500.0,White,2494.0,Automatic,7.0,855000000.0,Petrol,3.0
Toyota,Alphard,2023.0,2500.0,Black,2500.0,Automatic,7.0,1325000000.0,Petrol,2.0
Mercedes,Benz,2018.0,7500.0,Black,1991.0,Automatic,5.0,585000000.0,Petrol,7.0
Bmw,X3,2023.0,7500.0,Grey,1998.0,Automatic,5.0,925000000.0,Petrol,2.0
Suzuki,Jimny,2024.0,2500.0,Brown,1462.0,Automatic,4.0,450000000.0,Petrol,1.0
Bmw,X5,2020.0,12500.0,Grey,2998.0,Automatic,5.0,838000000.0,Petrol,5.0
Toyota,Rush,2012.0,127500.0,Silver,1495.0,Automatic,5.0,115000000.0,Petrol,13.0
Suzuki,Jimny,2024.0,2500.0,Red,1500.0,Automatic,4.0,455000000.0,Petrol,1.0
Mercedes,Benz,2018.0,17500.0,Black,1991.0,Automatic,5.0,565000000.0,Petrol,7.0
Mercedes,Benz,2018.0,7500.0,Black,1991.0,Automatic,5.0,590000000.0,Petrol,7.0
Hyundai,Creta,2022.0,12500.0,Grey,1497.0,Automatic,5.0,268000000.0,Petrol,3.0
Toyota,Fortuner,2016.0,62500.0,Silver,2694.0,Automatic,7.0,295000000.0,Petrol,9.0
Toyota,Kijang,2022.0,12500.0,White,1998.0,Automatic,7.0,365000000.0,Petrol,3.0
Volkswagen,Tiguan,2020.0,37500.0,Black,1395.0,Automatic,5.0,315000000.0,Petrol,5.0
Porsche,Cayenne,2023.0,2500.0,Black,2995.0,Automatic,5.0,2765000000.0,Hybrid,2.0
Toyota,Veloz,2024.0,12500.0,White,1496.0,Automatic,7.0,248000000.0,Petrol,1.0
Mitsubishi,Xpander,2023.0,22500.0,Black,1499.0,Automatic,7.0,265000000.0,Petrol,2.0
Daihatsu,Sigra,2023.0,12500.0,Silver,1197.0,Automatic,7.0,125000000.0,Petrol,2.0
Mercedes,Benz,2022.0,2500.0,Black,2999.0,Automatic,7.0,1265000000.0,Petrol,3.0
Toyota,Veloz,2023.0,10000.0,Silver,1496.0,Automatic,7.0,245000000.0,Petrol,2.0
Bmw,840I,2021.0,1500.0,Orange,2998.0,Automatic,4.0,2000000000.0,Petrol,4.0
Bmw,M4,2022.0,7500.0,Yellow,2993.0,Automatic,4.0,1899000000.0,Petrol,3.0
Mercedes,Benz,2015.0,37500.0,Black,2996.0,Automatic,5.0,401000000.0,Petrol,10.0
Toyota,Fortuner,2013.0,120000.0,Black,2494.0,Automatic,7.0,245000000.0,Diesel,12.0
Mercedes,Benz,2019.0,57500.0,Grey,1332.0,Automatic,5.0,345000000.0,Petrol,6.0
Honda,Cr,2023.0,2500.0,Black,1993.0,Automatic,5.0,645000000.0,Hybrid,2.0
Toyota,Raize,2023.0,17500.0,Blue,998.0,Automatic,5.0,220000000.0,Petrol,2.0
Honda,Cr,2021.0,97500.0,Black,1498.0,Automatic,5.0,400000000.0,Petrol,4.0
Hyundai,H,2019.0,52500.0,Black,2497.0,Automatic,8.0,380000000.0,Diesel,6.0
Mazda,Cx,2019.0,72500.0,Black,2488.0,Automatic,5.0,300000000.0,Petrol,6.0
Toyota,Fortuner,2019.0,107500.0,Black,2393.0,Automatic,7.0,370000000.0,Diesel,6.0
Toyota,Voxy,2020.0,52500.0,White,1986.0,Automatic,7.0,320000000.0,Petrol,5.0
Toyota,Camry,2021.0,42500.0,Black,2487.0,Automatic,5.0,425000000.0,Petrol,4.0
Toyota,Kijang,2020.0,52500.0,Red,1998.0,Automatic,7.0,300000000.0,Petrol,5.0
Toyota,Kijang,2022.0,57500.0,Black,1998.0,Automatic,8.0,330000000.0,Diesel,3.0
Toyota,Camry,2021.0,32500.0,White,2487.0,Automatic,5.0,450000000.0,Petrol,4.0
Chevrolet,Trax,2017.0,62500.0,Red,1399.0,Automatic,5.0,145000000.0,Petrol,8.0
Toyota,Camry,2010.0,107500.0,Black,2362.0,Automatic,5.0,130000000.0,Petrol,15.0
Toyota,Camry,2014.0,102500.0,White,2494.0,Automatic,5.0,200000000.0,Hybrid,11.0
Toyota,Camry,2019.0,57500.0,Black,2494.0,Automatic,5.0,350000000.0,Petrol,6.0
Toyota,Camry,2020.0,57500.0,Black,2494.0,Automatic,5.0,370000000.0,Petrol,5.0
Mercedes,Benz,2014.0,77500.0,White,2143.0,Automatic,5.0,300000000.0,Diesel,11.0
Toyota,Kijang,2019.0,72500.0,Black,1998.0,Automatic,8.0,250000000.0,Petrol,6.0
Toyota,Voxy,2020.0,52500.0,Black,1986.0,Automatic,7.0,310000000.0,Petrol,5.0
Hyundai,H,2021.0,42500.0,Black,2497.0,Automatic,8.0,430000000.0,Diesel,4.0
Suzuki,Ertiga,2019.0,62500.0,White,1462.0,Manual,7.0,160000000.0,Petrol,6.0
Toyota,Camry,2021.0,22500.0,Black,2487.0,Automatic,5.0,550000000.0,Hybrid,4.0
Mercedes,Benz,2018.0,52500.0,Black,1991.0,Automatic,5.0,450000000.0,Petrol,7.0
Nissan,Serena,2017.0,82500.0,White,1997.0,Automatic,7.0,190000000.0,Petrol,8.0
Toyota,Kijang,2021.0,57500.0,Black,1998.0,Automatic,7.0,340000000.0,Petrol,4.0
Mitsubishi,Pajero,2024.0,2500.0,Black,2442.0,Automatic,7.0,570000000.0,Diesel,1.0
Bmw,X3,2024.0,2500.0,Black,1998.0,Automatic,5.0,975000000.0,Petrol,1.0
Mercedes,Benz,2011.0,37500.0,Black,2996.0,Automatic,5.0,215000000.0,Petrol,14.0
Hyundai,Stargazer,2024.0,37500.0,Grey,1497.0,Automatic,7.0,199000000.0,Petrol,1.0
Toyota,Fortuner,2019.0,72500.0,Black,2393.0,Automatic,7.0,369000000.0,Diesel,6.0
Toyota,Alphard,2022.0,42500.0,Black,2494.0,Automatic,7.0,790000000.0,Petrol,3.0
Hyundai,Creta,2022.0,27500.0,Red,1497.0,Automatic,5.0,269000000.0,Petrol,3.0
Honda,Civic,2019.0,42500.0,Red,1498.0,Automatic,5.0,312000000.0,Petrol,6.0
Toyota,Kijang,2021.0,87500.0,White,2393.0,Automatic,7.0,440000000.0,Diesel,4.0
Honda,Hr,2022.0,37500.0,White,1498.0,Automatic,5.0,295000000.0,Petrol,3.0
Daihatsu,Terios,2021.0,22500.0,White,1496.0,Manual,7.0,169000000.0,Petrol,4.0
Daihatsu,Xenia,2017.0,112500.0,White,1329.0,Manual,7.0,115000000.0,Petrol,8.0
Honda,Cr,2019.0,82500.0,Grey,1498.0,Automatic,5.0,351000000.0,Petrol,6.0
Toyota,Kijang,2016.0,12500.0,White,1998.0,Automatic,8.0,240000000.0,Petrol,9.0
Toyota,Raize,2021.0,32500.0,White,998.0,Automatic,5.0,195000000.0,Petrol,4.0
Chevrolet,Orlando,2016.0,92500.0,Black,1796.0,Automatic,7.0,135000000.0,Petrol,9.0
Jeep,Wrangler,2013.0,7500.0,Black,3604.0,Automatic,5.0,845000000.0,Petrol,12.0
Mercedes,Benz,2019.0,37500.0,Black,1497.0,Automatic,5.0,415000000.0,Petrol,6.0
Mercedes,Benz,2020.0,2500.0,White,1991.0,Automatic,5.0,975000000.0,Petrol,5.0
Mercedes,Benz,2021.0,2500.0,White,1991.0,Automatic,5.0,710000000.0,Petrol,4.0
Toyota,Kijang,2021.0,17500.0,Black,1998.0,Automatic,8.0,256000000.0,Petrol,4.0
Daihatsu,Gran,2017.0,27500.0,Silver,1495.0,Manual,9.0,129000000.0,Petrol,8.0
Honda,Wr,2023.0,32500.0,Black,1498.0,Automatic,5.0,230000000.0,Petrol,2.0
Suzuki,Xl7,2021.0,22500.0,Black,1500.0,Automatic,7.0,220000000.0,Petrol,4.0
Honda,Hr,2022.0,42500.0,Black,1498.0,Automatic,5.0,345000000.0,Petrol,3.0
Land,Rover,2018.0,22500.0,White,1997.0,Automatic,5.0,1290000000.0,Petrol,7.0
Toyota,Yaris,2023.0,17500.0,White,1496.0,Automatic,5.0,335000000.0,Hybrid,2.0
Toyota,Fortuner,2020.0,32500.0,Black,2393.0,Automatic,7.0,442000000.0,Diesel,5.0
Toyota,Kijang,2025.0,2500.0,White,1987.0,Automatic,8.0,480000000.0,Hybrid,0.0
Mercedes,Benz,2020.0,7500.0,Grey,1991.0,Automatic,5.0,1100000000.0,Petrol,5.0
Toyota,Fortuner,2016.0,57500.0,White,2393.0,Automatic,7.0,315000000.0,Diesel,9.0
Hyundai,Creta,2024.0,2500.0,Red,1497.0,Automatic,5.0,339000000.0,Petrol,1.0
Hyundai,Creta,2024.0,2500.0,White,1497.0,Automatic,5.0,345000000.0,Petrol,1.0
Hyundai,Creta,2022.0,47500.0,Grey,1497.0,Automatic,5.0,265000000.0,Petrol,3.0
Honda,Hr,2022.0,42500.0,Black,1498.0,Automatic,5.0,357000000.0,Petrol,3.0
Mercedes,Benz,2016.0,47500.0,Black,1596.0,Automatic,5.0,375000000.0,Petrol,9.0
Honda,Wr,2025.0,2500.0,White,1498.0,Automatic,5.0,239000000.0,Petrol,0.0
Mercedes,Benz,2013.0,37500.0,White,1991.0,Automatic,5.0,268000000.0,Petrol,12.0
Toyota,Corolla,2020.0,47500.0,Silver,1798.0,Automatic,5.0,255000000.0,Petrol,5.0
Honda,Cr,2018.0,77500.0,Grey,1498.0,Automatic,5.0,305000000.0,Petrol,7.0
Bmw,X5,2021.0,27500.0,White,2998.0,Automatic,5.0,817000000.0,Petrol,4.0
Mercedes,Benz,2017.0,27500.0,Black,1991.0,Automatic,5.0,318000000.0,Petrol,8.0
Toyota,Alphard,2021.0,47500.0,Black,2494.0,Automatic,7.0,750000000.0,Petrol,4.0
Lexus,Lm,2024.0,2500.0,White,2487.0,Automatic,7.0,1899000000.0,Hybrid,1.0
Lexus,Rx,2016.0,42500.0,Silver,1998.0,Automatic,5.0,512000000.0,Petrol,9.0
Mitsubishi,Outlander,2013.0,107500.0,White,1998.0,Automatic,5.0,139000000.0,Petrol,12.0
Mercedes,Benz,2014.0,32500.0,White,1991.0,Automatic,4.0,575000000.0,Petrol,11.0
Honda,Cr,2019.0,62500.0,Grey,1498.0,Automatic,5.0,285000000.0,Petrol,6.0
Peugeot,308,2012.0,52500.0,White,1598.0,Automatic,5.0,119000000.0,Petrol,13.0
Mitsubishi,Pajero,2022.0,32500.0,White,2442.0,Automatic,7.0,559000000.0,Diesel,3.0
Honda,Brio,2020.0,32500.0,Grey,1199.0,Automatic,5.0,145000000.0,Petrol,5.0
Lexus,Rx,2017.0,62500.0,Black,1998.0,Automatic,5.0,590000000.0,Petrol,8.0
Hyundai,H,2020.0,62500.0,White,2359.0,Automatic,8.0,325000000.0,Petrol,5.0
Mazda,Cx,2023.0,12500.0,White,3283.0,Automatic,5.0,675000000.0,Hybrid,2.0
Lexus,Lm,2024.0,57500.0,White,2487.0,Automatic,7.0,1899000000.0,Hybrid,1.0
Bmw,740Li,2020.0,2500.0,Black,2998.0,Automatic,5.0,1165000000.0,Petrol,5.0
Mitsubishi,Xpander,2022.0,32500.0,Black,1499.0,Automatic,7.0,199000000.0,Petrol,3.0
Toyota,Calya,2021.0,7500.0,Silver,1197.0,Manual,7.0,125000000.0,Petrol,4.0
Jeep,Wrangler,2014.0,42500.0,Brown,3604.0,Automatic,5.0,775000000.0,Petrol,11.0
Toyota,Land,2022.0,2500.0,White,3346.0,Automatic,7.0,2050000000.0,Diesel,3.0
Mercedes,Benz,2023.0,2500.0,Black,1999.0,Automatic,7.0,1150000000.0,Petrol,2.0
Mini,Countryman,2022.0,7500.0,White,1998.0,Automatic,5.0,660000000.0,Petrol,3.0
Bmw,Z4,2023.0,2500.0,Red,1998.0,Automatic,2.0,1385000000.0,Petrol,2.0
Mercedes,Benz,2018.0,22500.0,Black,1991.0,Automatic,5.0,570000000.0,Petrol,7.0
Bmw,330I,2020.0,27500.0,White,1998.0,Automatic,5.0,575000000.0,Petrol,5.0
Bmw,X5,2022.0,12500.0,White,2998.0,Automatic,5.0,1050000000.0,Petrol,3.0
Mercedes,Benz,2017.0,37500.0,White,2996.0,Automatic,7.0,625000000.0,Petrol,8.0
Porsche,Macan,2017.0,27500.0,White,1984.0,Automatic,5.0,650000000.0,Petrol,8.0
Toyota,Voxy,2023.0,12500.0,White,1986.0,Automatic,7.0,485000000.0,Petrol,2.0
Mercedes,Benz,2021.0,18000.0,Black,2999.0,Automatic,7.0,1170000000.0,Petrol,4.0
Suzuki,Xl7,2023.0,42500.0,Orange,1500.0,Automatic,7.0,227000000.0,Petrol,2.0
Mitsubishi,Pajero,2022.0,42500.0,Grey,2442.0,Automatic,7.0,465000000.0,Diesel,3.0
Bmw,320I,2017.0,57500.0,Black,1995.0,Automatic,5.0,370000000.0,Petrol,8.0
Suzuki,Baleno,2017.0,82500.0,Red,1373.0,Manual,5.0,115000000.0,Petrol,8.0
Honda,Brio,2022.0,42500.0,Silver,1199.0,Automatic,5.0,188000000.0,Petrol,3.0
Suzuki,Xl7,2021.0,62500.0,Black,1500.0,Automatic,7.0,228000000.0,Petrol,4.0
Mercedes,Benz,2018.0,12500.0,Black,1991.0,Automatic,5.0,585000000.0,Petrol,7.0
Toyota,Avanza,2024.0,12500.0,White,1329.0,Manual,7.0,192000000.0,Petrol,1.0
Mercedes,Benz,2021.0,32500.0,White,2999.0,Automatic,7.0,1000000000.0,Petrol,4.0
Mercedes,Benz,2015.0,22500.0,White,2996.0,Automatic,4.0,645000000.0,Petrol,10.0
Honda,Hr,2023.0,7500.0,White,1498.0,Automatic,5.0,352000000.0,Petrol,2.0
Daihatsu,Sigra,2024.0,12500.0,Black,998.0,Manual,7.0,110000000.0,Petrol,1.0
Hyundai,H,2017.0,127500.0,Grey,2497.0,Automatic,9.0,235000000.0,Diesel,8.0
Hyundai,Tucson,2016.0,97500.0,Grey,1999.0,Automatic,5.0,165000000.0,Petrol,9.0
Daihatsu,Xenia,2008.0,87500.0,Black,1298.0,Manual,7.0,88000000.0,Petrol,17.0
Honda,Hr,2022.0,24000.0,Black,1799.0,Automatic,5.0,355000000.0,Petrol,3.0
Toyota,Voxy,2018.0,72500.0,Black,1986.0,Automatic,7.0,288000000.0,Petrol,7.0
Toyota,Sienta,2018.0,87500.0,Black,1497.0,Automatic,7.0,150000000.0,Petrol,7.0
Toyota,Fortuner,2016.0,112500.0,White,2393.0,Automatic,7.0,279000000.0,Diesel,9.0
Mercedes,Benz,2018.0,37500.0,White,1991.0,Automatic,5.0,505000000.0,Petrol,7.0
Toyota,Kijang,2023.0,27500.0,Black,1998.0,Automatic,7.0,480000000.0,Hybrid,2.0
Toyota,Fortuner,2019.0,52500.0,Black,2393.0,Automatic,7.0,380000000.0,Diesel,6.0
Toyota,Corolla,2012.0,132500.0,Black,1798.0,Automatic,5.0,120000000.0,Petrol,13.0
Nissan,Grand,2013.0,132500.0,Blue,1498.0,Automatic,7.0,105000000.0,Petrol,12.0
Lexus,Nx,2015.0,87500.0,Black,1998.0,Automatic,5.0,325000000.0,Petrol,10.0
Toyota,Vellfire,2015.0,107500.0,Black,2493.0,Automatic,7.0,435000000.0,Petrol,10.0
Mercedes,Benz,2014.0,47500.0,Black,1991.0,Automatic,5.0,258000000.0,Petrol,11.0
Toyota,Alphard,2008.0,102500.0,Black,2362.0,Automatic,7.0,172000000.0,Petrol,17.0
Honda,Jazz,2016.0,92500.0,White,1497.0,Automatic,5.0,165000000.0,Petrol,9.0
Toyota,Previa,2004.0,157500.0,Silver,2362.0,Automatic,7.0,99000000.0,Petrol,21.0
Toyota,Alphard,2010.0,122500.0,Black,3456.0,Automatic,7.0,163000000.0,Petrol,15.0
Mazda,Cx,2018.0,37500.0,Black,1998.0,Automatic,5.0,205000000.0,Petrol,7.0
Mercedes,Benz,2013.0,27500.0,Red,1991.0,Automatic,4.0,569000000.0,Petrol,12.0
Mercedes,Benz,2020.0,32500.0,Black,1991.0,Automatic,7.0,628000000.0,Petrol,5.0
Mercedes,Benz,2010.0,77500.0,Grey,2996.0,Automatic,5.0,199000000.0,Petrol,15.0
Mercedes,Benz,2019.0,12500.0,Black,1991.0,Automatic,5.0,555000000.0,Petrol,6.0
Land,Rover,2013.0,42500.0,Red,1999.0,Automatic,5.0,329000000.0,Petrol,12.0
Jeep,Wrangler,2014.0,57500.0,Black,3604.0,Automatic,5.0,1025000000.0,Petrol,11.0
Bmw,320I,2014.0,27500.0,White,1997.0,Automatic,5.0,270000000.0,Petrol,11.0
Jeep,Wrangler,2012.0,12500.0,White,3604.0,Automatic,5.0,950000000.0,Petrol,13.0
Maserati,Ghibli,2014.0,17500.0,Black,2979.0,Automatic,5.0,725000000.0,Petrol,11.0
Toyota,Kijang,2024.0,27500.0,Black,1987.0,Automatic,8.0,439000000.0,Petrol,1.0
Toyota,Rush,2023.0,12500.0,Black,1496.0,Automatic,7.0,215000000.0,Petrol,2.0
Honda,Hr,2018.0,37500.0,Grey,1497.0,Automatic,5.0,188000000.0,Petrol,7.0
Toyota,Fortuner,2017.0,117500.0,Silver,2393.0,Automatic,7.0,330000000.0,Diesel,8.0
Hyundai,Creta,2022.0,47500.0,White,1497.0,Automatic,5.0,265000000.0,Petrol,3.0
Honda,Civic,2018.0,87500.0,Black,1498.0,Automatic,5.0,302000000.0,Petrol,7.0
Honda,Accord,2012.0,122500.0,Brown,2354.0,Automatic,5.0,125000000.0,Petrol,13.0
Honda,City,2014.0,127500.0,Black,1497.0,Automatic,5.0,142000000.0,Petrol,11.0
Toyota,Agya,2018.0,117500.0,Black,1197.0,Manual,5.0,105000000.0,Petrol,7.0
Mitsubishi,Xpander,2018.0,117500.0,White,1499.0,Automatic,7.0,175000000.0,Petrol,7.0
Honda,Cr,2018.0,97500.0,Grey,1498.0,Automatic,5.0,295000000.0,Petrol,7.0
Mazda,8,2012.0,127500.0,Grey,2260.0,Automatic,7.0,128000000.0,Petrol,13.0
Hyundai,Santa,2016.0,112500.0,Red,2359.0,Automatic,7.0,215000000.0,Petrol,9.0
Bmw,730Li,2022.0,47500.0,Black,1998.0,Automatic,5.0,1000000000.0,Petrol,3.0
Mercedes,Benz,2015.0,117500.0,Silver,1595.0,Automatic,5.0,295000000.0,Petrol,10.0
Toyota,Alphard,2015.0,122500.0,White,2494.0,Automatic,7.0,550000000.0,Petrol,10.0
Toyota,Fortuner,2019.0,72500.0,Black,2393.0,Automatic,7.0,380000000.0,Diesel,6.0
Hyundai,Stargazer,2022.0,32500.0,Grey,1497.0,Automatic,7.0,199000000.0,Petrol,3.0
Toyota,Yaris,2019.0,77500.0,Yellow,1496.0,Automatic,5.0,188000000.0,Petrol,6.0
Toyota,Corolla,2020.0,82500.0,Black,1798.0,Automatic,5.0,260000000.0,Petrol,5.0
Nissan,X,2015.0,137500.0,Grey,1997.0,Automatic,7.0,145000000.0,Petrol,10.0
Mercedes,Benz,2023.0,12500.0,Black,1332.0,Automatic,5.0,625000000.0,Petrol,2.0
Mini,Countryman,2020.0,17500.0,Grey,1998.0,Automatic,5.0,595000000.0,Petrol,5.0
Bmw,520I,2017.0,32500.0,Black,1997.0,Automatic,5.0,379000000.0,Petrol,8.0
Mitsubishi,Pajero,2024.0,2500.0,Black,2442.0,Automatic,7.0,560000000.0,Diesel,1.0
Toyota,Voxy,2023.0,7500.0,White,1986.0,Automatic,7.0,460000000.0,Petrol,2.0
Toyota,Voxy,2023.0,2500.0,Black,1986.0,Automatic,5.0,460000000.0,Petrol,2.0
Lexus,Rx,2023.0,2500.0,Black,2500.0,Automatic,5.0,1335000000.0,Hybrid,2.0
Lexus,Rx,2023.0,2500.0,White,2393.0,Automatic,5.0,1335000000.0,Petrol,2.0
Honda,Br,2017.0,52500.0,Black,1497.0,Automatic,7.0,128000000.0,Petrol,8.0
Mitsubishi,Xpander,2021.0,17500.0,Black,1499.0,Automatic,7.0,217000000.0,Petrol,4.0
Wuling,Alvez,2024.0,17500.0,White,1485.0,Automatic,5.0,205000000.0,Petrol,1.0
Mg,Hs,2021.0,42500.0,Black,1490.0,Automatic,5.0,225000000.0,Petrol,4.0
Toyota,Veloz,2023.0,12500.0,White,1496.0,Automatic,7.0,234000000.0,Petrol,2.0
Mercedes,Benz,2016.0,7500.0,Black,1991.0,Automatic,5.0,445000000.0,Petrol,9.0
Mercedes,Benz,2022.0,2500.0,Black,2999.0,Automatic,7.0,1250000000.0,Petrol,3.0
Toyota,Calya,2020.0,37500.0,Grey,1197.0,Automatic,7.0,125000000.0,Petrol,5.0
Chery,Omoda,2023.0,17500.0,Blue,1498.0,Automatic,5.0,269000000.0,Petrol,2.0
Honda,Hr,2017.0,57500.0,Grey,1497.0,Automatic,5.0,170000000.0,Petrol,8.0
Daihatsu,Gran,2022.0,27500.0,White,1495.0,Manual,9.0,138000000.0,Petrol,3.0
Toyota,Sienta,2019.0,77500.0,Silver,1497.0,Automatic,7.0,175000000.0,Petrol,6.0
Toyota,Fortuner,2023.0,2500.0,Black,2393.0,Automatic,7.0,445000000.0,Diesel,2.0
Wuling,Almaz,2019.0,42500.0,Black,1451.0,Automatic,5.0,155000000.0,Petrol,6.0
Toyota,Alphard,2023.0,12500.0,White,2494.0,Automatic,7.0,965000000.0,Petrol,2.0
Toyota,Sienta,2018.0,57500.0,Red,1497.0,Automatic,7.0,164000000.0,Petrol,7.0
Toyota,Fortuner,2022.0,27500.0,Black,2393.0,Automatic,7.0,474000000.0,Diesel,3.0
Toyota,Corolla,2020.0,42500.0,Black,1798.0,Automatic,5.0,265000000.0,Petrol,5.0
Toyota,Voxy,2020.0,47500.0,White,1986.0,Automatic,7.0,319000000.0,Petrol,5.0
Suzuki,Baleno,2022.0,32500.0,Grey,1462.0,Automatic,5.0,199000000.0,Petrol,3.0
Toyota,Agya,2024.0,2500.0,Black,1200.0,Automatic,5.0,149000000.0,Petrol,1.0
Toyota,Kijang,2022.0,47500.0,Black,2393.0,Automatic,8.0,395000000.0,Petrol,3.0
Toyota,Rush,2019.0,42500.0,White,1495.0,Automatic,7.0,193000000.0,Petrol,6.0
Daihatsu,Sigra,2023.0,12500.0,Red,1197.0,Manual,7.0,125000000.0,Petrol,2.0
Honda,Cr,2022.0,72500.0,White,1498.0,Automatic,5.0,399000000.0,Petrol,3.0
Toyota,Kijang,2023.0,42500.0,Black,1998.0,Automatic,8.0,425000000.0,Petrol,2.0
Nissan,X,2018.0,107500.0,Silver,2488.0,Automatic,7.0,185000000.0,Petrol,7.0
Hyundai,Stargazer,2023.0,12500.0,Grey,1497.0,Automatic,7.0,219000000.0,Petrol,2.0
Hyundai,Stargazer,2023.0,32500.0,Grey,1497.0,Automatic,7.0,185000000.0,Petrol,2.0
Honda,Brio,2024.0,7500.0,White,1199.0,Automatic,5.0,165000000.0,Petrol,1.0
Toyota,Vellfire,2024.0,2500.0,Black,2500.0,Automatic,7.0,1560000000.0,Hybrid,1.0
Toyota,Land,2019.0,32500.0,Black,4461.0,Automatic,8.0,1725000000.0,Diesel,6.0
Toyota,Land,2023.0,2500.0,White,3346.0,Automatic,7.0,2195000000.0,Diesel,2.0
Jeep,Wrangler,2013.0,47500.0,Black,2776.0,Automatic,5.0,875000000.0,Diesel,12.0
Jeep,Wrangler,2010.0,67500.0,Silver,3778.0,Automatic,5.0,630000000.0,Petrol,15.0
Mercedes,Benz,2018.0,17500.0,Black,1596.0,Automatic,5.0,440000000.0,Petrol,7.0
Mazda,Cx,2023.0,12500.0,Grey,2488.0,Automatic,5.0,433000000.0,Petrol,2.0
Bmw,X3,2022.0,7500.0,White,1998.0,Automatic,5.0,845000000.0,Petrol,3.0
Toyota,Alphard,2016.0,67500.0,Black,2494.0,Automatic,7.0,395000000.0,Petrol,9.0
Honda,Jazz,2014.0,92500.0,Black,1497.0,Automatic,5.0,158000000.0,Petrol,11.0
Nissan,Serena,2018.0,72500.0,White,1997.0,Automatic,7.0,180000000.0,Petrol,7.0
Mercedes,Benz,2021.0,27500.0,Black,1991.0,Automatic,7.0,668000000.0,Petrol,4.0
Mercedes,Benz,2019.0,32500.0,Black,1991.0,Automatic,5.0,527000000.0,Petrol,6.0
Mercedes,Benz,2013.0,37500.0,White,1991.0,Automatic,5.0,277000000.0,Petrol,12.0
Bmw,M2,2020.0,2500.0,Orange,2979.0,Automatic,4.0,1008000000.0,Petrol,5.0
Lexus,Ls,2018.0,12500.0,Black,3445.0,Automatic,5.0,1500000000.0,Petrol,7.0
Lexus,Lx,2022.0,27500.0,Black,3445.0,Automatic,7.0,2999000000.0,Petrol,3.0
Toyota,Alphard,2020.0,17500.0,Black,2494.0,Automatic,7.0,810000000.0,Petrol,5.0
Toyota,Alphard,2023.0,17500.0,Black,2494.0,Automatic,7.0,875000000.0,Petrol,2.0
Mercedes,Benz,2014.0,17500.0,White,1595.0,Automatic,5.0,275000000.0,Petrol,11.0
Toyota,Land,2024.0,2500.0,Black,3346.0,Automatic,7.0,2295000000.0,Diesel,1.0
Mg,Vs,2024.0,2500.0,Black,1498.0,Automatic,5.0,275000000.0,Petrol,1.0
Mg,Vs,2024.0,7500.0,Red,1498.0,Automatic,5.0,270000000.0,Petrol,1.0
Kia,Sonet,2021.0,67500.0,White,1497.0,Automatic,5.0,188000000.0,Petrol,4.0
Hyundai,Stargazer,2023.0,32500.0,Red,1497.0,Automatic,7.0,209000000.0,Petrol,2.0
Honda,Wr,2023.0,12500.0,White,1498.0,Automatic,5.0,236000000.0,Petrol,2.0
Hyundai,Stargazer,2022.0,22500.0,Grey,1497.0,Automatic,7.0,209000000.0,Petrol,3.0
Toyota,Raize,2023.0,17500.0,Blue,998.0,Automatic,5.0,214000000.0,Petrol,2.0
Mercedes,Benz,2022.0,27500.0,Black,1332.0,Automatic,7.0,565000000.0,Petrol,3.0
Mercedes,Benz,2013.0,62500.0,Black,1796.0,Automatic,5.0,175000000.0,Petrol,12.0
Honda,City,2022.0,32500.0,Grey,1498.0,Automatic,5.0,219000000.0,Petrol,3.0
Toyota,Rush,2025.0,2500.0,Black,1495.0,Automatic,5.0,259000000.0,Petrol,0.0
Toyota,Fortuner,2018.0,7500.0,Black,2694.0,Automatic,7.0,369000000.0,Petrol,7.0
Honda,Hr,2022.0,37500.0,Grey,1498.0,Automatic,5.0,345000000.0,Petrol,3.0
Volkswagen,Scirocco,2018.0,12500.0,Black,1390.0,Automatic,4.0,348000000.0,Petrol,7.0
Audi,A6,2014.0,17500.0,Black,1984.0,Automatic,5.0,218000000.0,Petrol,11.0
Honda,Mobilio,2016.0,117500.0,White,1496.0,Automatic,7.0,132000000.0,Petrol,9.0
Porsche,Boxster,2013.0,17500.0,Yellow,2706.0,Automatic,2.0,1350000000.0,Petrol,12.0
Jaguar,F,2014.0,12500.0,White,2995.0,Automatic,4.0,1375000000.0,Petrol,11.0
Jaguar,Xj,2014.0,17500.0,Silver,2995.0,Automatic,5.0,510000000.0,Petrol,11.0
Toyota,Land,2023.0,12500.0,Black,3346.0,Automatic,7.0,2250000000.0,Diesel,2.0
Toyota,Land,2023.0,7500.0,Black,3346.0,Automatic,7.0,2300000000.0,Diesel,2.0
Bmw,M2,2017.0,12500.0,Grey,2979.0,Automatic,4.0,925000000.0,Petrol,8.0
Mercedes,Benz,1990.0,102000.0,Grey,1996.0,Automatic,5.0,580000000.0,Petrol,35.0
Mercedes,Benz,2021.0,17500.0,Black,1332.0,Automatic,7.0,518000000.0,Petrol,4.0
Mercedes,Benz,2023.0,2500.0,Black,2999.0,Automatic,7.0,1725000000.0,Petrol,2.0
Bmw,X7,2022.0,7500.0,Black,2998.0,Automatic,7.0,1450000000.0,Petrol,3.0
Bmw,X1,2023.0,2500.0,White,1499.0,Automatic,5.0,700000000.0,Petrol,2.0
Bmw,X3,2019.0,17500.0,Black,1998.0,Automatic,5.0,530000000.0,Petrol,6.0
Mercedes,Benz,2023.0,7500.0,Black,1999.0,Automatic,5.0,860000000.0,Petrol,2.0
Mercedes,Benz,2022.0,7500.0,Black,1991.0,Automatic,5.0,770000000.0,Petrol,3.0
Honda,Cr,2012.0,132500.0,Grey,1997.0,Automatic,5.0,109000000.0,Petrol,13.0
Toyota,Alphard,2009.0,87500.0,Silver,2362.0,Automatic,7.0,171000000.0,Petrol,16.0
Toyota,Kijang,2021.0,77500.0,Black,2393.0,Automatic,8.0,320000000.0,Diesel,4.0
Wuling,Alvez,2023.0,17500.0,Maroon,1485.0,Automatic,5.0,198000000.0,Petrol,2.0
Mazda,3,2024.0,7500.0,Red,1998.0,Automatic,5.0,460000000.0,Petrol,1.0
Mercedes,Benz,2017.0,7500.0,Black,1991.0,Automatic,5.0,550000000.0,Petrol,8.0
Mercedes,Benz,2020.0,17500.0,Black,2999.0,Automatic,7.0,995000000.0,Petrol,5.0
Lexus,Es,2024.0,2500.0,Grey,2487.0,Automatic,5.0,1050000000.0,Hybrid,1.0
Toyota,Fortuner,2019.0,92500.0,Black,2393.0,Automatic,7.0,380000000.0,Diesel,6.0
Mercedes,Benz,2022.0,2500.0,Blue,1991.0,Automatic,5.0,650000000.0,Petrol,3.0
Toyota,Camry,2022.0,7500.0,Black,2487.0,Automatic,5.0,575000000.0,Hybrid,3.0
Bmw,X5,2019.0,7500.0,Black,2998.0,Automatic,5.0,835000000.0,Petrol,6.0
Bmw,435I,2014.0,37500.0,Silver,2979.0,Automatic,4.0,565000000.0,Petrol,11.0
Toyota,Vellfire,2019.0,82500.0,Black,2494.0,Automatic,7.0,739000000.0,Petrol,6.0
Mazda,Cx,2023.0,7500.0,Grey,2488.0,Automatic,7.0,639000000.0,Petrol,2.0
Porsche,Boxster,2012.0,7500.0,White,2706.0,Automatic,2.0,1150000000.0,Petrol,13.0
Mazda,Cx,2021.0,22500.0,Grey,2488.0,Automatic,5.0,358000000.0,Petrol,4.0
Abarth,500,2010.0,17500.0,Red,1368.0,Automatic,4.0,349000000.0,Petrol,15.0
Mercedes,Benz,2020.0,22500.0,White,1991.0,Automatic,5.0,838000000.0,Petrol,5.0
Mercedes,Benz,2017.0,32500.0,Black,1991.0,Automatic,5.0,379000000.0,Petrol,8.0
Mini,Cooper,2014.0,47500.0,Orange,1500.0,Automatic,4.0,355000000.0,Petrol,11.0
Lexus,Lx,2024.0,2500.0,Black,3445.0,Automatic,7.0,3400000000.0,Petrol,1.0
Bmw,330I,2020.0,27500.0,Blue,1998.0,Automatic,5.0,600000000.0,Petrol,5.0
Mercedes,Benz,2012.0,17500.0,White,1796.0,Automatic,4.0,395000000.0,Petrol,13.0
Bmw,330I,2020.0,27500.0,Grey,1998.0,Automatic,5.0,620000000.0,Petrol,5.0
Mitsubishi,Xpander,2022.0,32500.0,Black,1499.0,Automatic,7.0,250000000.0,Petrol,3.0
Lexus,Rx,2019.0,37500.0,Grey,1998.0,Automatic,5.0,820000000.0,Petrol,6.0
Lexus,Lx,2018.0,72500.0,Black,5663.0,Automatic,8.0,1595000000.0,Petrol,7.0
Bmw,X3,2022.0,2500.0,White,1998.0,Automatic,5.0,895000000.0,Petrol,3.0
Bmw,X1,2019.0,27500.0,Grey,1499.0,Automatic,5.0,365000000.0,Petrol,6.0
Subaru,Wrx,2013.0,32500.0,Blue,2457.0,Automatic,5.0,500000000.0,Petrol,12.0
Mazda,Cx,2019.0,27500.0,Black,2488.0,Automatic,7.0,415000000.0,Petrol,6.0
Mercedes,Benz,2017.0,32500.0,Black,1991.0,Automatic,5.0,555000000.0,Petrol,8.0
Mercedes,Benz,2015.0,12500.0,White,2996.0,Automatic,5.0,605000000.0,Petrol,10.0
Honda,Hr,2024.0,17500.0,White,1498.0,Automatic,5.0,375000000.0,Petrol,1.0
Bmw,X5,2017.0,47500.0,White,2979.0,Automatic,5.0,640000000.0,Petrol,8.0
Bmw,530I,2018.0,22500.0,Black,1998.0,Automatic,5.0,750000000.0,Petrol,7.0
Land,Rover,2016.0,42500.0,White,4999.0,Automatic,5.0,1050000000.0,Petrol,9.0
Subaru,Brz,2022.0,2500.0,Blue,2387.0,Automatic,4.0,750000000.0,Petrol,3.0
Bmw,X5,2018.0,42500.0,White,2979.0,Automatic,5.0,499000000.0,Petrol,7.0
Bmw,840I,2022.0,2500.0,Black,2998.0,Automatic,5.0,1825000000.0,Petrol,3.0
Porsche,Boxster,2013.0,22500.0,Red,2706.0,Automatic,2.0,995000000.0,Petrol,12.0
Porsche,Boxster,2013.0,7500.0,Yellow,2706.0,Automatic,2.0,1275000000.0,Petrol,12.0
Subaru,Wrx,2013.0,67500.0,Blue,2457.0,Automatic,5.0,500000000.0,Petrol,12.0
Mercedes,Benz,2015.0,17500.0,Black,1991.0,Automatic,5.0,519000000.0,Petrol,10.0
Bmw,M4,2022.0,7500.0,Black,2993.0,Automatic,4.0,1900000000.0,Petrol,3.0
Bentley,Continental,2010.0,2500.0,Black,5998.0,Automatic,5.0,2350000000.0,Petrol,15.0
Mercedes,Benz,2021.0,17500.0,Black,1991.0,Automatic,7.0,780000000.0,Petrol,4.0
Bmw,M4,2021.0,22500.0,Black,2993.0,Automatic,4.0,2200000000.0,Petrol,4.0
Bmw,320I,2017.0,22500.0,White,1995.0,Automatic,5.0,355000000.0,Petrol,8.0
Bmw,X6,2008.0,127500.0,Grey,2979.0,Automatic,4.0,200000000.0,Petrol,17.0
Mitsubishi,Pajero,2013.0,147500.0,White,2477.0,Automatic,7.0,235000000.0,Diesel,12.0
Lexus,Lm,2024.0,12500.0,Black,2487.0,Automatic,4.0,2475000000.0,Hybrid,1.0
Mercedes,Benz,2014.0,52500.0,Black,1991.0,Automatic,5.0,188000000.0,Petrol,11.0
Mercedes,Benz,2017.0,12500.0,Red,1595.0,Automatic,5.0,359000000.0,Petrol,8.0
Bmw,X5,2017.0,27500.0,Black,2979.0,Automatic,5.0,500000000.0,Petrol,8.0
Bmw,M2,2020.0,17500.0,Black,2979.0,Automatic,4.0,1350000000.0,Petrol,5.0
Mercedes,Benz,2022.0,12500.0,Black,1991.0,Automatic,7.0,895000000.0,Petrol,3.0
Mclaren,Mp412C,2013.0,17500.0,Yellow,3799.0,Automatic,2.0,4400000000.0,Petrol,12.0
Mercedes,Benz,2013.0,47500.0,Black,1991.0,Automatic,5.0,255000000.0,Petrol,12.0
Bmw,M2,2023.0,2500.0,Red,2979.0,Automatic,4.0,1598000000.0,Petrol,2.0
Lexus,Rx,2019.0,97500.0,Grey,1998.0,Automatic,5.0,675000000.0,Petrol,6.0
Toyota,Land,2003.0,202500.0,Black,4164.0,Automatic,8.0,595000000.0,Diesel,22.0
Volkswagen,Golf,2011.0,37500.0,Red,1390.0,Automatic,5.0,120000000.0,Petrol,14.0
Mercedes,Benz,2018.0,37500.0,White,1991.0,Automatic,5.0,625000000.0,Petrol,7.0
Mercedes,Benz,2019.0,7500.0,Grey,1596.0,Automatic,5.0,595000000.0,Petrol,6.0
Bmw,X1,2015.0,27500.0,White,1995.0,Automatic,5.0,245000000.0,Petrol,10.0
Bmw,X1,2017.0,22500.0,Black,1499.0,Automatic,5.0,289000000.0,Petrol,8.0
Porsche,911,2022.0,2500.0,Black,3996.0,Manual,2.0,7500000000.0,Petrol,3.0
Mercedes,Benz,2018.0,22500.0,Black,2999.0,Automatic,5.0,1200000000.0,Petrol,7.0
Lexus,Rx,2020.0,102500.0,White,1998.0,Automatic,5.0,799000000.0,Petrol,5.0
Lexus,Rx,2017.0,97500.0,Black,1998.0,Automatic,5.0,700000000.0,Petrol,8.0
Bmw,330I,2019.0,27500.0,White,1998.0,Automatic,5.0,579000000.0,Petrol,6.0
Bmw,330I,2021.0,22500.0,White,1998.0,Automatic,5.0,655000000.0,Petrol,4.0
Bmw,M4,2021.0,17500.0,Yellow,2993.0,Automatic,4.0,1850000000.0,Petrol,4.0
Bmw,330I,2021.0,17500.0,White,1998.0,Automatic,5.0,645000000.0,Petrol,4.0
Toyota,Land,2020.0,97500.0,Black,4461.0,Automatic,8.0,865000000.0,Diesel,5.0
Bmw,X1,2020.0,37500.0,Black,1499.0,Automatic,5.0,405000000.0,Petrol,5.0
Mercedes,Benz,2014.0,37500.0,Silver,1595.0,Automatic,5.0,310000000.0,Petrol,11.0
Mercedes,Benz,2019.0,22500.0,White,1991.0,Automatic,5.0,888000000.0,Petrol,6.0
Bmw,330I,2021.0,12500.0,Black,1998.0,Automatic,5.0,669000000.0,Petrol,4.0
Mazda,2,2016.0,87500.0,Blue,1496.0,Automatic,5.0,285000000.0,Petrol,9.0
Mazda,Cx,2022.0,12500.0,Grey,2488.0,Automatic,7.0,639900000.0,Petrol,3.0
Mercedes,Benz,2014.0,27500.0,White,1991.0,Automatic,5.0,565000000.0,Petrol,11.0
Mini,Cooper,2018.0,22500.0,Blue,1499.0,Automatic,5.0,467000000.0,Petrol,7.0
Bmw,520D,2016.0,37500.0,White,1995.0,Automatic,5.0,295000000.0,Diesel,9.0
Lexus,Lm,2024.0,2500.0,Black,2487.0,Automatic,4.0,2450000000.0,Hybrid,1.0
Mercedes,Benz,2023.0,2500.0,Black,1999.0,Automatic,7.0,1275000000.0,Petrol,2.0
Toyota,Alphard,2023.0,2500.0,Black,2494.0,Automatic,7.0,1210000000.0,Petrol,2.0
Bmw,M4,2022.0,2500.0,Yellow,2993.0,Automatic,4.0,1900000000.0,Petrol,3.0
Toyota,Alphard,2016.0,7500.0,Black,2494.0,Automatic,7.0,520000000.0,Petrol,9.0
Mercedes,Benz,2022.0,2500.0,Black,2999.0,Automatic,7.0,1395000000.0,Petrol,3.0
Mazda,Cx,2018.0,27500.0,Black,2488.0,Automatic,5.0,319000000.0,Petrol,7.0
Mercedes,Benz,2018.0,17500.0,White,2999.0,Automatic,5.0,975000000.0,Petrol,7.0
Bmw,520I,2020.0,7500.0,Black,1998.0,Automatic,5.0,790000000.0,Petrol,5.0
Hyundai,Palisade,2021.0,47500.0,White,2199.0,Automatic,7.0,690000000.0,Diesel,4.0
Volkswagen,Polo,2016.0,82500.0,Black,1197.0,Automatic,5.0,128000000.0,Petrol,9.0
Lexus,Lx,2019.0,37500.0,Black,5663.0,Automatic,8.0,1875000000.0,Petrol,6.0
Lexus,Rx,2023.0,17500.0,Green,2500.0,Automatic,5.0,1230000000.0,Hybrid,2.0
Lexus,Rx,2018.0,47500.0,Grey,1998.0,Automatic,5.0,655000000.0,Petrol,7.0
Toyota,Alphard,2016.0,117500.0,Black,2494.0,Automatic,7.0,649000000.0,Petrol,9.0
Lexus,Rx,2021.0,52500.0,Black,1998.0,Automatic,5.0,900000000.0,Petrol,4.0
Land,Rover,2012.0,37500.0,Black,1999.0,Automatic,5.0,299000000.0,Petrol,13.0
Mercedes,Benz,2019.0,7500.0,White,1596.0,Automatic,5.0,599000000.0,Petrol,6.0
Bmw,M3,2023.0,2500.0,Green,2993.0,Automatic,5.0,2049000000.0,Petrol,2.0
Mercedes,Benz,2017.0,17500.0,Black,1991.0,Automatic,5.0,650000000.0,Petrol,8.0
Mercedes,Benz,2015.0,42500.0,White,1991.0,Automatic,5.0,339000000.0,Petrol,10.0
Mercedes,Benz,2021.0,22500.0,Black,2999.0,Automatic,7.0,1150000000.0,Petrol,4.0
Mercedes,Benz,2018.0,27500.0,Black,2999.0,Automatic,5.0,1075000000.0,Petrol,7.0
Ford,Mustang,2024.0,2500.0,Black,2300.0,Automatic,4.0,1550000000.0,Petrol,1.0
Mercedes,Benz,2022.0,12500.0,White,1991.0,Automatic,5.0,1370000000.0,Petrol,3.0
Mercedes,Benz,2022.0,7500.0,Grey,1991.0,Automatic,7.0,900000000.0,Petrol,3.0
Mercedes,Benz,2017.0,22500.0,Black,1991.0,Automatic,5.0,580000000.0,Petrol,8.0
Mercedes,Benz,2016.0,52500.0,Black,1991.0,Automatic,5.0,430000000.0,Petrol,9.0
Mercedes,Benz,2022.0,7500.0,Black,2999.0,Automatic,7.0,1850000000.0,Petrol,3.0
Mercedes,Benz,2015.0,12500.0,White,2996.0,Automatic,4.0,950000000.0,Petrol,10.0
Mercedes,Benz,2019.0,2500.0,Red,1332.0,Automatic,5.0,639000000.0,Petrol,6.0
Mercedes,Benz,2019.0,7500.0,Black,2999.0,Automatic,5.0,1275000000.0,Petrol,6.0
Mercedes,Benz,2019.0,12500.0,White,1991.0,Automatic,5.0,635000000.0,Petrol,6.0
Mercedes,Benz,2017.0,17500.0,Black,1991.0,Automatic,5.0,495000000.0,Petrol,8.0
Bmw,320I,2018.0,27500.0,Black,1995.0,Automatic,5.0,345000000.0,Petrol,7.0
Toyota,Kijang,2023.0,17500.0,Black,1998.0,Automatic,8.0,525000000.0,Petrol,2.0
Mercedes,Benz,2022.0,7500.0,White,1991.0,Automatic,4.0,1390000000.0,Petrol,3.0
Mazda,Cx,2022.0,17500.0,Grey,2488.0,Automatic,7.0,655000000.0,Petrol,3.0
Jeep,Wrangler,2023.0,2500.0,Yellow,1995.0,Automatic,4.0,1775000000.0,Petrol,2.0
Lexus,Rx,2023.0,2500.0,Grey,2500.0,Automatic,5.0,1485000000.0,Hybrid,2.0
Mercedes,Benz,2020.0,7500.0,Grey,1991.0,Automatic,5.0,950000000.0,Petrol,5.0
Mercedes,Benz,2017.0,22500.0,Black,1991.0,Automatic,5.0,665000000.0,Petrol,8.0
Mercedes,Benz,2019.0,22500.0,White,1332.0,Automatic,5.0,625000000.0,Petrol,6.0
Porsche,911,2022.0,2500.0,White,2981.0,Automatic,4.0,4850000000.0,Petrol,3.0
Mercedes,Benz,2023.0,2500.0,White,2999.0,Automatic,7.0,1675000000.0,Petrol,2.0
Mercedes,Benz,2015.0,17500.0,White,1991.0,Automatic,5.0,359000000.0,Petrol,10.0
Mercedes,Benz,2017.0,32500.0,Brown,1595.0,Automatic,5.0,375000000.0,Petrol,8.0
Porsche,Boxster,2013.0,12500.0,Red,2706.0,Automatic,2.0,1350000000.0,Petrol,12.0
Mercedes,Benz,2020.0,7500.0,Grey,1991.0,Automatic,5.0,675000000.0,Petrol,5.0
Ferrari,California,2015.0,2500.0,Red,3855.0,Automatic,4.0,4350000000.0,Petrol,10.0
Mercedes,Benz,2017.0,57500.0,White,1991.0,Automatic,5.0,355000000.0,Petrol,8.0
Mercedes,Benz,2017.0,32500.0,White,1991.0,Automatic,5.0,475000000.0,Petrol,8.0
Land,Rover,2017.0,27500.0,White,1998.0,Automatic,5.0,995000000.0,Petrol,8.0
Mercedes,Benz,2022.0,7500.0,Black,1991.0,Automatic,5.0,789000000.0,Petrol,3.0
Mercedes,Benz,2012.0,52500.0,White,1796.0,Automatic,5.0,185000000.0,Petrol,13.0
Mercedes,Benz,2017.0,17500.0,White,1991.0,Automatic,5.0,469000000.0,Petrol,8.0
Mercedes,Benz,2017.0,7500.0,Black,1991.0,Automatic,5.0,550000000.0,Petrol,8.0
Mercedes,Benz,2015.0,47500.0,Black,1991.0,Automatic,5.0,450000000.0,Petrol,10.0
Mercedes,Benz,2011.0,67500.0,Black,1796.0,Automatic,5.0,112000000.0,Petrol,14.0
Mercedes,Benz,2021.0,2500.0,Black,2999.0,Automatic,7.0,1325000000.0,Petrol,4.0
Mercedes,Benz,2019.0,7500.0,White,1991.0,Automatic,4.0,1150000000.0,Petrol,6.0
Mercedes,Benz,2019.0,32500.0,White,1991.0,Automatic,5.0,575000000.0,Petrol,6.0
Mercedes,Benz,2019.0,22500.0,Grey,1991.0,Automatic,5.0,589000000.0,Petrol,6.0
Lexus,Rx,2017.0,77500.0,White,1998.0,Automatic,5.0,640000000.0,Petrol,8.0
Suzuki,Jimny,2023.0,17500.0,Black,1462.0,Automatic,4.0,450000000.0,Petrol,2.0
Mercedes,Benz,2020.0,27500.0,Black,1991.0,Automatic,5.0,915000000.0,Petrol,5.0
Infiniti,Fx37,2012.0,67500.0,Black,3696.0,Automatic,5.0,290000000.0,Petrol,13.0
Mercedes,Benz,2017.0,32500.0,Black,1991.0,Automatic,5.0,599000000.0,Petrol,8.0
Mercedes,Benz,2018.0,27500.0,White,1991.0,Automatic,4.0,999000000.0,Petrol,7.0
Porsche,Boxster,2011.0,22500.0,White,2893.0,Automatic,2.0,1020000000.0,Petrol,14.0
Mercedes,Benz,2016.0,22500.0,White,2996.0,Automatic,5.0,435000000.0,Petrol,9.0
Mercedes,Benz,2019.0,27500.0,White,1991.0,Automatic,4.0,850000000.0,Petrol,6.0
Mercedes,Benz,2023.0,2500.0,Black,2999.0,Automatic,7.0,1725000000.0,Petrol,2.0
Mercedes,Benz,2019.0,17500.0,Black,2999.0,Automatic,5.0,1100000000.0,Petrol,6.0
Mercedes,Benz,2022.0,37500.0,Black,1991.0,Automatic,7.0,799000000.0,Petrol,3.0
Mercedes,Benz,2019.0,32500.0,Black,1991.0,Automatic,5.0,575000000.0,Petrol,6.0
Mercedes,Benz,2018.0,2500.0,White,2996.0,Automatic,5.0,999000000.0,Petrol,7.0
Mazda,Cx,2019.0,37500.0,Black,2488.0,Automatic,7.0,399000000.0,Petrol,6.0
Subaru,Brz,2013.0,22500.0,Green,1998.0,Automatic,4.0,498000000.0,Petrol,12.0
Mercedes,Benz,2017.0,7500.0,Blue,2996.0,Automatic,5.0,1020000000.0,Petrol,8.0
Toyota,Land,2019.0,52500.0,Black,4461.0,Automatic,8.0,1750000000.0,Diesel,6.0
Dodge,Journey,2015.0,77500.0,Black,2400.0,Automatic,7.0,148000000.0,Petrol,10.0
Bmw,320I,2017.0,17500.0,Red,1995.0,Automatic,5.0,400000000.0,Petrol,8.0
Toyota,Kijang,2022.0,37500.0,Black,2393.0,Automatic,7.0,495000000.0,Diesel,3.0
Audi,A8,2011.0,22500.0,Black,2995.0,Automatic,5.0,400000000.0,Petrol,14.0
Mercedes,Benz,2018.0,47500.0,Black,2996.0,Automatic,5.0,595000000.0,Petrol,7.0
Mercedes,Benz,2019.0,12500.0,Black,1991.0,Automatic,5.0,690000000.0,Petrol,6.0
Mercedes,Benz,2019.0,27500.0,Red,1595.0,Automatic,5.0,439000000.0,Petrol,6.0
Bmw,730Li,2018.0,37500.0,Grey,1998.0,Automatic,5.0,799000000.0,Petrol,7.0
Toyota,Fortuner,2024.0,7500.0,White,2755.0,Automatic,7.0,509000000.0,Diesel,1.0
Land,Rover,2018.0,2500.0,White,1998.0,Automatic,5.0,1550000000.0,Petrol,7.0
Mercedes,Benz,2012.0,22500.0,Brown,1796.0,Automatic,5.0,335000000.0,Petrol,13.0
Bmw,320I,2020.0,22500.0,Black,1995.0,Automatic,5.0,509000000.0,Petrol,5.0
Toyota,Vellfire,2020.0,62500.0,White,2494.0,Automatic,7.0,785000000.0,Petrol,5.0
Nissan,Serena,2017.0,67500.0,Black,1997.0,Automatic,7.0,210000000.0,Petrol,8.0
Bmw,430I,2022.0,7500.0,Blue,1998.0,Automatic,4.0,1350000000.0,Petrol,3.0
Bmw,X3,2023.0,7500.0,White,1998.0,Automatic,5.0,975000000.0,Petrol,2.0
Toyota,Gr,2021.0,2500.0,Red,1618.0,Manual,4.0,995000000.0,Petrol,4.0
Bmw,640I,2015.0,42500.0,Black,2979.0,Automatic,5.0,599000000.0,Petrol,10.0
Mercedes,Benz,2020.0,37500.0,White,1991.0,Automatic,7.0,525000000.0,Petrol,5.0
Mercedes,Benz,2019.0,47500.0,White,1991.0,Automatic,5.0,565000000.0,Petrol,6.0
Mazda,Mx,2012.0,57500.0,Grey,1999.0,Automatic,2.0,420000000.0,Petrol,13.0
Porsche,911,2014.0,7500.0,Yellow,3793.0,Automatic,2.0,5900000000.0,Petrol,11.0
Bmw,X5,2020.0,12500.0,Blue,2998.0,Automatic,5.0,829000000.0,Petrol,5.0
Ford,Mustang,2017.0,7500.0,Yellow,2261.0,Automatic,4.0,1035000000.0,Petrol,8.0
Bmw,320I,2022.0,15000.0,Black,1995.0,Automatic,5.0,559000000.0,Petrol,3.0
Mazda,Cx,2022.0,12500.0,Red,2488.0,Automatic,5.0,415000000.0,Petrol,3.0
Mercedes,Benz,2021.0,12500.0,Black,1991.0,Automatic,5.0,545000000.0,Petrol,4.0
Porsche,718,2021.0,2500.0,Black,4000.0,Manual,2.0,4600000000.0,Petrol,4.0
Land,Rover,2014.0,27500.0,White,2995.0,Automatic,5.0,1300000000.0,Petrol,11.0
Toyota,Kijang,2023.0,2500.0,White,1998.0,Automatic,7.0,605000000.0,Petrol,2.0
Mercedes,Benz,2016.0,27500.0,Black,2996.0,Automatic,7.0,765000000.0,Petrol,9.0
Land,Rover,2017.0,22500.0,Black,1998.0,Automatic,5.0,1025000000.0,Petrol,8.0
Porsche,911,2022.0,12500.0,Black,3996.0,Automatic,2.0,6450000000.0,Petrol,3.0
Bmw,X5,2022.0,12500.0,Black,2998.0,Automatic,5.0,1145000000.0,Petrol,3.0
Bmw,X5,2019.0,12500.0,Black,2998.0,Automatic,5.0,845000000.0,Petrol,6.0
Bmw,430I,2023.0,2500.0,Green,1998.0,Automatic,4.0,1300000000.0,Petrol,2.0
Bmw,Z4,2024.0,7500.0,Black,2993.0,Automatic,2.0,1775000000.0,Petrol,1.0
Volkswagen,Scirocco,2018.0,17500.0,White,1390.0,Automatic,4.0,365000000.0,Petrol,7.0
Toyota,Vellfire,2017.0,47500.0,Black,2494.0,Automatic,7.0,609000000.0,Petrol,8.0
Bmw,320I,2016.0,37500.0,Black,1995.0,Automatic,5.0,325000000.0,Petrol,9.0
Mercedes,Benz,2014.0,17500.0,Black,2996.0,Automatic,7.0,535000000.0,Petrol,11.0
Mercedes,Benz,2015.0,37500.0,White,2996.0,Automatic,5.0,595000000.0,Petrol,10.0
Audi,A3,2017.0,47500.0,Red,1197.0,Automatic,5.0,449000000.0,Petrol,8.0
Land,Rover,2022.0,2500.0,Blue,1997.0,Automatic,5.0,2350000000.0,Petrol,3.0
Bmw,528I,2013.0,47500.0,White,2996.0,Automatic,5.0,245000000.0,Petrol,12.0
Mercedes,Benz,2014.0,77500.0,White,2143.0,Automatic,5.0,299000000.0,Diesel,11.0
Bmw,320I,2016.0,37500.0,White,1995.0,Automatic,5.0,305000000.0,Petrol,9.0
Bmw,320I,2020.0,32500.0,White,1995.0,Automatic,5.0,489000000.0,Petrol,5.0
Hyundai,H,2018.0,37500.0,Grey,2497.0,Automatic,8.0,335000000.0,Diesel,7.0
Bmw,M4,2014.0,22500.0,Blue,2993.0,Automatic,4.0,1375000000.0,Petrol,11.0
Porsche,718,2016.0,7500.0,White,2497.0,Automatic,2.0,1707000000.0,Petrol,9.0
Mercedes,Benz,2017.0,37500.0,Black,2996.0,Automatic,7.0,699000000.0,Petrol,8.0
Honda,Hr,2016.0,87500.0,Black,1497.0,Automatic,5.0,165000000.0,Petrol,9.0
Mercedes,Benz,2015.0,22500.0,White,1991.0,Automatic,5.0,329000000.0,Petrol,10.0
Toyota,Camry,2016.0,82500.0,Black,2494.0,Automatic,5.0,215000000.0,Petrol,9.0
Mazda,3,2017.0,27500.0,White,1998.0,Automatic,5.0,245000000.0,Petrol,8.0
Toyota,Alphard,2016.0,52500.0,Black,2494.0,Automatic,7.0,519000000.0,Petrol,9.0
Mazda,Cx,2019.0,32500.0,Black,2488.0,Automatic,5.0,319000000.0,Petrol,6.0
Bmw,330I,2020.0,17500.0,Blue,1998.0,Automatic,5.0,599000000.0,Petrol,5.0
Bmw,730Li,2022.0,32500.0,Black,1998.0,Automatic,5.0,1050000000.0,Petrol,3.0
Mazda,Cx,2020.0,32500.0,Grey,2488.0,Automatic,5.0,309000000.0,Petrol,5.0
Audi,A4,2014.0,47500.0,Silver,1798.0,Automatic,5.0,195000000.0,Petrol,11.0
Porsche,Boxster,2013.0,27500.0,White,2706.0,Automatic,2.0,1188000000.0,Petrol,12.0
Bmw,320I,2014.0,32500.0,Grey,1997.0,Automatic,5.0,239000000.0,Petrol,11.0
Bmw,M4,2023.0,2500.0,Black,2993.0,Automatic,4.0,2300000000.0,Petrol,2.0
Hyundai,Palisade,2022.0,12500.0,Black,2199.0,Automatic,7.0,815000000.0,Diesel,3.0
Bmw,X1,2018.0,67500.0,Black,1499.0,Automatic,5.0,350000000.0,Petrol,7.0
Mini,Countryman,2020.0,22500.0,Blue,1998.0,Automatic,5.0,545000000.0,Petrol,5.0
Bmw,520I,2021.0,12500.0,Black,1998.0,Automatic,5.0,629000000.0,Petrol,4.0
Jaguar,Xf,2015.0,12500.0,Black,1999.0,Automatic,5.0,325000000.0,Petrol,10.0
Mercedes,Benz,2019.0,32500.0,Black,1991.0,Automatic,5.0,680000000.0,Petrol,6.0
Audi,A6,2013.0,27500.0,Grey,2773.0,Automatic,5.0,255000000.0,Petrol,12.0
Mercedes,Benz,2016.0,47500.0,Black,1991.0,Automatic,5.0,400000000.0,Petrol,9.0
Mercedes,Benz,2024.0,2500.0,White,1332.0,Automatic,5.0,950000000.0,Petrol,1.0
Mercedes,Benz,2019.0,27500.0,Black,1497.0,Automatic,5.0,439000000.0,Petrol,6.0
Mercedes,Benz,2016.0,42500.0,Black,1596.0,Automatic,5.0,309000000.0,Petrol,9.0
Mini,Cooper,2018.0,22500.0,White,1500.0,Automatic,4.0,375000000.0,Petrol,7.0
Mercedes,Benz,2016.0,22500.0,White,1595.0,Automatic,5.0,329000000.0,Petrol,9.0
Mercedes,Benz,2014.0,32500.0,White,2996.0,Automatic,5.0,390000000.0,Petrol,11.0
Bmw,X5,2019.0,17500.0,Blue,2998.0,Automatic,5.0,895000000.0,Petrol,6.0
Lexus,Lx,2008.0,37500.0,Black,5663.0,Automatic,8.0,599000000.0,Petrol,17.0
Mercedes,Benz,2019.0,37500.0,Black,1991.0,Automatic,5.0,545000000.0,Petrol,6.0
Volkswagen,Tiguan,2020.0,32500.0,Black,1395.0,Automatic,5.0,309000000.0,Petrol,5.0
Mercedes,Benz,2020.0,32500.0,Black,1595.0,Automatic,5.0,425000000.0,Petrol,5.0
Bmw,330I,2017.0,22500.0,Grey,1998.0,Automatic,5.0,395000000.0,Petrol,8.0
Bmw,740Li,2020.0,2500.0,Black,2998.0,Automatic,5.0,1135000000.0,Petrol,5.0
Bmw,M4,2023.0,2500.0,Grey,2993.0,Automatic,4.0,1799000000.0,Petrol,2.0
Toyota,Yaris,2021.0,22500.0,White,1496.0,Automatic,5.0,209000000.0,Petrol,4.0
Lexus,Nx,2018.0,52500.0,Grey,1998.0,Automatic,5.0,520000000.0,Petrol,7.0
Lexus,Nx,2018.0,57500.0,Black,1998.0,Automatic,5.0,579000000.0,Petrol,7.0
Mercedes,Benz,2024.0,97500.0,White,1332.0,Automatic,5.0,950000000.0,Petrol,1.0
Lexus,Lm,2021.0,12500.0,White,3456.0,Automatic,7.0,1450000000.0,Petrol,4.0
Mini,Countryman,2019.0,17500.0,Red,1998.0,Automatic,5.0,509000000.0,Petrol,6.0
Mercedes,Benz,2022.0,7500.0,Black,1496.0,Automatic,5.0,689000000.0,Petrol,3.0
Mercedes,Benz,2012.0,22500.0,Black,1796.0,Automatic,5.0,189000000.0,Petrol,13.0
Mercedes,Benz,2014.0,37500.0,Black,2996.0,Automatic,5.0,325000000.0,Petrol,11.0
Mercedes,Benz,2016.0,42500.0,White,1991.0,Automatic,5.0,399000000.0,Petrol,9.0
Mercedes,Benz,2016.0,32500.0,Grey,1991.0,Automatic,5.0,405000000.0,Petrol,9.0
Toyota,Alphard,2021.0,22500.0,White,2494.0,Automatic,7.0,879000000.0,Petrol,4.0
Mini,Countryman,2019.0,32500.0,Red,1499.0,Automatic,5.0,430000000.0,Petrol,6.0
Hyundai,Palisade,2023.0,12500.0,White,2199.0,Automatic,7.0,865000000.0,Diesel,2.0
Mercedes,Benz,2020.0,12500.0,Black,1332.0,Automatic,7.0,548000000.0,Petrol,5.0
Porsche,Boxster,2013.0,27500.0,White,2706.0,Automatic,2.0,1018800000.0,Petrol,12.0
Land,Rover,2019.0,22500.0,Black,2995.0,Automatic,5.0,2222000000.0,Petrol,6.0
Land,Rover,2022.0,2500.0,Grey,1997.0,Automatic,5.0,2350000000.0,Petrol,3.0
Mercedes,Benz,2022.0,7500.0,Black,1991.0,Automatic,5.0,950000000.0,Petrol,3.0
Land,Rover,2013.0,32500.0,White,1999.0,Automatic,5.0,345000000.0,Petrol,12.0
Honda,Wr,2024.0,2500.0,White,1498.0,Automatic,5.0,245000000.0,Petrol,1.0
Bmw,X5,2020.0,17500.0,Grey,2998.0,Automatic,5.0,815000000.0,Petrol,5.0
Mercedes,Benz,2016.0,17500.0,Grey,1595.0,Automatic,5.0,325000000.0,Petrol,9.0
Toyota,Celica,2000.0,97500.0,Red,1796.0,Automatic,4.0,295000000.0,Petrol,25.0
Mitsubishi,Pajero,2013.0,102500.0,Black,2477.0,Automatic,7.0,250000000.0,Diesel,12.0
Bmw,X5,2020.0,27500.0,Black,2998.0,Automatic,5.0,885000000.0,Petrol,5.0
Bmw,X5,2019.0,12500.0,Black,2998.0,Automatic,5.0,850000000.0,Petrol,6.0
Mercedes,Benz,2019.0,27500.0,Black,1497.0,Automatic,5.0,440000000.0,Petrol,6.0
Mercedes,Benz,2022.0,17500.0,Black,2999.0,Automatic,7.0,1585000000.0,Petrol,3.0
Toyota,Alphard,2019.0,17500.0,Black,2494.0,Automatic,7.0,850000000.0,Petrol,6.0
Mercedes,Benz,2019.0,27500.0,Black,1991.0,Automatic,5.0,750000000.0,Petrol,6.0
Mazda,6,2019.0,32500.0,Black,2488.0,Automatic,5.0,365000000.0,Petrol,6.0
Land,Rover,2021.0,27500.0,White,1997.0,Automatic,5.0,2050000000.0,Petrol,4.0
Mercedes,Benz,2018.0,22500.0,White,1991.0,Automatic,5.0,515000000.0,Petrol,7.0
Mercedes,Benz,2019.0,17500.0,Red,1596.0,Automatic,5.0,535000000.0,Petrol,6.0
Volkswagen,Caravelle,2015.0,87500.0,Black,1968.0,Automatic,7.0,288000000.0,Diesel,10.0
Mercedes,Benz,2015.0,27500.0,Black,1595.0,Automatic,5.0,289000000.0,Petrol,10.0
Mercedes,Benz,2014.0,22500.0,Black,2996.0,Automatic,4.0,588000000.0,Petrol,11.0
Mercedes,Benz,2011.0,57500.0,Grey,2996.0,Automatic,5.0,195000000.0,Petrol,14.0
Mercedes,Benz,2017.0,37500.0,White,2143.0,Automatic,7.0,1195000000.0,Diesel,8.0
Hyundai,Palisade,2021.0,77500.0,Black,2199.0,Automatic,7.0,645000000.0,Diesel,4.0
Toyota,Kijang,2023.0,27500.0,White,1998.0,Automatic,7.0,565000000.0,Hybrid,2.0
Mazda,3,2023.0,17500.0,Red,1998.0,Automatic,5.0,499000000.0,Petrol,2.0
Toyota,Vellfire,2016.0,57500.0,White,2494.0,Automatic,7.0,588000000.0,Petrol,9.0
Mercedes,Benz,2016.0,12500.0,Black,1991.0,Automatic,4.0,787000000.0,Petrol,9.0
Land,Rover,2012.0,42500.0,White,1999.0,Automatic,5.0,299000000.0,Petrol,13.0
Toyota,Land,2020.0,52500.0,Black,4461.0,Automatic,8.0,1850000000.0,Diesel,5.0
Mercedes,Benz,2019.0,27500.0,Black,1497.0,Automatic,5.0,725000000.0,Petrol,6.0
Bmw,530I,2018.0,27500.0,Black,1998.0,Automatic,5.0,459000000.0,Petrol,7.0
Toyota,Alphard,2024.0,2500.0,Black,2500.0,Automatic,7.0,1558000000.0,Petrol,1.0
Mclaren,570S,2016.0,7500.0,Black,3799.0,Automatic,2.0,4300000000.0,Petrol,9.0
Toyota,Alphard,2022.0,32500.0,Black,2494.0,Automatic,7.0,1090000000.0,Petrol,3.0
Mini,Cooper,2020.0,12500.0,Blue,1499.0,Automatic,4.0,550000000.0,Petrol,5.0
Honda,Hr,2022.0,37500.0,Black,1498.0,Automatic,5.0,380000000.0,Petrol,3.0
Bmw,M4,2023.0,12500.0,Grey,2993.0,Automatic,4.0,1929000000.0,Petrol,2.0
Mazda,Cx,2021.0,32500.0,Black,2488.0,Automatic,7.0,470000000.0,Petrol,4.0
Mercedes,Benz,2018.0,17500.0,Black,2999.0,Automatic,5.0,950000000.0,Petrol,7.0
Mercedes,Benz,2016.0,42500.0,Black,1991.0,Automatic,5.0,449000000.0,Petrol,9.0
Bmw,X5,2020.0,12500.0,Blue,2998.0,Automatic,5.0,895000000.0,Petrol,5.0
Cadillac,Escalade,2011.0,47500.0,Black,6162.0,Automatic,7.0,575000000.0,Petrol,14.0
Peugeot,Rcz,2011.0,2500.0,Red,1598.0,Manual,4.0,388000000.0,Petrol,14.0
Bmw,320I,2023.0,7500.0,Black,1995.0,Automatic,5.0,788000000.0,Petrol,2.0
Mazda,Cx,2021.0,17500.0,Grey,2488.0,Automatic,5.0,359000000.0,Petrol,4.0
Mercedes,Benz,2020.0,7500.0,White,1991.0,Automatic,5.0,645000000.0,Petrol,5.0
Mazda,6,2017.0,27500.0,Red,2488.0,Automatic,5.0,249000000.0,Petrol,8.0
Bmw,740Li,2022.0,2500.0,Black,2998.0,Automatic,5.0,1395000000.0,Petrol,3.0
Mercedes,Benz,2018.0,17500.0,Red,1596.0,Automatic,5.0,535000000.0,Petrol,7.0
Toyota,Alphard,2019.0,52500.0,White,2494.0,Automatic,7.0,737000000.0,Petrol,6.0
Toyota,Alphard,2019.0,52500.0,Black,2494.0,Automatic,7.0,775000000.0,Petrol,6.0
Bmw,X1,2019.0,32500.0,Black,1499.0,Automatic,5.0,359000000.0,Petrol,6.0
Mercedes,Benz,2022.0,27500.0,Grey,1991.0,Automatic,5.0,789000000.0,Petrol,3.0
Porsche,911,2022.0,2500.0,Grey,2981.0,Automatic,4.0,4650000000.0,Petrol,3.0
Lexus,Lx,2016.0,27500.0,Black,5663.0,Automatic,8.0,1595000000.0,Petrol,9.0
Mercedes,Benz,2020.0,17500.0,Black,1991.0,Automatic,5.0,590000000.0,Petrol,5.0
Toyota,Vellfire,2015.0,62500.0,White,2494.0,Automatic,7.0,579000000.0,Petrol,10.0
Mercedes,Benz,2016.0,32500.0,Black,1991.0,Automatic,7.0,375000000.0,Petrol,9.0
Honda,Cr,2016.0,37500.0,Red,1497.0,Automatic,4.0,399000000.0,Petrol,9.0
Mazda,Mx,2011.0,67500.0,Red,1999.0,Automatic,2.0,460000000.0,Petrol,14.0
Toyota,Alphard,2018.0,47500.0,Black,2494.0,Automatic,7.0,690000000.0,Petrol,7.0
Bmw,M2,2018.0,17500.0,Blue,2979.0,Automatic,4.0,847000000.0,Petrol,7.0
Toyota,Alphard,2017.0,27500.0,White,2494.0,Automatic,7.0,618000000.0,Petrol,8.0
Mazda,Cx,2022.0,37500.0,Red,2488.0,Automatic,5.0,519000000.0,Petrol,3.0
Land,Rover,2013.0,37500.0,Black,2995.0,Automatic,5.0,1100000000.0,Petrol,12.0
Mercedes,Benz,2013.0,47500.0,Black,1991.0,Automatic,5.0,285000000.0,Petrol,12.0
Mercedes,Benz,2018.0,22500.0,Black,2143.0,Manual,14.0,975000000.0,Diesel,7.0
Porsche,911,2023.0,2500.0,Grey,3996.0,Automatic,4.0,710000000.0,Petrol,2.0
Mercedes,Benz,2015.0,22500.0,White,2996.0,Automatic,4.0,735000000.0,Petrol,10.0
Bmw,M4,2023.0,2500.0,Blue,2993.0,Automatic,4.0,1900000000.0,Petrol,2.0
Bmw,X5,2022.0,2500.0,Black,2998.0,Automatic,5.0,1150000000.0,Petrol,3.0
Lexus,Rx,2023.0,22500.0,Black,2500.0,Automatic,5.0,1335000000.0,Hybrid,2.0
Bmw,Z4,2010.0,32500.0,White,2497.0,Automatic,2.0,695000000.0,Petrol,15.0
Mercedes,Benz,2022.0,12500.0,Black,1991.0,Automatic,5.0,1150000000.0,Petrol,3.0
Bmw,X3,2015.0,32500.0,White,1997.0,Automatic,5.0,320000000.0,Petrol,10.0
Mazda,Cx,2018.0,27500.0,Grey,2488.0,Automatic,5.0,295000000.0,Petrol,7.0
Bmw,X5,2024.0,12500.0,White,2998.0,Automatic,5.0,1395000000.0,Petrol,1.0
Mercedes,Benz,2023.0,7500.0,White,2999.0,Automatic,5.0,2195000000.0,Petrol,2.0
Mercedes,Benz,2020.0,22500.0,White,1991.0,Automatic,5.0,535000000.0,Petrol,5.0
Bmw,M3,2021.0,7500.0,Blue,2979.0,Automatic,5.0,1780000000.0,Petrol,4.0
Bentley,Continental,2013.0,2500.0,White,3993.0,Automatic,4.0,325000000.0,Petrol,12.0
Mercedes,Benz,2013.0,37500.0,Black,1796.0,Automatic,5.0,299000000.0,Petrol,12.0
Mercedes,Benz,2011.0,37500.0,Black,1796.0,Automatic,5.0,215000000.0,Petrol,14.0
Toyota,Alphard,2018.0,37500.0,Black,2494.0,Automatic,7.0,695000000.0,Petrol,7.0
Mazda,Cx,2021.0,22500.0,Grey,2488.0,Automatic,5.0,345000000.0,Petrol,4.0
Toyota,Alphard,2019.0,42500.0,Black,2494.0,Automatic,7.0,699000000.0,Petrol,6.0
Mazda,3,2022.0,32500.0,Grey,1998.0,Automatic,5.0,382000000.0,Petrol,3.0
Bmw,320I,2022.0,17500.0,White,1995.0,Automatic,5.0,559000000.0,Petrol,3.0
Toyota,Alphard,2018.0,52500.0,White,2494.0,Automatic,7.0,665000000.0,Petrol,7.0
Bmw,520I,2015.0,42500.0,Black,1997.0,Automatic,5.0,305000000.0,Petrol,10.0
Bmw,520I,2015.0,32500.0,Brown,1997.0,Automatic,5.0,310000000.0,Petrol,10.0
Jaguar,Xj,2015.0,22500.0,Black,2995.0,Automatic,5.0,645000000.0,Petrol,10.0
Mercedes,Benz,2017.0,12500.0,White,1595.0,Automatic,5.0,369000000.0,Petrol,8.0
Mercedes,Benz,2022.0,7500.0,White,1999.0,Automatic,5.0,785000000.0,Petrol,3.0
Mercedes,Benz,2018.0,27500.0,Black,2999.0,Automatic,5.0,925000000.0,Petrol,7.0
Mercedes,Benz,2013.0,22500.0,Black,3498.0,Automatic,5.0,320000000.0,Petrol,12.0
Toyota,Alphard,2018.0,47500.0,Black,2494.0,Automatic,7.0,670000000.0,Petrol,7.0
Audi,Tt,2015.0,47500.0,Grey,1984.0,Automatic,4.0,699000000.0,Petrol,10.0
Bmw,320D,2016.0,57500.0,Grey,1995.0,Automatic,5.0,370000000.0,Diesel,9.0
Lexus,Rx,2021.0,12500.0,Black,1998.0,Automatic,5.0,960000000.0,Petrol,4.0
Land,Rover,2022.0,7500.0,Brown,1997.0,Automatic,5.0,1510000000.0,Petrol,3.0
Toyota,Fortuner,2022.0,37500.0,Black,2755.0,Automatic,7.0,650000000.0,Diesel,3.0
Mercedes,Benz,2021.0,7500.0,Black,1332.0,Automatic,7.0,539000000.0,Petrol,4.0
Porsche,Boxster,2014.0,12500.0,Blue,2706.0,Automatic,2.0,1350000000.0,Petrol,11.0
Mercedes,Benz,2017.0,12500.0,White,2996.0,Automatic,4.0,1275000000.0,Petrol,8.0
Bmw,M4,2023.0,2500.0,Grey,2993.0,Automatic,4.0,1899000000.0,Petrol,2.0
Mercedes,Benz,2019.0,7500.0,Red,1332.0,Automatic,5.0,379000000.0,Petrol,6.0
Mercedes,Benz,2021.0,37500.0,Grey,1332.0,Automatic,5.0,750000000.0,Petrol,4.0
Mercedes,Benz,2011.0,57500.0,Silver,2996.0,Automatic,5.0,195000000.0,Petrol,14.0
Bentley,Continental,2012.0,22500.0,Black,5998.0,Automatic,5.0,1200000000.0,Petrol,13.0
Honda,S660,2022.0,2500.0,Grey,658.0,Automatic,2.0,848000000.0,Petrol,3.0
Jeep,Compass,2012.0,82500.0,Black,2360.0,Automatic,5.0,153000000.0,Petrol,13.0
Mitsubishi,Pajero,2012.0,42500.0,Grey,2477.0,Automatic,7.0,355000000.0,Diesel,13.0
Mercedes,Benz,2019.0,7500.0,Black,1497.0,Automatic,5.0,339000000.0,Petrol,6.0
Mercedes,Benz,2019.0,27500.0,Black,1497.0,Automatic,5.0,690000000.0,Petrol,6.0
Mclaren,650S,2015.0,7500.0,Green,3799.0,Automatic,2.0,4950000000.0,Petrol,10.0
Mercedes,Benz,2021.0,27500.0,Black,1991.0,Automatic,7.0,670000000.0,Petrol,4.0
Mercedes,Benz,2022.0,2500.0,Black,1999.0,Automatic,5.0,865000000.0,Petrol,3.0
Land,Rover,2013.0,42500.0,Red,1999.0,Automatic,5.0,348000000.0,Petrol,12.0
Mercedes,Benz,2017.0,27500.0,Black,2996.0,Automatic,5.0,535000000.0,Petrol,8.0
Toyota,Alphard,2015.0,67500.0,White,2494.0,Automatic,7.0,499000000.0,Petrol,10.0
Bmw,X1,2017.0,37500.0,Black,1499.0,Automatic,5.0,285000000.0,Petrol,8.0
Toyota,Kijang,2020.0,47500.0,Black,2393.0,Automatic,8.0,337000000.0,Diesel,5.0
Bmw,320I,2018.0,17500.0,Black,1995.0,Automatic,5.0,378000000.0,Petrol,7.0
Toyota,Land,2023.0,27500.0,Black,3346.0,Automatic,7.0,1919000000.0,Diesel,2.0
Land,Rover,2017.0,22500.0,Black,2995.0,Automatic,5.0,1699000000.0,Petrol,8.0
Hyundai,Creta,2022.0,52500.0,White,1497.0,Automatic,5.0,268000000.0,Petrol,3.0
Bmw,330I,2021.0,12500.0,Grey,1998.0,Automatic,5.0,599000000.0,Petrol,4.0
Bmw,X3,2019.0,27500.0,White,1998.0,Automatic,5.0,539000000.0,Petrol,6.0
Lexus,Rx,2023.0,12500.0,White,2393.0,Automatic,5.0,1450000000.0,Petrol,2.0
Bmw,520I,2024.0,2500.0,Grey,1998.0,Automatic,5.0,1175000000.0,Petrol,1.0
Bmw,M4,2023.0,2500.0,Yellow,2993.0,Automatic,4.0,2150000000.0,Petrol,2.0
Toyota,Alphard,2017.0,112500.0,White,2494.0,Automatic,7.0,435000000.0,Petrol,8.0
Lexus,Lx,2020.0,57500.0,Black,5663.0,Automatic,8.0,1755000000.0,Petrol,5.0
Mercedes,Benz,2015.0,12500.0,White,1991.0,Automatic,5.0,559000000.0,Petrol,10.0
Mercedes,Benz,2019.0,72500.0,Black,1991.0,Automatic,5.0,650000000.0,Petrol,6.0
Bmw,M4,2023.0,7500.0,Yellow,2993.0,Automatic,4.0,2100000000.0,Petrol,2.0
Nissan,Elgrand,2016.0,87500.0,Black,2488.0,Automatic,7.0,288000000.0,Petrol,9.0
Toyota,Harrier,2015.0,77500.0,Black,1986.0,Automatic,5.0,285000000.0,Petrol,10.0
Hyundai,Creta,2022.0,42500.0,White,1497.0,Automatic,5.0,215000000.0,Petrol,3.0
Lexus,Nx,2019.0,12500.0,Black,1998.0,Automatic,5.0,625000000.0,Petrol,6.0
Mercedes,Benz,2019.0,17500.0,White,1991.0,Automatic,5.0,799000000.0,Petrol,6.0
Lexus,Rx,2016.0,82500.0,White,1998.0,Automatic,5.0,545000000.0,Petrol,9.0
Mini,Cooper,2019.0,12500.0,Red,1499.0,Automatic,4.0,475000000.0,Petrol,6.0
Lexus,Es,2019.0,47500.0,Black,2487.0,Automatic,5.0,1150000000.0,Hybrid,6.0
Bmw,X5,2021.0,37500.0,Black,2998.0,Automatic,5.0,395000000.0,Petrol,4.0
Mercedes,Benz,2023.0,12500.0,Black,1999.0,Automatic,5.0,745000000.0,Petrol,2.0
Bmw,735I,2023.0,7500.0,Black,2998.0,Automatic,5.0,1799000000.0,Petrol,2.0
Jeep,Wrangler,2013.0,87500.0,Black,3604.0,Automatic,5.0,695000000.0,Petrol,12.0
Toyota,Alphard,2015.0,67500.0,Black,2362.0,Automatic,7.0,499000000.0,Petrol,10.0
Bmw,X1,2020.0,12500.0,Black,1499.0,Automatic,5.0,415000000.0,Petrol,5.0
Mercedes,Benz,2012.0,37500.0,Black,3498.0,Automatic,2.0,1188000000.0,Petrol,13.0
Bmw,X6,2021.0,17500.0,Grey,2998.0,Automatic,5.0,1299000000.0,Petrol,4.0
Cadillac,Escalade,2012.0,72500.0,White,6162.0,Automatic,7.0,650000000.0,Petrol,13.0
Volkswagen,Tiguan,2020.0,62500.0,Grey,1395.0,Automatic,5.0,375000000.0,Petrol,5.0
Mercedes,Benz,2017.0,57500.0,Black,2996.0,Automatic,7.0,600000000.0,Petrol,8.0
Bmw,X5,2024.0,2500.0,Black,2998.0,Automatic,5.0,1575000000.0,Petrol,1.0
Ford,Mustang,2017.0,7500.0,Blue,2261.0,Automatic,4.0,899000000.0,Petrol,8.0
Hyundai,Stargazer,2022.0,22500.0,Black,1497.0,Automatic,7.0,205000000.0,Petrol,3.0
Toyota,Fortuner,2021.0,32500.0,Black,2393.0,Automatic,7.0,445000000.0,Diesel,4.0
Honda,City,2023.0,2500.0,Grey,1498.0,Automatic,5.0,253000000.0,Petrol,2.0
Hyundai,Santa,2015.0,67500.0,White,2359.0,Automatic,7.0,179000000.0,Petrol,10.0
Honda,Hr,2020.0,37500.0,Grey,1497.0,Automatic,5.0,215000000.0,Petrol,5.0
Toyota,Raize,2023.0,12500.0,White,998.0,Automatic,5.0,216000000.0,Petrol,2.0
Hyundai,Santa,2020.0,52500.0,White,2359.0,Automatic,7.0,340000000.0,Petrol,5.0
Mg,Zs,2020.0,42500.0,Red,1498.0,Automatic,5.0,169000000.0,Petrol,5.0
Toyota,Kijang,2024.0,17500.0,White,1987.0,Automatic,8.0,469000000.0,Hybrid,1.0
Toyota,Yaris,2022.0,32500.0,Yellow,1495.0,Automatic,5.0,215000000.0,Petrol,3.0
Subaru,Wrx,2023.0,12500.0,White,2387.0,Automatic,5.0,707000000.0,Petrol,2.0
Mercedes,Benz,2013.0,42500.0,Red,1991.0,Automatic,4.0,499000000.0,Petrol,12.0
Toyota,Alphard,2020.0,27500.0,Black,2494.0,Automatic,7.0,760000000.0,Petrol,5.0
Porsche,Cayenne,2012.0,42500.0,Black,3598.0,Automatic,5.0,499000000.0,Petrol,13.0
Mercedes,Benz,2019.0,37500.0,Black,1332.0,Automatic,5.0,595000000.0,Petrol,6.0
Lexus,Es,2019.0,42500.0,Black,2487.0,Automatic,5.0,599000000.0,Hybrid,6.0
Honda,Br,2016.0,57500.0,Red,1497.0,Automatic,7.0,148000000.0,Petrol,9.0
Toyota,Voxy,2019.0,127500.0,Black,1986.0,Automatic,7.0,290000000.0,Petrol,6.0
Nissan,Serena,2016.0,92500.0,Grey,1997.0,Automatic,7.0,138000000.0,Petrol,9.0
Suzuki,Ertiga,2023.0,22500.0,White,1462.0,Manual,7.0,175000000.0,Petrol,2.0
Suzuki,Ertiga,2022.0,27500.0,Silver,1462.0,Manual,7.0,185000000.0,Hybrid,3.0
Toyota,Camry,2020.0,52500.0,Black,2494.0,Automatic,5.0,345000000.0,Petrol,5.0
Honda,Cr,2020.0,82500.0,Grey,1498.0,Automatic,5.0,355000000.0,Petrol,5.0
Honda,Cr,2013.0,117500.0,Silver,1997.0,Automatic,5.0,145000000.0,Petrol,12.0
Honda,Freed,2010.0,132500.0,Silver,1497.0,Automatic,7.0,110000000.0,Petrol,15.0
Volkswagen,Polo,2017.0,72500.0,White,1197.0,Automatic,5.0,139000000.0,Petrol,8.0
Honda,Brio,2024.0,2500.0,Grey,1199.0,Automatic,5.0,165000000.0,Petrol,1.0
Honda,Hr,2019.0,32500.0,White,1497.0,Automatic,5.0,225000000.0,Petrol,6.0
Mitsubishi,Pajero,2013.0,172500.0,White,2477.0,Automatic,7.0,195000000.0,Diesel,12.0
Toyota,Rush,2020.0,52500.0,Silver,1495.0,Automatic,7.0,199000000.0,Petrol,5.0
Kia,Grand,2018.0,47500.0,White,3342.0,Automatic,8.0,270000000.0,Petrol,7.0
Mazda,Biante,2015.0,102500.0,White,1997.0,Automatic,7.0,159000000.0,Petrol,10.0
Honda,Mobilio,2018.0,112500.0,Silver,1496.0,Automatic,7.0,143000000.0,Petrol,7.0
Mg,Hs,2021.0,32500.0,White,1490.0,Automatic,5.0,230000000.0,Petrol,4.0
Honda,Wr,2023.0,22500.0,White,1498.0,Automatic,5.0,210000000.0,Petrol,2.0
Toyota,Fortuner,2022.0,32500.0,Black,2755.0,Automatic,7.0,490000000.0,Diesel,3.0
Porsche,Cayman,2013.0,7500.0,White,2706.0,Automatic,2.0,1188000000.0,Petrol,12.0
Lexus,Es,2019.0,47500.0,Black,2487.0,Automatic,5.0,595000000.0,Hybrid,6.0
Mazda,Cx,2020.0,12500.0,Grey,2488.0,Automatic,7.0,470000000.0,Petrol,5.0
Lexus,Rx,2018.0,37500.0,Black,1998.0,Automatic,5.0,589000000.0,Petrol,7.0
Jeep,Wrangler,2013.0,57500.0,Green,3604.0,Automatic,5.0,5250000000.0,Petrol,12.0
Porsche,Cayman,2013.0,17500.0,Yellow,2706.0,Automatic,2.0,1150000000.0,Petrol,12.0
Porsche,Cayman,2014.0,12500.0,White,2706.0,Automatic,2.0,1270000000.0,Petrol,11.0
Porsche,Macan,2015.0,7500.0,Black,1984.0,Automatic,5.0,695000000.0,Petrol,10.0
Porsche,Cayman,2013.0,22500.0,Grey,2706.0,Automatic,2.0,1160000000.0,Petrol,12.0
Porsche,Macan,2015.0,72500.0,Green,1984.0,Automatic,5.0,550000000.0,Petrol,10.0
Porsche,911,2013.0,22500.0,Yellow,3436.0,Automatic,4.0,2550000000.0,Petrol,12.0
Suzuki,Grand,2023.0,22500.0,Silver,1462.0,Automatic,5.0,279000000.0,Hybrid,2.0
Toyota,Kijang,2024.0,2500.0,Black,1987.0,Automatic,8.0,395000000.0,Petrol,1.0
Toyota,Yaris,2015.0,102500.0,Silver,1497.0,Automatic,5.0,129000000.0,Petrol,10.0
Bmw,218I,2022.0,22500.0,Grey,1499.0,Automatic,5.0,483000000.0,Petrol,3.0
Kia,Sonet,2024.0,2500.0,White,1497.0,Automatic,5.0,265000000.0,Petrol,1.0
Mini,Cooper,2021.0,7500.0,Red,1499.0,Automatic,4.0,589000000.0,Petrol,4.0
Mercedes,Benz,2014.0,32500.0,White,1991.0,Automatic,5.0,499000000.0,Petrol,11.0
Toyota,Fortuner,2014.0,87500.0,White,2494.0,Automatic,7.0,261000000.0,Diesel,11.0
Toyota,Raize,2023.0,22500.0,Black,1198.0,Automatic,5.0,179000000.0,Petrol,2.0
Toyota,Kijang,2024.0,7500.0,Black,1987.0,Automatic,8.0,469000000.0,Petrol,1.0
Dfsk,Glory,2018.0,22500.0,White,1498.0,Automatic,7.0,105000000.0,Petrol,7.0
Mitsubishi,Pajero,2022.0,17500.0,Grey,2442.0,Automatic,7.0,489000000.0,Diesel,3.0
Honda,Hr,2017.0,52500.0,Grey,1497.0,Automatic,5.0,175000000.0,Petrol,8.0
Bmw,320I,2022.0,7500.0,White,1995.0,Automatic,5.0,595000000.0,Petrol,3.0
Bmw,320I,2021.0,7500.0,White,1995.0,Automatic,5.0,545000000.0,Petrol,4.0
Audi,A5,2022.0,2500.0,Red,1984.0,Automatic,5.0,1099000000.0,Petrol,3.0
Mercedes,Benz,2019.0,7500.0,Black,1596.0,Automatic,5.0,392000000.0,Petrol,6.0
Hyundai,Santa,2023.0,17500.0,Black,2497.0,Automatic,7.0,403000000.0,Petrol,2.0
Lexus,Rx,2018.0,57500.0,Black,1998.0,Automatic,5.0,626000000.0,Petrol,7.0
Bmw,320I,2018.0,7500.0,White,1995.0,Automatic,5.0,344000000.0,Petrol,7.0
Toyota,Fortuner,2023.0,37500.0,White,2755.0,Automatic,7.0,442000000.0,Diesel,2.0
Mg,Hs,2022.0,32500.0,White,1490.0,Automatic,5.0,270000000.0,Petrol,3.0
Nissan,X,2017.0,102500.0,White,2488.0,Automatic,7.0,172000000.0,Petrol,8.0
Honda,City,2021.0,72500.0,Grey,1498.0,Automatic,5.0,204000000.0,Petrol,4.0
Nissan,Juke,2013.0,122500.0,Grey,1498.0,Automatic,5.0,105000000.0,Petrol,12.0
Nissan,Serena,2019.0,52500.0,White,1997.0,Automatic,7.0,230000000.0,Petrol,6.0
Toyota,Camry,2021.0,47500.0,Black,2494.0,Automatic,5.0,299000000.0,Petrol,4.0
Ferrari,California,2010.0,17500.0,Yellow,4297.0,Automatic,4.0,1950000000.0,Petrol,15.0
Subaru,Brz,2023.0,7500.0,Red,2387.0,Automatic,4.0,655000000.0,Petrol,2.0
Toyota,Voxy,2023.0,7500.0,Black,1986.0,Automatic,7.0,455000000.0,Petrol,2.0
Toyota,Alphard,2023.0,12500.0,Black,2500.0,Automatic,7.0,1375000000.0,Hybrid,2.0
Toyota,Alphard,2024.0,2500.0,Black,2500.0,Automatic,7.0,1475000000.0,Hybrid,1.0
Bmw,X5,2022.0,12500.0,Grey,2998.0,Automatic,5.0,1185000000.0,Petrol,3.0
Honda,Freed,2012.0,102500.0,Black,1497.0,Automatic,7.0,135000000.0,Petrol,13.0
Toyota,Rush,2019.0,22500.0,Black,1495.0,Manual,7.0,190000000.0,Petrol,6.0
Nissan,Juke,2012.0,82500.0,Black,1498.0,Automatic,5.0,110000000.0,Petrol,13.0
Honda,Cr,2021.0,42500.0,White,1498.0,Automatic,5.0,390000000.0,Petrol,4.0
Toyota,Camry,2020.0,37500.0,Black,2494.0,Automatic,5.0,300000000.0,Petrol,5.0
Honda,Accord,2023.0,2500.0,White,1498.0,Automatic,5.0,545000000.0,Petrol,2.0
Mercedes,Benz,2023.0,7500.0,Black,1999.0,Automatic,5.0,865000000.0,Petrol,2.0
Toyota,Land,2023.0,7500.0,Black,3346.0,Automatic,7.0,2150000000.0,Diesel,2.0
Land,Rover,2022.0,27500.0,Black,2996.0,Automatic,5.0,2990000000.0,Petrol,3.0
Daihatsu,Gran,2019.0,77500.0,Silver,1298.0,Manual,9.0,119000000.0,Petrol,6.0
Mercedes,Benz,2013.0,12500.0,Silver,4663.0,Automatic,5.0,935000000.0,Petrol,12.0
Toyota,Alphard,2020.0,42500.0,Black,2494.0,Automatic,7.0,738000000.0,Petrol,5.0
Jeep,Wrangler,2020.0,17500.0,Grey,2000.0,Automatic,5.0,1725000000.0,Petrol,5.0
Bmw,X6,2021.0,7500.0,Brown,2998.0,Automatic,5.0,1299000000.0,Petrol,4.0
Mitsubishi,Pajero,2015.0,152500.0,White,2477.0,Automatic,7.0,235000000.0,Diesel,10.0
Dfsk,Glory,2021.0,42500.0,Black,1498.0,Automatic,7.0,140000000.0,Petrol,4.0
Mercedes,Benz,2005.0,87500.0,Black,2597.0,Automatic,5.0,114999999.0,Petrol,20.0
Honda,Civic,2020.0,57500.0,Black,1498.0,Automatic,5.0,312000000.0,Petrol,5.0
Suzuki,Xl7,2022.0,2500.0,Orange,1500.0,Automatic,7.0,230000000.0,Petrol,3.0
Mazda,Cx,2013.0,112500.0,Black,3726.0,Automatic,7.0,189000000.0,Petrol,12.0
Toyota,Avanza,2021.0,22500.0,Grey,1496.0,Automatic,7.0,207000000.0,Petrol,4.0
Toyota,Vellfire,2021.0,22500.0,Black,2494.0,Automatic,7.0,769000000.0,Petrol,4.0
Mitsubishi,Xpander,2023.0,12500.0,Grey,1499.0,Automatic,7.0,254000000.0,Petrol,2.0
Hyundai,Creta,2022.0,17500.0,Black,1497.0,Automatic,5.0,275000000.0,Petrol,3.0
Toyota,Kijang,2024.0,32500.0,Black,1987.0,Automatic,8.0,509000000.0,Petrol,1.0
Daihatsu,Terios,2020.0,47500.0,White,1496.0,Automatic,7.0,195000000.0,Petrol,5.0
Hyundai,Creta,2023.0,22500.0,White,1497.0,Automatic,5.0,286000000.0,Petrol,2.0
Hyundai,Stargazer,2024.0,2500.0,Black,1497.0,Automatic,7.0,215000000.0,Petrol,1.0
Suzuki,Ertiga,2023.0,37500.0,White,1462.0,Automatic,7.0,215000000.0,Hybrid,2.0
Toyota,Kijang,2024.0,27500.0,Black,1987.0,Automatic,8.0,370000000.0,Petrol,1.0
Hyundai,Creta,2023.0,7500.0,Grey,1497.0,Automatic,5.0,289000000.0,Petrol,2.0
Toyota,Kijang,2024.0,22500.0,White,1987.0,Automatic,8.0,475000000.0,Hybrid,1.0
Honda,Cr,2021.0,17500.0,Black,1498.0,Automatic,5.0,435000000.0,Petrol,4.0
Honda,Cr,2023.0,2500.0,Black,1498.0,Automatic,5.0,595000000.0,Petrol,2.0
Mercedes,Benz,2022.0,2500.0,White,1332.0,Automatic,5.0,535000000.0,Petrol,3.0
Toyota,Kijang,2024.0,17500.0,Grey,1987.0,Automatic,8.0,490000000.0,Hybrid,1.0
Honda,Freed,2009.0,77500.0,Grey,1497.0,Automatic,7.0,126000000.0,Petrol,16.0
Mercedes,Benz,2022.0,7500.0,Black,2925.0,Automatic,5.0,3950000000.0,Diesel,3.0
Toyota,Alphard,2017.0,67500.0,Black,2494.0,Automatic,7.0,520000000.0,Petrol,8.0
Honda,Mobilio,2016.0,97500.0,Black,1496.0,Automatic,7.0,118000000.0,Petrol,9.0
Mercedes,Benz,2018.0,67500.0,White,1991.0,Automatic,5.0,375000000.0,Petrol,7.0
Wuling,Alvez,2023.0,7500.0,Grey,1485.0,Automatic,5.0,195000000.0,Petrol,2.0
Honda,City,2018.0,17500.0,Grey,1497.0,Automatic,5.0,185000000.0,Petrol,7.0
Toyota,Rush,2021.0,27500.0,White,1496.0,Automatic,7.0,211000000.0,Petrol,4.0
Nissan,Serena,2013.0,77500.0,Black,1997.0,Automatic,7.0,139000000.0,Petrol,12.0
Hyundai,Santa,2021.0,67500.0,Black,2151.0,Automatic,7.0,403000000.0,Diesel,4.0
Lexus,Rx,2014.0,102500.0,Black,2672.0,Automatic,5.0,300000000.0,Petrol,11.0
Porsche,Panamera,2011.0,42500.0,Black,2967.0,Automatic,4.0,700000000.0,Hybrid,14.0
Mercedes,Benz,2020.0,22500.0,Black,2999.0,Automatic,7.0,1350000000.0,Petrol,5.0
Mercedes,Benz,2019.0,12500.0,Black,2999.0,Automatic,7.0,1250000000.0,Petrol,6.0
Mazda,6,2022.0,12500.0,Grey,2488.0,Automatic,5.0,455000000.0,Petrol,3.0
Honda,Hr,2024.0,2500.0,Red,1498.0,Automatic,5.0,425000000.0,Petrol,1.0
Toyota,Raize,2024.0,12500.0,Grey,998.0,Automatic,5.0,199000000.0,Petrol,1.0
Mercedes,Benz,2014.0,27500.0,Black,1991.0,Automatic,5.0,268000000.0,Petrol,11.0
Hyundai,Creta,2022.0,52500.0,Grey,1497.0,Automatic,5.0,265000000.0,Petrol,3.0
Chery,Omoda,2023.0,27500.0,Blue,1498.0,Automatic,5.0,265000000.0,Petrol,2.0
Toyota,Raize,2022.0,32500.0,Silver,998.0,Automatic,5.0,213000000.0,Petrol,3.0
Honda,Brio,2022.0,62500.0,Grey,1199.0,Automatic,5.0,153000000.0,Petrol,3.0
Mercedes,Benz,2017.0,52500.0,Grey,1991.0,Automatic,5.0,369000000.0,Petrol,8.0
Hyundai,Stargazer,2024.0,7500.0,Grey,1497.0,Automatic,7.0,245000000.0,Petrol,1.0
Toyota,Avanza,2024.0,12500.0,Black,1496.0,Automatic,7.0,215000000.0,Petrol,1.0
Honda,Freed,2016.0,67500.0,Grey,1497.0,Automatic,7.0,185000000.0,Petrol,9.0
Toyota,Avanza,2024.0,7500.0,Grey,1496.0,Automatic,7.0,219000000.0,Petrol,1.0
Honda,Cr,2023.0,12500.0,Black,1993.0,Automatic,5.0,633000000.0,Hybrid,2.0
Hyundai,Santa,2022.0,47500.0,Black,2497.0,Automatic,7.0,435000000.0,Petrol,3.0
Mazda,Cx,2017.0,62500.0,White,1998.0,Automatic,5.0,210000000.0,Petrol,8.0
Daihatsu,Sigra,2024.0,42500.0,White,998.0,Manual,7.0,115000000.0,Petrol,1.0
Suzuki,Ertiga,2022.0,42500.0,Grey,1462.0,Automatic,7.0,209000000.0,Hybrid,3.0
Toyota,Vellfire,2023.0,37500.0,Black,2494.0,Automatic,7.0,949000000.0,Petrol,2.0
Toyota,Kijang,2016.0,47500.0,Black,1998.0,Automatic,7.0,230000000.0,Petrol,9.0
Toyota,Voxy,2022.0,47500.0,White,1986.0,Automatic,7.0,385000000.0,Petrol,3.0
Mercedes,Benz,2017.0,27500.0,Black,1991.0,Automatic,2.0,370000000.0,Petrol,8.0
Honda,Br,2023.0,27500.0,Black,1498.0,Automatic,7.0,222000000.0,Petrol,2.0
Mazda,Cx,2019.0,27500.0,Black,2488.0,Automatic,5.0,293000000.0,Petrol,6.0
Mercedes,Benz,2019.0,7500.0,White,1497.0,Automatic,5.0,293000000.0,Petrol,6.0
Toyota,Veloz,2022.0,27500.0,Black,1496.0,Automatic,7.0,214000000.0,Petrol,3.0
Hyundai,Santa,2021.0,47500.0,Grey,2151.0,Automatic,7.0,403000000.0,Diesel,4.0
Volkswagen,Scirocco,2017.0,37500.0,White,1390.0,Automatic,4.0,328000000.0,Petrol,8.0
Mercedes,Benz,2013.0,27500.0,Black,3498.0,Automatic,5.0,415000000.0,Petrol,12.0
Honda,Cr,2016.0,117500.0,Silver,2354.0,Automatic,5.0,188000000.0,Petrol,9.0
Toyota,Fortuner,2022.0,37500.0,Black,2755.0,Automatic,7.0,442000000.0,Diesel,3.0
Toyota,Veloz,2022.0,7500.0,Black,1496.0,Automatic,7.0,209000000.0,Petrol,3.0
Mitsubishi,Triton,2023.0,17500.0,Black,2442.0,Automatic,5.0,435000000.0,Diesel,2.0
Mercedes,Benz,2018.0,17500.0,Red,1595.0,Automatic,5.0,379000000.0,Petrol,7.0
Bmw,X1,2018.0,7500.0,Black,1499.0,Automatic,5.0,332000000.0,Petrol,7.0
Mitsubishi,Triton,2024.0,17500.0,Black,2442.0,Automatic,5.0,435000000.0,Diesel,1.0
Toyota,Corolla,2021.0,37500.0,Black,1798.0,Automatic,5.0,267000000.0,Petrol,4.0
Hyundai,Santa,2021.0,57500.0,White,2497.0,Automatic,7.0,399000000.0,Petrol,4.0
Hyundai,Santa,2021.0,37500.0,White,2497.0,Automatic,7.0,429000000.0,Petrol,4.0
Hyundai,Santa,2023.0,17500.0,Black,2497.0,Automatic,7.0,439000000.0,Petrol,2.0
Mitsubishi,Pajero,2012.0,47500.0,Brown,2477.0,Automatic,7.0,195000000.0,Diesel,13.0
Honda,Jazz,2018.0,77500.0,White,1497.0,Automatic,5.0,189000000.0,Petrol,7.0
Mercedes,Benz,2019.0,7500.0,Black,1596.0,Automatic,5.0,394000000.0,Petrol,6.0
Mercedes,Benz,2019.0,27500.0,Red,1332.0,Automatic,5.0,339000000.0,Petrol,6.0
Mitsubishi,Pajero,2022.0,47500.0,White,2442.0,Automatic,7.0,464000000.0,Diesel,3.0
Toyota,Veloz,2022.0,27500.0,White,1496.0,Automatic,7.0,207000000.0,Petrol,3.0
Hyundai,H,2018.0,67500.0,Brown,2497.0,Automatic,9.0,313000000.0,Diesel,7.0
Mercedes,Benz,2013.0,17500.0,Black,1796.0,Automatic,5.0,271000000.0,Petrol,12.0
Toyota,Hilux,2023.0,17500.0,Black,2393.0,Automatic,5.0,428000000.0,Diesel,2.0
Nissan,X,2015.0,67500.0,Black,2488.0,Automatic,7.0,158000000.0,Petrol,10.0
Honda,Mobilio,2016.0,57500.0,Black,1496.0,Automatic,7.0,127000000.0,Petrol,9.0
Suzuki,Xl7,2022.0,47500.0,Grey,1500.0,Automatic,7.0,177000000.0,Petrol,3.0
Mercedes,Benz,2015.0,17500.0,White,2996.0,Automatic,5.0,765000000.0,Petrol,10.0
Land,Rover,2012.0,42500.0,Black,1999.0,Automatic,5.0,425000000.0,Petrol,13.0
Toyota,Alphard,2022.0,17500.0,Black,3456.0,Automatic,7.0,992000000.0,Petrol,3.0
Toyota,Rush,2017.0,97500.0,White,1495.0,Automatic,7.0,152000000.0,Petrol,8.0
Mitsubishi,Pajero,2023.0,27500.0,Black,2442.0,Automatic,7.0,476000000.0,Diesel,2.0
Bmw,640I,2017.0,17500.0,White,2979.0,Automatic,5.0,710000000.0,Petrol,8.0
Hyundai,Santa,2022.0,47500.0,Black,2497.0,Automatic,7.0,393000000.0,Petrol,3.0
Honda,Cr,2022.0,47500.0,Black,1498.0,Automatic,5.0,441000000.0,Petrol,3.0
Honda,Cr,2019.0,57500.0,Black,1498.0,Automatic,5.0,363000000.0,Petrol,6.0
Toyota,Fortuner,2022.0,62500.0,Black,2393.0,Automatic,7.0,442000000.0,Diesel,3.0
Toyota,Gr,2024.0,2500.0,White,2387.0,Automatic,4.0,834000000.0,Petrol,1.0
Toyota,Kijang,2021.0,37500.0,Black,1998.0,Automatic,8.0,283000000.0,Petrol,4.0
Bmw,330I,2024.0,2500.0,Black,1998.0,Automatic,5.0,868000000.0,Petrol,1.0
Toyota,Fortuner,2021.0,47500.0,Black,2393.0,Automatic,7.0,439000000.0,Diesel,4.0
Toyota,Alphard,2022.0,17500.0,Black,2494.0,Automatic,7.0,986000000.0,Petrol,3.0
Chevrolet,Trax,2019.0,47500.0,Red,1364.0,Automatic,5.0,176000000.0,Petrol,6.0
Toyota,Harrier,2014.0,67500.0,White,1986.0,Automatic,5.0,358000000.0,Petrol,11.0
Bmw,520I,2016.0,17500.0,White,1997.0,Automatic,5.0,345000000.0,Petrol,9.0
Toyota,Voxy,2022.0,47500.0,Black,1986.0,Automatic,7.0,439000000.0,Petrol,3.0
Toyota,Markx,2012.0,77500.0,Black,2499.0,Automatic,5.0,186000000.0,Petrol,13.0
Mazda,3,2019.0,57500.0,Grey,1998.0,Automatic,5.0,415000000.0,Petrol,6.0
Honda,City,2022.0,47500.0,White,1498.0,Automatic,5.0,221000000.0,Petrol,3.0
Toyota,Voxy,2018.0,57500.0,White,1986.0,Automatic,7.0,295000000.0,Petrol,7.0
Hyundai,Santa,2021.0,37500.0,Black,2151.0,Automatic,7.0,383000000.0,Diesel,4.0
Nissan,X,2015.0,67500.0,Black,2488.0,Automatic,7.0,168000000.0,Petrol,10.0
Toyota,Kijang,2022.0,47500.0,White,1998.0,Automatic,7.0,356000000.0,Petrol,3.0
Bmw,320I,2015.0,42500.0,Red,1997.0,Automatic,5.0,299000000.0,Petrol,10.0
Toyota,Kijang,2021.0,27500.0,Grey,1998.0,Automatic,8.0,283000000.0,Petrol,4.0
Toyota,Hilux,2023.0,17500.0,Black,2393.0,Automatic,5.0,427000000.0,Diesel,2.0
Honda,Jazz,2016.0,67500.0,White,1497.0,Automatic,5.0,165000000.0,Petrol,9.0
Mazda,Cx,2018.0,27500.0,White,2488.0,Automatic,5.0,268000000.0,Petrol,7.0
Mazda,Cx,2022.0,27500.0,Red,2488.0,Automatic,5.0,422000000.0,Petrol,3.0
Mitsubishi,Pajero,2022.0,47500.0,White,2442.0,Automatic,7.0,471000000.0,Diesel,3.0
Chevrolet,Trax,2017.0,57500.0,Grey,1399.0,Automatic,5.0,160000000.0,Petrol,8.0
Hyundai,Creta,2022.0,47500.0,Red,1497.0,Automatic,5.0,267000000.0,Petrol,3.0
Mazda,Cx,2022.0,27500.0,White,2488.0,Automatic,5.0,448000000.0,Petrol,3.0
Bmw,320I,2017.0,22500.0,Black,1995.0,Automatic,5.0,358000000.0,Petrol,8.0
Hyundai,Stargazer,2022.0,47500.0,Grey,1497.0,Automatic,7.0,213000000.0,Petrol,3.0
Mitsubishi,Pajero,2022.0,17500.0,Silver,2442.0,Automatic,7.0,461000000.0,Diesel,3.0
Toyota,Alphard,2008.0,87500.0,Black,2362.0,Automatic,7.0,139000000.0,Petrol,17.0
Jeep,Wrangler,2015.0,47500.0,Orange,2985.0,Automatic,5.0,825000000.0,Petrol,10.0
Nissan,Serena,2017.0,57500.0,White,1997.0,Automatic,7.0,198000000.0,Petrol,8.0
Mitsubishi,Pajero,2018.0,27500.0,White,2442.0,Automatic,7.0,382000000.0,Diesel,7.0
Toyota,Fortuner,2023.0,12500.0,Black,2755.0,Automatic,7.0,492000000.0,Diesel,2.0
Honda,Cr,2019.0,37500.0,Others,1498.0,Automatic,5.0,362000000.0,Petrol,6.0
Mazda,2,2020.0,37500.0,White,1496.0,Automatic,5.0,197000000.0,Petrol,5.0
Mercedes,Benz,2015.0,37500.0,White,1991.0,Automatic,5.0,355000000.0,Petrol,10.0
Hyundai,Stargazer,2023.0,17500.0,Grey,1497.0,Automatic,7.0,208000000.0,Petrol,2.0
Nissan,X,2017.0,77500.0,Black,2488.0,Automatic,7.0,178000000.0,Petrol,8.0
Bmw,320I,2019.0,17500.0,Grey,1995.0,Automatic,5.0,399000000.0,Petrol,6.0
Mercedes,Benz,2017.0,17500.0,Black,1991.0,Automatic,5.0,355000000.0,Petrol,8.0
Mercedes,Benz,2012.0,27500.0,White,1796.0,Automatic,4.0,664000000.0,Petrol,13.0
Toyota,Raize,2021.0,17500.0,White,998.0,Automatic,5.0,229000000.0,Petrol,4.0
Mercedes,Benz,2015.0,32500.0,White,1991.0,Automatic,5.0,435000000.0,Petrol,10.0
Toyota,Vellfire,2019.0,47500.0,Black,2494.0,Automatic,7.0,782000000.0,Petrol,6.0
Toyota,Kijang,2021.0,57500.0,White,1998.0,Automatic,7.0,336000000.0,Petrol,4.0
Wuling,Almaz,2020.0,47500.0,Black,1451.0,Automatic,5.0,169000000.0,Petrol,5.0
Toyota,Alphard,2021.0,37500.0,Black,2494.0,Automatic,7.0,933000000.0,Petrol,4.0
Toyota,Camry,2022.0,17500.0,White,2487.0,Automatic,5.0,466000000.0,Petrol,3.0
Nissan,Evalia,2012.0,117500.0,Grey,1498.0,Automatic,7.0,86000000.0,Petrol,13.0
Toyota,Alphard,2020.0,27500.0,Black,2494.0,Automatic,7.0,878000000.0,Petrol,5.0
Bmw,X5,2016.0,42500.0,Black,2979.0,Automatic,5.0,575000000.0,Petrol,9.0
Bmw,X3,2018.0,37500.0,White,1998.0,Automatic,5.0,625000000.0,Petrol,7.0
Mitsubishi,Outlander,2017.0,67500.0,Red,1998.0,Automatic,5.0,165000000.0,Petrol,8.0
Volkswagen,Tiguan,2014.0,47500.0,White,1390.0,Automatic,5.0,139000000.0,Petrol,11.0
Bmw,X3,2016.0,37500.0,White,1997.0,Automatic,5.0,414000000.0,Petrol,9.0
Mercedes,Benz,2019.0,22500.0,Black,1991.0,Automatic,5.0,599000000.0,Petrol,6.0
Mazda,Cx,2021.0,47500.0,Red,1998.0,Automatic,5.0,374000000.0,Petrol,4.0
Toyota,Corolla,2020.0,77500.0,Black,1798.0,Automatic,5.0,268000000.0,Petrol,5.0
Honda,Civic,2016.0,47500.0,White,1498.0,Automatic,5.0,275000000.0,Petrol,9.0
Mitsubishi,Delica,2016.0,67500.0,Black,1998.0,Automatic,7.0,206000000.0,Petrol,9.0
Toyota,Kijang,2021.0,57500.0,Grey,1998.0,Automatic,8.0,287000000.0,Petrol,4.0
Toyota,Kijang,2024.0,7500.0,White,1987.0,Automatic,8.0,498000000.0,Petrol,1.0
Bmw,X5,2015.0,47500.0,White,2979.0,Automatic,5.0,499000000.0,Petrol,10.0
Honda,Cr,2015.0,27500.0,Red,1497.0,Automatic,4.0,308000000.0,Petrol,10.0
Volkswagen,Tiguan,2015.0,47500.0,Silver,1390.0,Automatic,5.0,145000000.0,Petrol,10.0
Mitsubishi,Pajero,2013.0,157500.0,White,2477.0,Automatic,7.0,208000000.0,Diesel,12.0
Mazda,Biante,2014.0,62500.0,Grey,1997.0,Automatic,7.0,168000000.0,Petrol,11.0
Toyota,Fortuner,2020.0,47500.0,Grey,2393.0,Automatic,7.0,426000000.0,Diesel,5.0
Chevrolet,Trailblazer,2017.0,77500.0,White,2499.0,Automatic,7.0,285000000.0,Diesel,8.0
Mitsubishi,Pajero,2022.0,17500.0,Black,2442.0,Automatic,7.0,475000000.0,Diesel,3.0
Mercedes,Benz,2022.0,7500.0,Black,1999.0,Automatic,5.0,895000000.0,Petrol,3.0
Toyota,Yaris,2020.0,37500.0,Red,1496.0,Automatic,5.0,177000000.0,Petrol,5.0
Mitsubishi,Pajero,2022.0,17500.0,Grey,2442.0,Automatic,7.0,475000000.0,Diesel,3.0
Mitsubishi,Pajero,2018.0,77500.0,Black,2442.0,Automatic,7.0,390000000.0,Diesel,7.0
Toyota,Veloz,2022.0,17500.0,Black,1496.0,Automatic,7.0,235000000.0,Petrol,3.0
Mercedes,Benz,2012.0,27500.0,Red,1796.0,Automatic,2.0,515000000.0,Petrol,13.0
Hyundai,Santa,2021.0,17500.0,White,2497.0,Automatic,7.0,405000000.0,Petrol,4.0
Honda,Hr,2022.0,17500.0,White,1498.0,Automatic,5.0,319000000.0,Petrol,3.0
Mazda,Cx,2020.0,57500.0,Grey,1998.0,Automatic,5.0,248000000.0,Petrol,5.0
Bmw,X3,2015.0,37500.0,White,1997.0,Automatic,5.0,365000000.0,Petrol,10.0
Mercedes,Benz,2015.0,37500.0,White,1595.0,Automatic,5.0,234000000.0,Petrol,10.0
Mitsubishi,Pajero,2021.0,27500.0,Grey,2442.0,Automatic,7.0,453000000.0,Diesel,4.0
Bmw,320I,2018.0,12500.0,White,1995.0,Automatic,5.0,378000000.0,Petrol,7.0
Honda,Hr,2018.0,17500.0,Black,1799.0,Automatic,5.0,247000000.0,Petrol,7.0
Toyota,Kijang,2023.0,27500.0,White,1998.0,Automatic,8.0,478000000.0,Petrol,2.0
Volkswagen,Scirocco,2013.0,27500.0,White,1984.0,Automatic,4.0,460000000.0,Petrol,12.0
Mercedes,Benz,2016.0,17500.0,Black,1991.0,Automatic,5.0,385000000.0,Petrol,9.0
Toyota,Alphard,2021.0,47500.0,Black,2494.0,Automatic,7.0,956000000.0,Petrol,4.0
Toyota,Raize,2021.0,12500.0,Grey,998.0,Automatic,5.0,198000000.0,Petrol,4.0
Bmw,435I,2015.0,27500.0,White,2979.0,Automatic,4.0,687000000.0,Petrol,10.0
Mini,Cooper,2019.0,12500.0,Red,1998.0,Automatic,5.0,641000000.0,Petrol,6.0
Mercedes,Benz,2019.0,27500.0,Black,1991.0,Automatic,5.0,715000000.0,Petrol,6.0
Mini,Roadster,2013.0,22500.0,Red,1598.0,Automatic,2.0,405000000.0,Petrol,12.0
Toyota,Yaris,2020.0,37500.0,Red,1496.0,Automatic,5.0,197000000.0,Petrol,5.0
Toyota,Vellfire,2014.0,77500.0,White,2362.0,Automatic,7.0,389000000.0,Petrol,11.0
Mazda,Cx,2021.0,47500.0,Red,1998.0,Automatic,5.0,382000000.0,Petrol,4.0
Mazda,Cx,2016.0,67500.0,Red,2488.0,Automatic,5.0,259000000.0,Petrol,9.0
Volkswagen,Tiguan,2014.0,47500.0,Others,1390.0,Automatic,5.0,169000000.0,Petrol,11.0
Chevrolet,Trailblazer,2017.0,77500.0,Black,2499.0,Automatic,7.0,285000000.0,Diesel,8.0
Toyota,Fortuner,2022.0,27500.0,Black,2755.0,Automatic,7.0,475000000.0,Diesel,3.0
Toyota,Camry,2022.0,17500.0,Black,2487.0,Automatic,5.0,485000000.0,Petrol,3.0
Nissan,X,2015.0,57500.0,Black,2488.0,Automatic,7.0,194000000.0,Petrol,10.0
Honda,Br,2019.0,37500.0,Silver,1497.0,Automatic,7.0,207000000.0,Petrol,6.0
Mitsubishi,Pajero,2021.0,57500.0,Black,2442.0,Automatic,7.0,455000000.0,Diesel,4.0
Mercedes,Benz,2011.0,52500.0,Black,1796.0,Automatic,5.0,246000000.0,Petrol,14.0
Jeep,Wrangler,2013.0,27500.0,Green,3604.0,Automatic,4.0,893000000.0,Petrol,12.0
Mazda,6,2020.0,17500.0,Grey,2488.0,Automatic,5.0,388000000.0,Petrol,5.0
Toyota,Camry,2016.0,82500.0,Black,2494.0,Automatic,5.0,246000000.0,Petrol,9.0
Honda,Hr,2022.0,12500.0,Black,1498.0,Automatic,5.0,388000000.0,Petrol,3.0
Mitsubishi,Pajero,2022.0,27500.0,Black,2442.0,Automatic,7.0,475000000.0,Diesel,3.0
Mercedes,Benz,2012.0,37500.0,Silver,2996.0,Automatic,5.0,308000000.0,Petrol,13.0
Volkswagen,Golf,2014.0,47500.0,Black,1395.0,Automatic,5.0,255000000.0,Petrol,11.0
Honda,Accord,2015.0,57500.0,Black,2356.0,Automatic,5.0,265000000.0,Petrol,10.0
Toyota,Fortuner,2022.0,47500.0,Silver,2755.0,Automatic,7.0,465000000.0,Diesel,3.0
Mitsubishi,Pajero,2021.0,47500.0,Black,2442.0,Automatic,7.0,443000000.0,Diesel,4.0
Bmw,X3,2018.0,37500.0,Black,1998.0,Automatic,5.0,680000000.0,Petrol,7.0
Toyota,Fortuner,2022.0,42500.0,Black,2755.0,Automatic,7.0,475000000.0,Diesel,3.0
Bmw,530I,2017.0,17500.0,Black,1998.0,Automatic,5.0,612000000.0,Petrol,8.0
Mercedes,Benz,2017.0,27500.0,Silver,1991.0,Automatic,5.0,417000000.0,Petrol,8.0
Volkswagen,Golf,2014.0,47500.0,White,1395.0,Automatic,5.0,265000000.0,Petrol,11.0
Mercedes,Benz,2023.0,2500.0,White,1991.0,Automatic,5.0,856000000.0,Petrol,2.0
Toyota,Kijang,2021.0,57500.0,Black,1998.0,Automatic,8.0,294000000.0,Petrol,4.0
Toyota,Fortuner,2021.0,57500.0,Black,2393.0,Automatic,7.0,428000000.0,Diesel,4.0
Mercedes,Benz,2018.0,27500.0,Black,1991.0,Automatic,5.0,637000000.0,Petrol,7.0
Toyota,Kijang,2022.0,7500.0,Black,1998.0,Automatic,7.0,475000000.0,Petrol,3.0
Honda,Civic,2018.0,37500.0,Black,1498.0,Automatic,5.0,339000000.0,Petrol,7.0
Bmw,320I,2012.0,47500.0,Silver,1995.0,Automatic,5.0,238000000.0,Petrol,13.0
Mitsubishi,Pajero,2022.0,17500.0,White,2442.0,Automatic,7.0,475000000.0,Diesel,3.0
Toyota,Corolla,2020.0,77500.0,Black,1798.0,Automatic,5.0,288000000.0,Petrol,5.0
Honda,Hr,2019.0,12500.0,Grey,1497.0,Automatic,5.0,258000000.0,Petrol,6.0
Honda,Cr,2015.0,27500.0,Red,1497.0,Automatic,4.0,349000000.0,Petrol,10.0
Mercedes,Benz,2015.0,47500.0,Black,2996.0,Automatic,5.0,477000000.0,Petrol,10.0
Honda,Odyssey,2017.0,57500.0,Black,2356.0,Automatic,7.0,379000000.0,Petrol,8.0
Mercedes,Benz,2022.0,7500.0,Black,1991.0,Automatic,4.0,825000000.0,Petrol,3.0
Mercedes,Benz,2013.0,27500.0,Black,3498.0,Automatic,5.0,482000000.0,Petrol,12.0
Bmw,X3,2018.0,37500.0,White,1998.0,Automatic,5.0,680000000.0,Petrol,7.0
Toyota,Harrier,2014.0,57500.0,Black,1986.0,Automatic,5.0,380000000.0,Petrol,11.0
Mazda,Cx,2021.0,27500.0,Grey,1998.0,Automatic,5.0,372000000.0,Petrol,4.0
Mazda,3,2020.0,27500.0,Grey,1998.0,Automatic,5.0,385000000.0,Petrol,5.0
Toyota,Fortuner,2022.0,27500.0,Silver,2393.0,Automatic,7.0,475000000.0,Diesel,3.0
Mercedes,Benz,2020.0,27500.0,Black,1991.0,Automatic,5.0,755000000.0,Petrol,5.0
Nissan,X,2017.0,67500.0,White,2488.0,Automatic,7.0,226000000.0,Petrol,8.0
Mazda,Biante,2014.0,57500.0,Silver,1997.0,Automatic,7.0,177000000.0,Petrol,11.0
Toyota,Fortuner,2021.0,37500.0,White,2393.0,Automatic,7.0,439000000.0,Diesel,4.0
Mitsubishi,Pajero,2022.0,47500.0,White,2442.0,Automatic,7.0,465000000.0,Diesel,3.0
Bmw,528I,2017.0,37500.0,Black,1997.0,Automatic,5.0,370000000.0,Petrol,8.0
Mazda,Cx,2021.0,17500.0,Black,1998.0,Automatic,5.0,378000000.0,Petrol,4.0
Hyundai,Palisade,2021.0,27500.0,Black,2199.0,Automatic,7.0,745000000.0,Diesel,4.0
Toyota,Fortuner,2023.0,37500.0,Black,2755.0,Automatic,7.0,488000000.0,Diesel,2.0
Toyota,Fortuner,2022.0,57500.0,Black,2755.0,Automatic,7.0,468000000.0,Diesel,3.0
Mazda,Cx,2020.0,47500.0,Red,1998.0,Automatic,5.0,358000000.0,Petrol,5.0
Lexus,Nx,2018.0,67500.0,Grey,1998.0,Automatic,5.0,678000000.0,Petrol,7.0
Volkswagen,Golf,2013.0,47500.0,Black,1395.0,Automatic,5.0,255000000.0,Petrol,12.0
Lexus,Lx,2009.0,77500.0,Black,5663.0,Automatic,8.0,895000000.0,Petrol,16.0
Volkswagen,Scirocco,2017.0,37500.0,White,1390.0,Automatic,4.0,427000000.0,Petrol,8.0
Toyota,Sienta,2016.0,67500.0,Silver,1497.0,Automatic,7.0,169000000.0,Petrol,9.0
Bmw,530I,2017.0,17500.0,White,1998.0,Automatic,5.0,612000000.0,Petrol,8.0
Mercedes,Benz,2015.0,17500.0,White,2996.0,Automatic,5.0,821000000.0,Petrol,10.0
Bmw,X5,2015.0,47500.0,White,2979.0,Automatic,5.0,599000000.0,Petrol,10.0
Volkswagen,Tiguan,2014.0,47500.0,White,1390.0,Automatic,5.0,169000000.0,Petrol,11.0
Toyota,Fortuner,2022.0,17500.0,White,2755.0,Automatic,7.0,475000000.0,Diesel,3.0
Lexus,Lx,2009.0,77500.0,Black,5663.0,Automatic,8.0,955000000.0,Petrol,16.0
Mazda,2,2015.0,57500.0,White,1496.0,Automatic,5.0,171000000.0,Petrol,10.0
Bmw,X3,2013.0,27500.0,White,1997.0,Automatic,5.0,326000000.0,Petrol,12.0
Bmw,X3,2015.0,37500.0,White,1997.0,Automatic,5.0,455000000.0,Petrol,10.0
Mercedes,Benz,2015.0,32500.0,White,2996.0,Automatic,7.0,755000000.0,Petrol,10.0
Volkswagen,Tiguan,2015.0,47500.0,Grey,1390.0,Automatic,5.0,179000000.0,Petrol,10.0
Honda,Accord,2014.0,87500.0,Black,2356.0,Automatic,5.0,230000000.0,Petrol,11.0
Bmw,X1,2017.0,37500.0,Black,1499.0,Automatic,5.0,417000000.0,Petrol,8.0
Mitsubishi,Pajero,2013.0,167500.0,White,2477.0,Automatic,7.0,223000000.0,Diesel,12.0
Mercedes,Benz,2018.0,27500.0,Black,1991.0,Automatic,5.0,735000000.0,Petrol,7.0
Mercedes,Benz,2017.0,37500.0,White,1991.0,Automatic,5.0,579000000.0,Petrol,8.0
Mercedes,Benz,2013.0,27500.0,Black,3498.0,Automatic,5.0,514000000.0,Petrol,12.0
Bmw,X5,2016.0,42500.0,Black,2979.0,Automatic,5.0,658000000.0,Petrol,9.0
Mitsubishi,Outlander,2017.0,72500.0,Red,1998.0,Automatic,5.0,228000000.0,Petrol,8.0
Mercedes,Benz,2015.0,17500.0,White,2996.0,Automatic,5.0,935000000.0,Petrol,10.0
Bmw,530I,2017.0,17500.0,White,1998.0,Automatic,5.0,692000000.0,Petrol,8.0
Mitsubishi,Pajero,2020.0,47500.0,Black,2442.0,Automatic,7.0,415000000.0,Diesel,5.0
Toyota,Fortuner,2022.0,12500.0,Grey,2755.0,Automatic,7.0,486000000.0,Diesel,3.0
Toyota,Fortuner,2021.0,47500.0,White,2393.0,Automatic,7.0,419000000.0,Diesel,4.0
Mercedes,Benz,2018.0,27500.0,Black,2996.0,Automatic,5.0,995000000.0,Petrol,7.0
Toyota,Fortuner,2022.0,17500.0,Black,2393.0,Automatic,7.0,429000000.0,Diesel,3.0
Mercedes,Benz,2012.0,37500.0,Grey,2996.0,Automatic,5.0,308000000.0,Petrol,13.0
Mercedes,Benz,2015.0,37500.0,Maroon,2996.0,Automatic,7.0,705000000.0,Petrol,10.0
Mercedes,Benz,2015.0,37500.0,Black,2996.0,Automatic,7.0,705000000.0,Petrol,10.0
Mercedes,Benz,2017.0,37500.0,Black,2996.0,Automatic,7.0,897000000.0,Petrol,8.0
Toyota,Harrier,2014.0,67500.0,Black,1986.0,Automatic,5.0,398000000.0,Petrol,11.0
Lexus,Rx,2013.0,57500.0,White,2672.0,Automatic,5.0,381000000.0,Petrol,12.0
Honda,Odyssey,2017.0,82500.0,Black,2356.0,Automatic,7.0,395000000.0,Petrol,8.0
Mercedes,Benz,2015.0,47500.0,Black,2996.0,Automatic,5.0,538000000.0,Petrol,10.0
Toyota,Harrier,2014.0,67500.0,White,1986.0,Automatic,5.0,398000000.0,Petrol,11.0
Honda,Hr,2018.0,82500.0,Grey,1497.0,Automatic,5.0,178000000.0,Petrol,7.0
Ferrari,California,2013.0,2500.0,Yellow,4297.0,Automatic,4.0,2600000000.0,Petrol,12.0
Bmw,X3,2015.0,47500.0,Black,1997.0,Automatic,5.0,245000000.0,Petrol,10.0
Mazda,Cx,2017.0,27500.0,Red,2488.0,Automatic,5.0,275000000.0,Petrol,8.0
Bmw,730Li,2017.0,7500.0,Black,1998.0,Automatic,5.0,550000000.0,Petrol,8.0
Mazda,Cx,2020.0,37500.0,Grey,2488.0,Automatic,7.0,395000000.0,Petrol,5.0
Bmw,X3,2022.0,2500.0,Black,1998.0,Automatic,5.0,825000000.0,Petrol,3.0
Mercedes,Benz,2023.0,2500.0,Black,1991.0,Automatic,5.0,865000000.0,Petrol,2.0
Porsche,Cayman,2013.0,7500.0,White,2706.0,Automatic,2.0,1075000000.0,Petrol,12.0
Bmw,Z4,2023.0,2500.0,Red,1998.0,Automatic,2.0,1395000000.0,Petrol,2.0
Toyota,Vellfire,2015.0,37500.0,White,2493.0,Automatic,7.0,565000000.0,Petrol,10.0
Toyota,Kijang,2022.0,47500.0,Black,1998.0,Automatic,8.0,375000000.0,Petrol,3.0
Honda,Jazz,2020.0,72500.0,Black,1497.0,Automatic,5.0,219000000.0,Petrol,5.0
Toyota,Fortuner,2022.0,27500.0,Black,2755.0,Automatic,7.0,580000000.0,Diesel,3.0
Suzuki,Ertiga,2014.0,52500.0,Black,1373.0,Manual,7.0,110000000.0,Petrol,11.0
Toyota,Kijang,2018.0,147500.0,Black,2393.0,Automatic,8.0,305000000.0,Diesel,7.0
Nissan,Serena,2013.0,155000.0,Silver,1997.0,Automatic,7.0,140000000.0,Petrol,12.0
Toyota,Kijang,2016.0,57500.0,Grey,1998.0,Automatic,8.0,245000000.0,Petrol,9.0
Toyota,Camry,2018.0,82500.0,Black,2494.0,Automatic,5.0,245000000.0,Petrol,7.0
Hyundai,Creta,2022.0,27500.0,Silver,1497.0,Automatic,5.0,235000000.0,Petrol,3.0
Honda,Wr,2024.0,7500.0,Grey,1498.0,Automatic,5.0,245000000.0,Petrol,1.0
Mitsubishi,Pajero,2017.0,97500.0,White,2442.0,Automatic,7.0,370000000.0,Diesel,8.0
Toyota,Alphard,2012.0,97500.0,White,2362.0,Automatic,7.0,209000000.0,Petrol,13.0
Bmw,520I,2023.0,7500.0,Black,1998.0,Automatic,5.0,775000000.0,Petrol,2.0
Jeep,Wrangler,2013.0,87500.0,Black,3604.0,Automatic,4.0,695000000.0,Petrol,12.0
Bmw,735I,2023.0,2500.0,Black,2998.0,Automatic,5.0,1799000000.0,Petrol,2.0
Bmw,520I,2023.0,2500.0,White,1998.0,Automatic,5.0,795000000.0,Petrol,2.0
Bmw,520I,2023.0,2500.0,Black,1998.0,Automatic,5.0,810000000.0,Petrol,2.0
Honda,Hr,2018.0,77500.0,Black,1497.0,Automatic,5.0,195000000.0,Petrol,7.0
Toyota,Kijang,2021.0,37500.0,White,2393.0,Automatic,7.0,425000000.0,Diesel,4.0
Toyota,Vellfire,2024.0,2500.0,Black,2500.0,Automatic,7.0,1525000000.0,Hybrid,1.0
Honda,Br,2023.0,22500.0,White,1498.0,Automatic,7.0,241000000.0,Petrol,2.0
Chevrolet,Trax,2018.0,37500.0,Black,1399.0,Automatic,5.0,160000000.0,Petrol,7.0
Mitsubishi,Xpander,2021.0,42500.0,Black,1499.0,Automatic,7.0,215000000.0,Petrol,4.0
Honda,Hr,2025.0,2500.0,Black,1498.0,Automatic,5.0,359000000.0,Petrol,0.0
Bmw,330I,2023.0,22500.0,Blue,1998.0,Automatic,5.0,735000000.0,Petrol,2.0
Bmw,X3,2022.0,22500.0,Black,1998.0,Automatic,5.0,750000000.0,Petrol,3.0
Toyota,Alphard,2021.0,27500.0,Black,2494.0,Automatic,7.0,768000000.0,Petrol,4.0
Hyundai,Creta,2022.0,37500.0,White,1497.0,Automatic,5.0,269000000.0,Petrol,3.0
Gwm,Tank,2024.0,7500.0,Silver,1998.0,Automatic,7.0,868000000.0,Petrol,1.0
Toyota,Kijang,2019.0,62500.0,White,1998.0,Automatic,7.0,269000000.0,Petrol,6.0
Mitsubishi,Xpander,2021.0,57500.0,Black,1499.0,Automatic,7.0,185000000.0,Petrol,4.0
Hyundai,Stargazer,2023.0,17500.0,White,1497.0,Automatic,7.0,252000000.0,Petrol,2.0
Mercedes,Benz,2019.0,47500.0,Black,1991.0,Automatic,5.0,578000000.0,Petrol,6.0
Toyota,Voxy,2022.0,17500.0,Black,1986.0,Automatic,7.0,425000000.0,Petrol,3.0
Honda,City,2021.0,17500.0,White,1498.0,Automatic,5.0,219000000.0,Petrol,4.0
Mitsubishi,Xpander,2024.0,17500.0,Black,1499.0,Automatic,7.0,255000000.0,Petrol,1.0
Suzuki,Xl7,2024.0,17500.0,Brown,1500.0,Automatic,7.0,230000000.0,Hybrid,1.0
Mazda,2,2017.0,52500.0,Silver,1496.0,Automatic,5.0,169000000.0,Petrol,8.0
Peugeot,2008,2022.0,27500.0,Black,1199.0,Automatic,5.0,261000000.0,Petrol,3.0
Toyota,Avanza,2024.0,12500.0,Black,1496.0,Automatic,7.0,220000000.0,Petrol,1.0
Honda,Accord,2020.0,12500.0,White,1498.0,Automatic,5.0,450000000.0,Petrol,5.0
Bmw,730Li,2010.0,97500.0,Black,2996.0,Automatic,5.0,179000000.0,Petrol,15.0
Toyota,Vellfire,2017.0,62500.0,White,2494.0,Automatic,7.0,570000000.0,Petrol,8.0
Toyota,Voxy,2020.0,77500.0,Black,1986.0,Automatic,7.0,343000000.0,Petrol,5.0
Mercedes,Benz,2023.0,2500.0,Black,1332.0,Automatic,5.0,645000000.0,Petrol,2.0
Mercedes,Benz,2023.0,7500.0,Black,1999.0,Automatic,5.0,857000000.0,Petrol,2.0
Mercedes,Benz,2019.0,12500.0,Red,1332.0,Automatic,5.0,615000000.0,Petrol,6.0
Mercedes,Benz,2022.0,7500.0,Yellow,1332.0,Automatic,5.0,745000000.0,Petrol,3.0
Mazda,Cx,2022.0,7500.0,Red,2488.0,Automatic,5.0,429000000.0,Petrol,3.0
Toyota,Hiace,2021.0,12500.0,White,2755.0,Manual,12.0,452000000.0,Diesel,4.0
Mazda,Mx,2023.0,2500.0,Red,1998.0,Automatic,2.0,695000000.0,Petrol,2.0
Mercedes,Benz,2022.0,27500.0,Black,2999.0,Automatic,5.0,1650000000.0,Petrol,3.0
Lexus,Lx,2009.0,57500.0,Black,5663.0,Automatic,8.0,675000000.0,Petrol,16.0
Bmw,320I,2019.0,37500.0,Black,1995.0,Automatic,5.0,325000000.0,Petrol,6.0
Bmw,520I,2024.0,2500.0,Grey,1998.0,Automatic,5.0,1125000000.0,Petrol,1.0
Toyota,Gr,2022.0,7500.0,Orange,2387.0,Automatic,4.0,730000000.0,Petrol,3.0
Wuling,Almaz,2022.0,12500.0,Silver,1451.0,Automatic,7.0,185000000.0,Petrol,3.0
Mini,Countryman,2020.0,2500.0,Grey,1998.0,Automatic,5.0,615000000.0,Petrol,5.0
Mitsubishi,Pajero,2021.0,62500.0,White,2442.0,Automatic,7.0,470000000.0,Diesel,4.0
Toyota,Rush,2019.0,87500.0,Silver,1495.0,Automatic,7.0,196000000.0,Petrol,6.0
Honda,Brio,2019.0,62500.0,Black,1199.0,Automatic,5.0,145000000.0,Petrol,6.0
Nissan,X,2016.0,127500.0,White,2488.0,Automatic,7.0,150000000.0,Petrol,9.0
Lexus,Rx,2017.0,72500.0,White,1998.0,Automatic,5.0,639000000.0,Petrol,8.0
Toyota,Corolla,2021.0,22500.0,Black,1798.0,Automatic,5.0,300000000.0,Petrol,4.0
Toyota,Hilux,2004.0,297500.0,Green,2494.0,Manual,5.0,255000000.0,Diesel,21.0
Mercedes,Benz,2018.0,17500.0,White,1991.0,Automatic,4.0,850000000.0,Petrol,7.0
Hyundai,Palisade,2022.0,7500.0,Black,2199.0,Automatic,7.0,750000000.0,Diesel,3.0
Hyundai,Palisade,2024.0,2500.0,White,2199.0,Automatic,7.0,895000000.0,Diesel,1.0
Toyota,Vellfire,2018.0,57500.0,Black,2494.0,Automatic,7.0,730000000.0,Petrol,7.0
Mitsubishi,Pajero,2019.0,87500.0,White,2442.0,Automatic,7.0,440000000.0,Diesel,6.0
Toyota,Corolla,2022.0,47500.0,Black,1798.0,Automatic,5.0,390000000.0,Hybrid,3.0
Toyota,Rush,2021.0,27500.0,Silver,1496.0,Automatic,7.0,217000000.0,Petrol,4.0
Bmw,320I,2014.0,87500.0,Black,1997.0,Automatic,5.0,265000000.0,Petrol,11.0
Mazda,Cx,2022.0,17500.0,Red,2488.0,Automatic,5.0,465000000.0,Petrol,3.0
Toyota,Vellfire,2019.0,42500.0,Black,2494.0,Automatic,7.0,790000000.0,Petrol,6.0
Mazda,Cx,2022.0,12500.0,White,2488.0,Automatic,5.0,475000000.0,Petrol,3.0
Toyota,Vellfire,2017.0,57500.0,Black,2494.0,Automatic,7.0,650000000.0,Petrol,8.0
Mercedes,Benz,2023.0,7500.0,Black,1999.0,Automatic,7.0,1200000000.0,Petrol,2.0
Mercedes,Benz,2025.0,2500.0,Black,2999.0,Automatic,7.0,5750000000.0,Petrol,0.0
Mercedes,Benz,2024.0,2500.0,Black,1999.0,Automatic,5.0,1080000000.0,Petrol,1.0
Lexus,Rx,2019.0,77500.0,Grey,1998.0,Automatic,5.0,750000000.0,Petrol,6.0
Mercedes,Benz,2016.0,37500.0,Black,2996.0,Automatic,5.0,525000000.0,Petrol,9.0
Mercedes,Benz,2016.0,32500.0,Black,1595.0,Automatic,5.0,299000000.0,Petrol,9.0
Mercedes,Benz,2019.0,42500.0,White,1332.0,Automatic,5.0,571000000.0,Petrol,6.0
Mercedes,Benz,2016.0,42500.0,White,2996.0,Automatic,5.0,500000000.0,Petrol,9.0
Mazda,3,2023.0,2500.0,Red,1998.0,Automatic,5.0,463000000.0,Petrol,2.0
Toyota,Fortuner,2022.0,52500.0,Black,2755.0,Automatic,7.0,483000000.0,Diesel,3.0
Mercedes,Benz,2017.0,47500.0,White,1596.0,Automatic,5.0,385000000.0,Petrol,8.0
Mercedes,Benz,2014.0,52500.0,Black,2143.0,Automatic,5.0,329000000.0,Petrol,11.0
Toyota,Alphard,2019.0,62500.0,Black,2494.0,Automatic,7.0,669000000.0,Petrol,6.0
Honda,Br,2017.0,47500.0,Grey,1497.0,Automatic,7.0,179000000.0,Petrol,8.0
Bmw,330I,2023.0,7500.0,Black,1998.0,Automatic,5.0,815000000.0,Petrol,2.0
Mercedes,Benz,2022.0,7500.0,White,1991.0,Automatic,4.0,799000000.0,Petrol,3.0
Mercedes,Benz,2021.0,12500.0,White,1332.0,Automatic,7.0,570000000.0,Petrol,4.0
Lexus,Es,2022.0,2500.0,Silver,2487.0,Automatic,5.0,895000000.0,Hybrid,3.0
Bmw,M4,2023.0,2500.0,Yellow,2993.0,Automatic,4.0,2100000000.0,Petrol,2.0
Bmw,430I,2023.0,7500.0,Green,1998.0,Automatic,4.0,1475000000.0,Petrol,2.0
Toyota,Fortuner,2020.0,52500.0,Silver,2393.0,Automatic,7.0,435000000.0,Diesel,5.0
Toyota,Avanza,2023.0,12500.0,Black,1496.0,Automatic,7.0,209000000.0,Petrol,2.0
Nissan,X,2015.0,122500.0,Grey,2488.0,Automatic,7.0,135000000.0,Petrol,10.0
Honda,Civic,2023.0,12500.0,Black,1498.0,Automatic,5.0,449000000.0,Petrol,2.0
Mg,5,2022.0,32500.0,Grey,1498.0,Automatic,5.0,243000000.0,Petrol,3.0
Toyota,Kijang,2024.0,12500.0,Grey,1987.0,Automatic,8.0,532000000.0,Petrol,1.0
Mazda,Cx,2021.0,77500.0,Red,1496.0,Automatic,5.0,249000000.0,Petrol,4.0
Mitsubishi,Xpander,2023.0,32500.0,Black,1499.0,Automatic,7.0,265000000.0,Petrol,2.0
Toyota,Voxy,2018.0,97500.0,Black,1986.0,Automatic,7.0,273000000.0,Petrol,7.0
Toyota,Fortuner,2024.0,12500.0,Grey,2755.0,Automatic,7.0,549000000.0,Diesel,1.0
Toyota,Kijang,2022.0,17500.0,Black,1998.0,Automatic,7.0,505000000.0,Petrol,3.0
Mitsubishi,Pajero,2008.0,167500.0,White,3828.0,Automatic,5.0,295000000.0,Petrol,17.0
Mercedes,Benz,2012.0,132500.0,Silver,2996.0,Automatic,5.0,219000000.0,Petrol,13.0
Hyundai,Creta,2023.0,42500.0,White,1497.0,Automatic,5.0,239000000.0,Petrol,2.0
Chery,Omoda,2023.0,7500.0,White,1498.0,Automatic,5.0,279000000.0,Petrol,2.0
Mercedes,Benz,2015.0,22500.0,Black,2996.0,Automatic,5.0,625000000.0,Petrol,10.0
Toyota,Alphard,2021.0,2500.0,Black,2494.0,Automatic,7.0,955000000.0,Petrol,4.0
Lexus,Rx,2016.0,67500.0,Black,1998.0,Automatic,5.0,560000000.0,Petrol,9.0
Mercedes,Benz,2018.0,32500.0,Black,2143.0,Automatic,5.0,595000000.0,Petrol,7.0
Mercedes,Benz,2018.0,7500.0,Black,2999.0,Automatic,5.0,845000000.0,Petrol,7.0
Mercedes,Benz,2019.0,7500.0,Black,3982.0,Automatic,5.0,4725000000.0,Petrol,6.0
Mercedes,Benz,2016.0,22500.0,White,2143.0,Automatic,7.0,499000000.0,Diesel,9.0
Lexus,Es,2022.0,12500.0,Silver,2487.0,Automatic,5.0,875000000.0,Hybrid,3.0
Nissan,Serena,2019.0,132500.0,White,1997.0,Automatic,7.0,215000000.0,Petrol,6.0
Bmw,730Li,2017.0,17500.0,Black,1998.0,Automatic,5.0,610000000.0,Petrol,8.0
Honda,Cr,2023.0,2500.0,White,1993.0,Automatic,5.0,645000000.0,Hybrid,2.0
Honda,Cr,2024.0,2500.0,Black,1993.0,Automatic,5.0,695000000.0,Hybrid,1.0
Mercedes,Benz,2022.0,27500.0,Grey,1332.0,Automatic,5.0,495000000.0,Petrol,3.0
Land,Rover,2016.0,27500.0,White,2995.0,Automatic,5.0,925000000.0,Petrol,9.0
Land,Rover,2014.0,22500.0,Black,2995.0,Automatic,5.0,1000000000.0,Petrol,11.0
Land,Rover,2022.0,17500.0,Black,2996.0,Automatic,5.0,2850000000.0,Petrol,3.0
Hyundai,Staria,2021.0,2500.0,Black,2199.0,Automatic,7.0,650000000.0,Diesel,4.0
Honda,Odyssey,2019.0,67500.0,Black,2356.0,Automatic,7.0,295000000.0,Petrol,6.0
Bmw,M2,2020.0,2500.0,Silver,2979.0,Automatic,4.0,1150000000.0,Petrol,5.0
Ferrari,California,2014.0,2500.0,Red,4297.0,Automatic,4.0,2900000000.0,Petrol,11.0
Wuling,Cortez,2021.0,47500.0,Grey,1451.0,Automatic,8.0,135000000.0,Petrol,4.0
Honda,Cr,2013.0,102500.0,Black,1997.0,Automatic,5.0,165000000.0,Petrol,12.0
Nissan,Livina,2021.0,27500.0,Black,1499.0,Automatic,7.0,199000000.0,Petrol,4.0
Suzuki,Grand,2024.0,12500.0,White,1462.0,Automatic,5.0,308000000.0,Hybrid,1.0
Toyota,Land,2023.0,2500.0,White,3346.0,Automatic,7.0,2189000000.0,Diesel,2.0
Nissan,Serena,2016.0,77500.0,White,1997.0,Automatic,7.0,162000000.0,Petrol,9.0
Hyundai,Creta,2022.0,62500.0,Red,1497.0,Automatic,5.0,269000000.0,Petrol,3.0
Nissan,X,2015.0,107500.0,White,2488.0,Automatic,7.0,158000000.0,Petrol,10.0
Toyota,Fortuner,2019.0,22500.0,Black,2694.0,Automatic,7.0,360000000.0,Petrol,6.0
Toyota,Corolla,2020.0,67500.0,Black,1798.0,Automatic,5.0,265000000.0,Petrol,5.0
Honda,Cr,2019.0,57500.0,White,1498.0,Automatic,5.0,298000000.0,Petrol,6.0
Honda,Hr,2016.0,82500.0,Black,1497.0,Automatic,5.0,178000000.0,Petrol,9.0
Toyota,Kijang,2019.0,77500.0,White,1998.0,Automatic,8.0,244000000.0,Petrol,6.0
Toyota,Avanza,2017.0,97500.0,Black,1329.0,Automatic,7.0,145000000.0,Petrol,8.0
Toyota,Kijang,2013.0,162500.0,White,2494.0,Automatic,8.0,200000000.0,Diesel,12.0
Suzuki,Ertiga,2021.0,52500.0,White,1462.0,Automatic,7.0,180000000.0,Petrol,4.0
Toyota,Alphard,2018.0,82500.0,Black,2494.0,Automatic,7.0,610000000.0,Petrol,7.0
Honda,Cr,2017.0,87500.0,Black,1997.0,Automatic,5.0,250000000.0,Petrol,8.0
Nissan,Terra,2018.0,112500.0,White,2488.0,Automatic,7.0,310000000.0,Diesel,7.0
Honda,Cr,2019.0,87500.0,White,1498.0,Automatic,5.0,295000000.0,Petrol,6.0
Toyota,Camry,2015.0,122500.0,White,2494.0,Automatic,5.0,192000000.0,Petrol,10.0
Hyundai,Creta,2022.0,52500.0,Black,1497.0,Automatic,5.0,265000000.0,Petrol,3.0
Toyota,Camry,2016.0,102500.0,Black,2494.0,Automatic,5.0,195000000.0,Petrol,9.0
Daihatsu,Ayla,2018.0,77500.0,Grey,1197.0,Automatic,5.0,110000000.0,Petrol,7.0
Toyota,Avanza,2023.0,37500.0,White,1496.0,Automatic,7.0,215000000.0,Petrol,2.0
Daihatsu,Rocky,2022.0,42500.0,White,1198.0,Automatic,5.0,175000000.0,Petrol,3.0
Mazda,Cx,2018.0,77500.0,Black,2488.0,Automatic,5.0,300000000.0,Petrol,7.0
Toyota,Kijang,2019.0,82500.0,Grey,1998.0,Automatic,8.0,260000000.0,Petrol,6.0
Toyota,Kijang,2021.0,62500.0,Black,1998.0,Automatic,8.0,278000000.0,Petrol,4.0
Toyota,Land,2024.0,2500.0,White,3346.0,Automatic,5.0,2350000000.0,Diesel,1.0
Bmw,X1,2012.0,102500.0,Black,1995.0,Automatic,5.0,165000000.0,Petrol,13.0
Mg,Zs,2020.0,52500.0,Black,1498.0,Automatic,5.0,167000000.0,Petrol,5.0
Wuling,Almaz,2021.0,62500.0,White,1451.0,Automatic,7.0,190000000.0,Petrol,4.0
Nissan,Livina,2013.0,87500.0,Grey,1498.0,Automatic,5.0,80000000.0,Petrol,12.0
Toyota,Alphard,2012.0,92500.0,Silver,2362.0,Automatic,7.0,195000000.0,Petrol,13.0
Chevrolet,Aveo,2014.0,112500.0,White,1398.0,Automatic,5.0,90000000.0,Petrol,11.0
Mini,Clubman,2013.0,47500.0,White,1598.0,Automatic,4.0,395000000.0,Petrol,12.0
Mitsubishi,Triton,2018.0,142500.0,Black,2477.0,Manual,5.0,265000000.0,Diesel,7.0
Toyota,Raize,2022.0,22500.0,Blue,998.0,Automatic,5.0,221000000.0,Petrol,3.0
Toyota,Corolla,2021.0,12500.0,Brown,1798.0,Automatic,5.0,340000000.0,Hybrid,4.0
Honda,Br,2019.0,37500.0,Grey,1497.0,Automatic,7.0,155000000.0,Petrol,6.0
Mercedes,Benz,2016.0,52500.0,Black,1991.0,Automatic,7.0,329000000.0,Petrol,9.0
Lexus,Rx,2021.0,7500.0,Black,1998.0,Automatic,5.0,925000000.0,Petrol,4.0
Mercedes,Benz,2023.0,7500.0,Black,2999.0,Automatic,7.0,1425000000.0,Petrol,2.0
Lexus,Lm,2022.0,7500.0,Black,3456.0,Automatic,7.0,1325000000.0,Petrol,3.0
Lexus,Lm,2022.0,2500.0,Black,3456.0,Automatic,7.0,1350000000.0,Petrol,3.0
Lexus,Rx,2018.0,17500.0,White,1998.0,Automatic,5.0,775000000.0,Petrol,7.0
Lexus,Rx,2019.0,27500.0,Black,1998.0,Automatic,5.0,795000000.0,Petrol,6.0
Honda,Hr,2022.0,37500.0,Black,1498.0,Automatic,5.0,321000000.0,Petrol,3.0
Toyota,Avanza,2015.0,92500.0,Black,1298.0,Automatic,7.0,127000000.0,Petrol,10.0
Peugeot,2008,2022.0,47500.0,Orange,1199.0,Automatic,5.0,225000000.0,Petrol,3.0
Hyundai,Creta,2022.0,67500.0,Black,1497.0,Automatic,5.0,199000000.0,Petrol,3.0
Daihatsu,Rocky,1992.0,147500.0,Black,2765.0,Manual,5.0,114000000.0,Diesel,33.0
Mazda,Cx,2021.0,27500.0,Black,2488.0,Automatic,7.0,465000000.0,Petrol,4.0
Bmw,X5,2015.0,27500.0,Black,1995.0,Automatic,5.0,375000000.0,Diesel,10.0
Mercedes,Benz,2023.0,2500.0,Black,1999.0,Automatic,5.0,875000000.0,Petrol,2.0
Mercedes,Benz,2016.0,17500.0,Black,2996.0,Automatic,5.0,635000000.0,Petrol,9.0
Mercedes,Benz,2018.0,27500.0,Black,2996.0,Automatic,5.0,650000000.0,Petrol,7.0
Porsche,Macan,2015.0,7500.0,Grey,2997.0,Automatic,5.0,675000000.0,Petrol,10.0
Mini,Countryman,2019.0,7500.0,Red,1998.0,Automatic,5.0,525000000.0,Petrol,6.0
Bmw,X5,2021.0,17500.0,White,2998.0,Automatic,5.0,895000000.0,Petrol,4.0
Toyota,Alphard,2016.0,97500.0,Black,2494.0,Automatic,7.0,498000000.0,Petrol,9.0
Lexus,Nx,2018.0,47500.0,Grey,1998.0,Automatic,5.0,550000000.0,Petrol,7.0
Honda,Civic,2018.0,92500.0,Black,1498.0,Automatic,5.0,310000000.0,Petrol,7.0
Toyota,Voxy,2022.0,22500.0,Black,1986.0,Automatic,7.0,460000000.0,Petrol,3.0
Mercedes,Benz,2022.0,2500.0,Grey,3982.0,Automatic,2.0,5800000000.0,Petrol,3.0
Toyota,Alphard,2023.0,17500.0,White,2494.0,Automatic,7.0,960000000.0,Petrol,2.0
Hyundai,Staria,2022.0,17500.0,Black,2199.0,Automatic,9.0,585000000.0,Diesel,3.0
Bmw,X1,2019.0,27500.0,Black,1499.0,Automatic,5.0,360000000.0,Petrol,6.0
Toyota,Harrier,2015.0,52500.0,Black,1986.0,Automatic,5.0,275000000.0,Petrol,10.0
Lexus,Lx,2023.0,2500.0,Black,3445.0,Automatic,4.0,3350000000.0,Petrol,2.0
Toyota,Rush,2021.0,42500.0,Maroon,1495.0,Automatic,7.0,215000000.0,Petrol,4.0
Bmw,X3,2019.0,47500.0,Black,1998.0,Automatic,5.0,482000000.0,Petrol,6.0
Toyota,Fortuner,2021.0,47500.0,Black,2694.0,Automatic,7.0,412000000.0,Petrol,4.0
Honda,Hr,2019.0,42500.0,Red,1497.0,Automatic,5.0,223000000.0,Petrol,6.0
Mitsubishi,Pajero,2016.0,117500.0,Silver,2477.0,Automatic,7.0,380000000.0,Diesel,9.0
Mercedes,Benz,2023.0,7500.0,Black,2999.0,Automatic,5.0,2050000000.0,Petrol,2.0
Land,Rover,2016.0,47500.0,White,2995.0,Automatic,5.0,999000000.0,Petrol,9.0
Mercedes,Benz,2021.0,7500.0,Black,1991.0,Automatic,5.0,625000000.0,Petrol,4.0
Mercedes,Benz,2012.0,62500.0,White,1796.0,Automatic,5.0,380000000.0,Petrol,13.0
Bmw,X5,2022.0,2500.0,Black,2998.0,Automatic,5.0,1090000000.0,Petrol,3.0
Bmw,X5,2024.0,2500.0,White,2998.0,Automatic,5.0,1480000000.0,Petrol,1.0
Bmw,X5,2024.0,2500.0,White,2998.0,Automatic,5.0,1450000000.0,Petrol,1.0
Mercedes,Benz,2022.0,2500.0,White,1991.0,Automatic,7.0,855000000.0,Petrol,3.0
Mercedes,Benz,2023.0,7500.0,White,1999.0,Automatic,5.0,870000000.0,Petrol,2.0
Bmw,735I,2023.0,2500.0,Grey,2998.0,Automatic,5.0,1790000000.0,Petrol,2.0
Mercedes,Benz,2015.0,27500.0,White,2996.0,Automatic,5.0,575000000.0,Petrol,10.0
Bmw,730Li,2020.0,17500.0,Black,1998.0,Automatic,5.0,950000000.0,Petrol,5.0
Bmw,730Li,2017.0,32500.0,Black,1998.0,Automatic,5.0,550000000.0,Petrol,8.0
Mercedes,Benz,2017.0,22500.0,White,1991.0,Automatic,5.0,395000000.0,Petrol,8.0
Honda,City,2010.0,97500.0,Grey,1497.0,Automatic,5.0,105000000.0,Petrol,15.0
Mercedes,Benz,2022.0,2500.0,White,1991.0,Automatic,5.0,935000000.0,Petrol,3.0
Chery,Omoda,2023.0,12500.0,Black,1498.0,Automatic,5.0,293000000.0,Petrol,2.0
Chery,Omoda,2023.0,17500.0,Black,1498.0,Automatic,5.0,289000000.0,Petrol,2.0
Mitsubishi,Xpander,2021.0,52500.0,White,1499.0,Automatic,7.0,190000000.0,Petrol,4.0
Toyota,Hilux,2022.0,27500.0,White,2393.0,Automatic,5.0,429000000.0,Diesel,3.0
Toyota,Sienta,2017.0,42500.0,White,1497.0,Automatic,7.0,155000000.0,Petrol,8.0
Hyundai,Tucson,2024.0,2500.0,White,1598.0,Automatic,5.0,599000000.0,Hybrid,1.0
Honda,Br,2022.0,52500.0,Grey,1498.0,Automatic,7.0,219000000.0,Petrol,3.0
Audi,A5,2023.0,2500.0,Red,1984.0,Automatic,5.0,999000000.0,Petrol,2.0
Mercedes,Benz,2011.0,22500.0,White,2996.0,Automatic,2.0,925000000.0,Petrol,14.0
Hyundai,Creta,2022.0,67500.0,Red,1497.0,Automatic,5.0,255000000.0,Petrol,3.0
Wuling,Alvez,2023.0,37500.0,Grey,1485.0,Automatic,5.0,210000000.0,Petrol,2.0
Toyota,Fortuner,2023.0,22500.0,Black,2755.0,Automatic,7.0,525000000.0,Diesel,2.0
Nissan,Serena,2013.0,137500.0,White,1997.0,Automatic,7.0,138000000.0,Petrol,12.0
Mazda,3,2019.0,37500.0,Grey,1998.0,Automatic,5.0,375000000.0,Petrol,6.0
Peugeot,5008,2021.0,22500.0,Black,1598.0,Automatic,7.0,375000000.0,Petrol,4.0
Toyota,Alphard,2017.0,67500.0,Black,2494.0,Automatic,7.0,530000000.0,Petrol,8.0
Lexus,Lm,2023.0,22500.0,Black,3456.0,Automatic,4.0,1450000000.0,Petrol,2.0
Toyota,Kijang,2025.0,2500.0,Black,1987.0,Automatic,8.0,575000000.0,Petrol,0.0
Toyota,Kijang,2024.0,2500.0,White,1987.0,Automatic,8.0,540000000.0,Hybrid,1.0
Toyota,Raize,2024.0,12500.0,Black,1198.0,Automatic,5.0,208000000.0,Petrol,1.0
Mercedes,Benz,2009.0,67500.0,Black,5461.0,Automatic,5.0,459000000.0,Petrol,16.0
Wuling,Almaz,2020.0,67500.0,Black,1451.0,Automatic,7.0,165000000.0,Petrol,5.0
Bmw,730Li,2019.0,32500.0,Black,1998.0,Automatic,5.0,838000000.0,Petrol,6.0
Mitsubishi,Xpander,2023.0,22500.0,Black,1499.0,Automatic,7.0,249000000.0,Petrol,2.0
Mitsubishi,Pajero,2022.0,22500.0,Black,2442.0,Automatic,7.0,485000000.0,Diesel,3.0
Toyota,Kijang,2024.0,12500.0,Black,2393.0,Automatic,8.0,380000000.0,Diesel,1.0
Hyundai,Santa,2025.0,2500.0,White,1598.0,Automatic,6.0,845000000.0,Hybrid,0.0
Mercedes,Benz,2024.0,2500.0,White,1999.0,Automatic,7.0,1215000000.0,Petrol,1.0
Suzuki,Ertiga,2018.0,132500.0,Black,1373.0,Automatic,7.0,130000000.0,Petrol,7.0
Bmw,320I,2019.0,82500.0,White,1995.0,Automatic,5.0,330000000.0,Petrol,6.0
Mercedes,Benz,2017.0,22500.0,Black,1991.0,Automatic,5.0,394000000.0,Petrol,8.0
Chery,Omoda,2023.0,7500.0,Black,1498.0,Automatic,5.0,272000000.0,Petrol,2.0
Toyota,Rush,2021.0,32500.0,Black,1496.0,Automatic,7.0,215000000.0,Petrol,4.0
Suzuki,Carry,2023.0,17500.0,White,1500.0,Manual,3.0,119000000.0,Petrol,2.0
Honda,Civic,2019.0,22500.0,Grey,1498.0,Automatic,5.0,325000000.0,Petrol,6.0
Honda,Cr,2007.0,47500.0,Black,1997.0,Automatic,5.0,95000000.0,Petrol,18.0
Toyota,Fortuner,2019.0,77500.0,White,2393.0,Automatic,7.0,405000000.0,Diesel,6.0
Mercedes,Benz,2022.0,2500.0,Black,2999.0,Automatic,5.0,1850000000.0,Petrol,3.0
Bmw,X4,2015.0,47500.0,Black,1998.0,Automatic,5.0,325000000.0,Petrol,10.0
Lexus,Rx,2022.0,47500.0,Black,1998.0,Automatic,5.0,885000000.0,Petrol,3.0
Bmw,X5,2012.0,52500.0,Black,2979.0,Automatic,5.0,225000000.0,Petrol,13.0
Mazda,Cx,2021.0,37500.0,Grey,1496.0,Automatic,5.0,255000000.0,Petrol,4.0
Toyota,Fortuner,2019.0,92500.0,White,2393.0,Automatic,7.0,395000000.0,Diesel,6.0
Mercedes,Benz,2022.0,42500.0,White,1991.0,Automatic,7.0,752000000.0,Petrol,3.0
Toyota,Veloz,2023.0,32500.0,Black,1496.0,Automatic,7.0,229000000.0,Petrol,2.0
Kia,Seltos,2022.0,12500.0,Black,1353.0,Automatic,5.0,279000000.0,Petrol,3.0
Mitsubishi,Xpander,2023.0,12500.0,White,1499.0,Automatic,7.0,285000000.0,Petrol,2.0
Mercedes,Benz,2015.0,42500.0,White,1991.0,Automatic,5.0,550000000.0,Petrol,10.0
Mercedes,Benz,2017.0,27500.0,Grey,1596.0,Automatic,5.0,445000000.0,Petrol,8.0
Mercedes,Benz,2018.0,37500.0,White,1595.0,Automatic,5.0,379000000.0,Petrol,7.0
Mercedes,Benz,2020.0,37500.0,Silver,1991.0,Automatic,7.0,745000000.0,Petrol,5.0
Mercedes,Benz,2023.0,7500.0,Black,1332.0,Automatic,5.0,585000000.0,Petrol,2.0
Mini,Countryman,2024.0,2500.0,White,1998.0,Automatic,5.0,775000000.0,Petrol,1.0
Mazda,Cx,2024.0,2500.0,Grey,2488.0,Automatic,5.0,535000000.0,Petrol,1.0
Toyota,Alphard,2024.0,2500.0,White,2500.0,Automatic,7.0,1495000000.0,Hybrid,1.0
Bmw,330I,2024.0,7500.0,Grey,1998.0,Automatic,5.0,875000000.0,Petrol,1.0
Land,Rover,2023.0,2500.0,Black,2995.0,Automatic,5.0,2950000000.0,Petrol,2.0
Toyota,Fortuner,2023.0,22500.0,Black,2755.0,Automatic,7.0,530000000.0,Diesel,2.0
Mercedes,Benz,2021.0,17500.0,Black,1991.0,Automatic,7.0,668000000.0,Petrol,4.0
Mercedes,Benz,2020.0,27500.0,Black,2999.0,Automatic,7.0,998000000.0,Petrol,5.0
Toyota,Alphard,2015.0,87500.0,Black,2494.0,Automatic,7.0,514000000.0,Petrol,10.0
Toyota,Alphard,2021.0,37500.0,Black,2494.0,Automatic,7.0,908000000.0,Petrol,4.0
Lexus,Rx,2012.0,77500.0,White,2672.0,Automatic,5.0,270000000.0,Petrol,13.0
Toyota,Alphard,2018.0,37500.0,White,2494.0,Automatic,7.0,698000000.0,Petrol,7.0
Hyundai,H,2018.0,82500.0,Black,2359.0,Automatic,8.0,280000000.0,Petrol,7.0
Toyota,Alphard,2024.0,7500.0,White,2500.0,Automatic,7.0,1480000000.0,Hybrid,1.0
Bmw,X5,2023.0,7500.0,Black,2998.0,Automatic,5.0,1097000000.0,Petrol,2.0
Honda,Brio,2020.0,32500.0,Black,1199.0,Automatic,5.0,143000000.0,Petrol,5.0
Mg,5,2022.0,32500.0,White,1498.0,Automatic,5.0,233000000.0,Petrol,3.0
Toyota,Calya,2017.0,87500.0,Black,1197.0,Automatic,7.0,85000000.0,Petrol,8.0
Mercedes,Benz,2016.0,57500.0,White,1991.0,Automatic,5.0,305000000.0,Petrol,9.0
Bmw,320I,2013.0,67500.0,White,1997.0,Automatic,5.0,230000000.0,Petrol,12.0
Porsche,Cayman,2016.0,2500.0,Yellow,3800.0,Manual,2.0,4250000000.0,Petrol,9.0
Wuling,Almaz,2021.0,57500.0,Grey,1451.0,Automatic,7.0,193000000.0,Petrol,4.0
Wuling,Almaz,2022.0,42500.0,White,1451.0,Automatic,7.0,182000000.0,Petrol,3.0
Toyota,Alphard,2022.0,27500.0,Black,2494.0,Automatic,7.0,825000000.0,Petrol,3.0
Toyota,Land,2023.0,2500.0,White,3346.0,Automatic,7.0,2188000000.0,Diesel,2.0
Mercedes,Benz,2023.0,7500.0,White,1991.0,Automatic,5.0,750000000.0,Petrol,2.0
Hummer,H3,2009.0,57500.0,Black,3653.0,Automatic,5.0,695000000.0,Petrol,16.0
Mini,Cabrio,2023.0,2500.0,Yellow,1998.0,Automatic,4.0,1025000000.0,Petrol,2.0
Bmw,X5,2024.0,2500.0,Grey,2998.0,Automatic,5.0,1475000000.0,Petrol,1.0
Mercedes,Benz,2021.0,47500.0,White,2999.0,Automatic,7.0,895000000.0,Petrol,4.0
Mercedes,Benz,2018.0,37500.0,White,1991.0,Automatic,5.0,375000000.0,Petrol,7.0
Toyota,Camry,2013.0,127500.0,Black,2494.0,Automatic,5.0,134000000.0,Petrol,12.0
Suzuki,Ertiga,2018.0,62500.0,Grey,1373.0,Automatic,7.0,148000000.0,Petrol,7.0
Toyota,Fortuner,2020.0,42500.0,Black,2393.0,Automatic,7.0,445000000.0,Diesel,5.0
Lexus,Rx,2023.0,2500.0,Black,2500.0,Automatic,5.0,1415000000.0,Hybrid,2.0
Lexus,Rx,2023.0,7500.0,Black,2500.0,Automatic,5.0,1395000000.0,Hybrid,2.0
Mitsubishi,Pajero,2018.0,52500.0,White,2442.0,Automatic,7.0,385000000.0,Diesel,7.0
Mazda,Cx,2023.0,12500.0,Red,2488.0,Automatic,5.0,509000000.0,Petrol,2.0
Mercedes,Benz,2021.0,17500.0,Black,2999.0,Automatic,7.0,1050000000.0,Petrol,4.0
Toyota,Voxy,2023.0,2500.0,White,1986.0,Automatic,7.0,485000000.0,Petrol,2.0
Toyota,Alphard,2019.0,57500.0,Others,2494.0,Automatic,7.0,699000000.0,Petrol,6.0
Lexus,Rx,2021.0,22500.0,Black,1998.0,Automatic,5.0,950000000.0,Petrol,4.0
Bmw,320I,2018.0,32500.0,Black,1995.0,Automatic,5.0,378000000.0,Petrol,7.0
Bmw,528I,2013.0,127500.0,Black,2996.0,Automatic,5.0,199000000.0,Petrol,12.0
Toyota,Harrier,2015.0,47500.0,White,1986.0,Automatic,5.0,335000000.0,Petrol,10.0
Toyota,Alphard,2022.0,12500.0,Black,2494.0,Automatic,7.0,1050000000.0,Petrol,3.0
Hyundai,Palisade,2023.0,47500.0,White,2199.0,Automatic,7.0,850000000.0,Diesel,2.0
Volkswagen,Tiguan,2020.0,22500.0,White,1395.0,Automatic,5.0,350000000.0,Petrol,5.0
Porsche,Macan,2015.0,67500.0,White,1984.0,Automatic,5.0,555000000.0,Petrol,10.0
Mitsubishi,Pajero,2023.0,47500.0,Black,2442.0,Automatic,7.0,520000000.0,Diesel,2.0
Suzuki,Baleno,2023.0,12500.0,Red,1462.0,Automatic,5.0,214000000.0,Petrol,2.0
Bmw,X1,2017.0,52500.0,White,1499.0,Automatic,5.0,369000000.0,Petrol,8.0
Toyota,Vellfire,2015.0,82500.0,Black,2494.0,Automatic,7.0,529000000.0,Petrol,10.0
Honda,Brio,2022.0,21000.0,Black,1199.0,Automatic,5.0,185000000.0,Petrol,3.0
Honda,Hr,2017.0,77500.0,Black,1799.0,Automatic,5.0,245000000.0,Petrol,8.0
Honda,Mobilio,2016.0,117500.0,Grey,1496.0,Automatic,7.0,135000000.0,Petrol,9.0
Honda,Mobilio,2018.0,67500.0,Grey,1496.0,Manual,7.0,138000000.0,Petrol,7.0
Honda,Cr,2020.0,42000.0,Black,1498.0,Automatic,5.0,375000000.0,Petrol,5.0
Suzuki,Ertiga,2019.0,87500.0,Brown,1462.0,Automatic,7.0,159000000.0,Petrol,6.0
Toyota,Avanza,2017.0,42500.0,Silver,1496.0,Automatic,7.0,149000000.0,Petrol,8.0
Toyota,Fortuner,2014.0,112500.0,White,2494.0,Automatic,7.0,265000000.0,Diesel,11.0
Daihatsu,Gran,2019.0,92500.0,Black,1298.0,Manual,9.0,119000000.0,Petrol,6.0
Suzuki,Carry,2016.0,82500.0,White,1500.0,Manual,3.0,80000000.0,Petrol,9.0
Honda,Accord,2013.0,76000.0,Black,2356.0,Automatic,5.0,205000000.0,Petrol,12.0
Mercedes,Benz,2017.0,37500.0,White,1991.0,Automatic,5.0,605000000.0,Petrol,8.0
Toyota,Alphard,2023.0,2500.0,White,2494.0,Automatic,7.0,1015000000.0,Petrol,2.0
Toyota,Raize,2023.0,37500.0,Black,1198.0,Automatic,5.0,179000000.0,Petrol,2.0
Wuling,Confero,2021.0,22500.0,Grey,1485.0,Manual,8.0,105000000.0,Petrol,4.0
Toyota,Voxy,2021.0,32500.0,White,1986.0,Automatic,7.0,349000000.0,Petrol,4.0
Bmw,X7,2020.0,12500.0,Grey,2998.0,Automatic,7.0,1100000000.0,Petrol,5.0
Toyota,Voxy,2020.0,47500.0,Black,1986.0,Automatic,7.0,320000000.0,Petrol,5.0
Hyundai,Creta,2023.0,7500.0,Black,1497.0,Automatic,5.0,255000000.0,Petrol,2.0
Honda,Wr,2024.0,2500.0,White,1498.0,Automatic,5.0,255000000.0,Petrol,1.0
Toyota,Fortuner,2020.0,72500.0,Grey,2393.0,Automatic,7.0,399000000.0,Diesel,5.0
Mercedes,Benz,2023.0,7500.0,Grey,1332.0,Automatic,7.0,624000000.0,Petrol,2.0
Toyota,Avanza,2024.0,12500.0,Black,1496.0,Automatic,7.0,219000000.0,Petrol,1.0
Toyota,Kijang,2016.0,92500.0,Brown,1998.0,Manual,8.0,209000000.0,Petrol,9.0
Mercedes,Benz,2023.0,12500.0,Black,1332.0,Automatic,5.0,764000000.0,Petrol,2.0
Toyota,Veloz,2022.0,57500.0,Silver,1496.0,Automatic,7.0,208000000.0,Petrol,3.0
Toyota,Fortuner,2020.0,87500.0,White,2393.0,Automatic,7.0,365000000.0,Diesel,5.0
Toyota,Avanza,2015.0,92500.0,Silver,1298.0,Automatic,7.0,115000000.0,Petrol,10.0
Toyota,Harrier,2005.0,127500.0,Black,2362.0,Automatic,5.0,90000000.0,Petrol,20.0
Toyota,Kijang,2020.0,37500.0,Black,1998.0,Automatic,8.0,269000000.0,Petrol,5.0
Mitsubishi,Pajero,2010.0,152500.0,White,2477.0,Automatic,7.0,167000000.0,Diesel,15.0
Wuling,Confero,2019.0,97500.0,White,1485.0,Manual,8.0,85000000.0,Petrol,6.0
Dfsk,Glory,2018.0,42500.0,Black,1498.0,Automatic,7.0,105000000.0,Petrol,7.0
Wuling,Cortez,2019.0,27500.0,Black,1451.0,Automatic,7.0,125000000.0,Petrol,6.0
Bmw,X5,2016.0,37500.0,Grey,2979.0,Automatic,5.0,415000000.0,Petrol,9.0
Daihatsu,Terios,2023.0,27500.0,Black,1496.0,Automatic,7.0,205000000.0,Petrol,2.0
Mercedes,Benz,2017.0,37500.0,Black,1991.0,Automatic,5.0,445000000.0,Petrol,8.0
Toyota,Fj,2014.0,37500.0,Black,3956.0,Automatic,5.0,1285000000.0,Petrol,11.0
Toyota,Land,2017.0,32500.0,Black,4461.0,Automatic,7.0,1650000000.0,Diesel,8.0
Mercedes,Benz,2021.0,2500.0,White,1991.0,Automatic,5.0,680000000.0,Petrol,4.0
Toyota,Land,2012.0,77500.0,Black,4461.0,Automatic,8.0,1200000000.0,Diesel,13.0
Lexus,Lx,2016.0,82500.0,White,5663.0,Automatic,8.0,1500000000.0,Petrol,9.0
Mercedes,Benz,2022.0,7500.0,Grey,1991.0,Automatic,5.0,1200000000.0,Petrol,3.0
Porsche,Cayman,2014.0,12500.0,White,2706.0,Automatic,2.0,1095000000.0,Petrol,11.0
Mercedes,Benz,2021.0,22500.0,Grey,1991.0,Automatic,7.0,674000000.0,Petrol,4.0
Honda,Hr,2015.0,117500.0,White,1497.0,Automatic,5.0,165000000.0,Petrol,10.0
Bmw,530I,2017.0,32500.0,Grey,1998.0,Automatic,5.0,459000000.0,Petrol,8.0
Chevrolet,Trax,2018.0,67500.0,Red,1364.0,Automatic,5.0,142000000.0,Petrol,7.0
Nissan,X,2009.0,132500.0,Red,1997.0,Automatic,7.0,89000000.0,Petrol,16.0
Rolls,Royce,2022.0,2500.0,Black,6749.0,Automatic,5.0,13500000000.0,Petrol,3.0
Lamborghini,Aventador,2013.0,17500.0,Orange,6498.0,Automatic,4.0,5499000000.0,Petrol,12.0
Mini,Countryman,2021.0,17500.0,Silver,1998.0,Automatic,5.0,675000000.0,Petrol,4.0
Bmw,X5,2017.0,27500.0,White,2979.0,Automatic,5.0,462000000.0,Petrol,8.0
Toyota,Kijang,2023.0,7500.0,Black,1998.0,Automatic,8.0,460000000.0,Petrol,2.0
Toyota,Alphard,2018.0,47500.0,Black,2494.0,Automatic,7.0,699000000.0,Petrol,7.0
Mercedes,Benz,2019.0,42500.0,Black,1595.0,Automatic,5.0,399000000.0,Petrol,6.0
Mercedes,Benz,2019.0,42500.0,White,1595.0,Automatic,5.0,399000000.0,Petrol,6.0
Subaru,Wrx,2013.0,37500.0,Black,2457.0,Automatic,5.0,395000000.0,Petrol,12.0
Bmw,640I,2012.0,7500.0,Silver,2979.0,Automatic,4.0,700000000.0,Petrol,13.0
Toyota,Kijang,2022.0,37500.0,Black,1998.0,Automatic,7.0,349000000.0,Petrol,3.0
Toyota,Land,2017.0,32500.0,Black,4461.0,Automatic,7.0,1799000000.0,Diesel,8.0
Lexus,Lm,2024.0,2500.0,Grey,2487.0,Automatic,7.0,2050000000.0,Hybrid,1.0
Toyota,Alphard,2021.0,47500.0,White,2494.0,Automatic,7.0,750000000.0,Petrol,4.0
Ford,Ranger,2023.0,17500.0,Silver,1996.0,Automatic,5.0,575000000.0,Diesel,2.0
Mercedes,Benz,2021.0,7500.0,Black,2999.0,Automatic,7.0,1120000000.0,Petrol,4.0
Toyota,Land,2019.0,27500.0,Black,4461.0,Automatic,8.0,1770000000.0,Diesel,6.0
Mercedes,Benz,1994.0,102500.0,Black,2960.0,Automatic,5.0,1100000000.0,Petrol,31.0
Mercedes,Benz,2019.0,7500.0,Blue,1991.0,Automatic,5.0,690000000.0,Petrol,6.0
Toyota,Alphard,2018.0,77500.0,Black,2494.0,Automatic,7.0,578000000.0,Petrol,7.0
Toyota,Camry,2022.0,27500.0,Black,2487.0,Automatic,5.0,535000000.0,Hybrid,3.0
Toyota,Raize,2023.0,12500.0,Silver,998.0,Automatic,5.0,215000000.0,Petrol,2.0
Honda,Brio,2024.0,12500.0,Yellow,1199.0,Automatic,5.0,169000000.0,Petrol,1.0
Subaru,Brz,2023.0,12500.0,Grey,2387.0,Automatic,4.0,665000000.0,Petrol,2.0
Honda,Brio,2021.0,32500.0,Grey,1199.0,Automatic,5.0,145000000.0,Petrol,4.0
Volkswagen,Golf,2011.0,167500.0,White,1984.0,Automatic,5.0,220000000.0,Petrol,14.0
Porsche,Cayman,2014.0,12500.0,White,2706.0,Automatic,2.0,1025000000.0,Petrol,11.0
Hyundai,Creta,2022.0,57500.0,White,1497.0,Automatic,5.0,250000000.0,Petrol,3.0
Honda,Jazz,2008.0,117500.0,White,1497.0,Automatic,5.0,75000000.0,Petrol,17.0
Dfsk,Glory,2019.0,27500.0,White,1498.0,Automatic,7.0,107000000.0,Petrol,6.0
Nissan,Grand,2012.0,127500.0,Silver,1498.0,Automatic,7.0,75000000.0,Petrol,13.0
Honda,Cr,2019.0,72500.0,Grey,1498.0,Automatic,5.0,345000000.0,Petrol,6.0
Toyota,Vellfire,2018.0,67500.0,Black,2494.0,Automatic,7.0,755000000.0,Petrol,7.0
Lexus,Rx,2013.0,82500.0,White,3456.0,Automatic,5.0,305000000.0,Petrol,12.0
Toyota,Voxy,2018.0,82500.0,Black,1986.0,Automatic,7.0,290000000.0,Petrol,7.0
Toyota,Vellfire,2017.0,92500.0,Black,2494.0,Automatic,7.0,635000000.0,Petrol,8.0
Mercedes,Benz,2020.0,17500.0,Black,1991.0,Automatic,7.0,725000000.0,Petrol,5.0
Bmw,740Li,2011.0,22500.0,Black,2979.0,Automatic,5.0,280000000.0,Petrol,14.0
Mercedes,Benz,2013.0,62500.0,Black,5461.0,Automatic,4.0,925000000.0,Petrol,12.0
Mazda,Cx,2021.0,27500.0,Blue,1496.0,Automatic,5.0,295000000.0,Petrol,4.0
Toyota,Kijang,2023.0,22500.0,White,1998.0,Automatic,7.0,465000000.0,Hybrid,2.0
Toyota,Alphard,2018.0,62500.0,Brown,2494.0,Automatic,7.0,650000000.0,Petrol,7.0
Gwm,Tank,2024.0,2500.0,Orange,2000.0,Automatic,5.0,710000000.0,Hybrid,1.0
Hyundai,Palisade,2022.0,87500.0,White,2199.0,Automatic,7.0,680000000.0,Diesel,3.0
Bmw,X5,2015.0,47500.0,Black,1995.0,Automatic,5.0,400000000.0,Diesel,10.0
Mercedes,Benz,2019.0,7500.0,White,1991.0,Automatic,5.0,730000000.0,Petrol,6.0
Mercedes,Benz,2009.0,22500.0,Grey,1796.0,Automatic,2.0,395000000.0,Petrol,16.0
Lexus,Rx,2023.0,2500.0,White,2500.0,Automatic,5.0,1390000000.0,Hybrid,2.0
Mercedes,Benz,2019.0,27500.0,Black,1991.0,Automatic,5.0,575000000.0,Petrol,6.0
Ford,Escape,2004.0,212500.0,Silver,2261.0,Automatic,5.0,105000000.0,Petrol,21.0
Mercedes,Benz,2009.0,42500.0,Black,5461.0,Automatic,5.0,725000000.0,Petrol,16.0
Hyundai,Palisade,2022.0,52500.0,White,2199.0,Automatic,7.0,745000000.0,Diesel,3.0
Mercedes,Benz,2013.0,72500.0,Black,5461.0,Automatic,5.0,3100000000.0,Petrol,12.0
Toyota,Etios,2015.0,102500.0,Red,1197.0,Manual,5.0,98000000.0,Petrol,10.0
Bmw,M4,2015.0,37500.0,Grey,2993.0,Automatic,4.0,1199000000.0,Petrol,10.0
Mitsubishi,Xpander,2023.0,12500.0,Grey,1499.0,Automatic,7.0,279000000.0,Petrol,2.0
Hyundai,Stargazer,2023.0,2500.0,Grey,1497.0,Automatic,7.0,230000000.0,Petrol,2.0
Suzuki,Grand,2024.0,12500.0,Black,1462.0,Automatic,5.0,301000000.0,Hybrid,1.0
Hyundai,H,2018.0,42500.0,Silver,2359.0,Automatic,9.0,263000000.0,Petrol,7.0
Suzuki,Baleno,2023.0,42500.0,Blue,1462.0,Automatic,5.0,207000000.0,Petrol,2.0
Mazda,Cx,2017.0,52500.0,Grey,1998.0,Automatic,5.0,239000000.0,Petrol,8.0
Daihatsu,Sirion,2018.0,47500.0,Silver,1329.0,Automatic,5.0,145000000.0,Petrol,7.0
Suzuki,Carry,2021.0,2500.0,Black,1500.0,Manual,3.0,105000000.0,Petrol,4.0
Toyota,Camry,2022.0,17500.0,Black,2487.0,Automatic,5.0,545000000.0,Hybrid,3.0
Mazda,Cx,2012.0,132500.0,Black,3726.0,Automatic,7.0,179000000.0,Petrol,13.0
Bmw,X1,2021.0,7500.0,Black,1499.0,Automatic,5.0,510000000.0,Petrol,4.0
Mercedes,Benz,2021.0,27500.0,White,2999.0,Automatic,7.0,1050000000.0,Petrol,4.0
Land,Rover,2013.0,37500.0,Black,5000.0,Automatic,5.0,1325000000.0,Petrol,12.0
Mercedes,Benz,2018.0,27500.0,White,1991.0,Automatic,5.0,475000000.0,Petrol,7.0
Toyota,Alphard,2022.0,27500.0,Black,2494.0,Automatic,7.0,910000000.0,Petrol,3.0
Bmw,320I,2022.0,17500.0,White,1995.0,Automatic,5.0,595000000.0,Petrol,3.0
Mercedes,Benz,2022.0,7500.0,Black,2999.0,Automatic,7.0,1225000000.0,Petrol,3.0
Toyota,Voxy,2018.0,62500.0,Black,1986.0,Automatic,7.0,254000000.0,Petrol,7.0
Honda,Jazz,2019.0,92500.0,Red,1497.0,Automatic,5.0,229000000.0,Petrol,6.0
Audi,Q5,2012.0,92500.0,Silver,1984.0,Automatic,5.0,175000000.0,Petrol,13.0
Mazda,Cx,2018.0,27500.0,White,2488.0,Automatic,7.0,399000000.0,Petrol,7.0
Volkswagen,Golf,2013.0,57500.0,White,1395.0,Automatic,5.0,265000000.0,Petrol,12.0
Bmw,X1,2022.0,77500.0,White,1499.0,Automatic,5.0,440000000.0,Petrol,3.0
Mitsubishi,Pajero,2023.0,32500.0,Black,2442.0,Automatic,7.0,574000000.0,Diesel,2.0
Hyundai,H,2012.0,107500.0,Silver,2359.0,Automatic,7.0,120000000.0,Petrol,13.0
Toyota,Kijang,2024.0,12500.0,White,1987.0,Automatic,8.0,475000000.0,Petrol,1.0
Dfsk,Glory,2021.0,42500.0,White,1498.0,Automatic,7.0,155000000.0,Petrol,4.0
Mg,5,2024.0,7500.0,Red,1498.0,Automatic,5.0,280000000.0,Petrol,1.0
Mercedes,Benz,2019.0,42500.0,White,1332.0,Automatic,5.0,571000000.0,Petrol,6.0
Hyundai,Creta,2022.0,52500.0,White,1497.0,Automatic,5.0,265000000.0,Petrol,3.0
Subaru,Exiga,2009.0,117500.0,Purple,1994.0,Automatic,7.0,262000000.0,Petrol,16.0
Mercedes,Benz,2010.0,67500.0,Black,1796.0,Automatic,5.0,233000000.0,Petrol,15.0
Honda,Accord,2019.0,147500.0,White,2356.0,Automatic,5.0,375000000.0,Petrol,6.0
Hyundai,Stargazer,2023.0,22500.0,White,1497.0,Automatic,7.0,248000000.0,Petrol,2.0
Mitsubishi,Pajero,2021.0,62500.0,White,2442.0,Automatic,7.0,520000000.0,Diesel,4.0
Mercedes,Benz,2023.0,7500.0,Black,2999.0,Automatic,5.0,2300000000.0,Petrol,2.0
Bmw,X1,2022.0,32500.0,Black,1499.0,Automatic,5.0,473000000.0,Petrol,3.0
Toyota,Kijang,2023.0,27500.0,Silver,1998.0,Automatic,7.0,485000000.0,Petrol,2.0
Lexus,Rx,2016.0,72500.0,White,1998.0,Automatic,5.0,499000000.0,Petrol,9.0
Bmw,X1,2017.0,12500.0,Brown,1499.0,Automatic,5.0,310000000.0,Petrol,8.0
Toyota,Voxy,2018.0,42000.0,Black,1986.0,Automatic,7.0,310000000.0,Petrol,7.0
Suzuki,Xl7,2021.0,67500.0,White,1500.0,Automatic,7.0,215000000.0,Petrol,4.0
Peugeot,3008,2022.0,52500.0,White,1598.0,Automatic,5.0,325000000.0,Petrol,3.0
Isuzu,Trooper,1999.0,217500.0,Green,3059.0,Manual,7.0,330000000.0,Diesel,26.0
Jaguar,Xf,2009.0,42500.0,Black,2967.0,Automatic,5.0,220000000.0,Petrol,16.0
Volvo,S80,2007.0,102500.0,Black,3200.0,Automatic,5.0,155000000.0,Petrol,18.0
Lexus,Gs,2007.0,102500.0,Silver,2995.0,Automatic,5.0,185000000.0,Petrol,18.0
Lexus,Rx,2011.0,47500.0,Black,2671.0,Automatic,5.0,239000000.0,Petrol,14.0
Lexus,Nx,2018.0,52500.0,Black,1998.0,Automatic,5.0,489000000.0,Petrol,7.0
Mercedes,Benz,2006.0,22500.0,Black,3498.0,Automatic,5.0,225000000.0,Petrol,19.0
Mercedes,Benz,2015.0,57500.0,White,1991.0,Automatic,5.0,345000000.0,Petrol,10.0
Mercedes,Benz,2015.0,47500.0,Black,1991.0,Automatic,5.0,325000000.0,Petrol,10.0
Mercedes,Benz,2013.0,62500.0,Black,1796.0,Automatic,5.0,240000000.0,Petrol,12.0
Bmw,X5,2017.0,62500.0,Black,2979.0,Automatic,5.0,475000000.0,Petrol,8.0
Bmw,730Li,2014.0,32500.0,Black,2996.0,Automatic,5.0,345000000.0,Petrol,11.0
Honda,Cr,2018.0,67500.0,White,1498.0,Automatic,5.0,285000000.0,Petrol,7.0
Honda,Accord,2013.0,112500.0,White,2356.0,Automatic,5.0,169000000.0,Petrol,12.0
Honda,Cr,2012.0,162500.0,Silver,2354.0,Automatic,5.0,149000000.0,Petrol,13.0
Hyundai,Staria,2022.0,27500.0,Black,2199.0,Automatic,9.0,575000000.0,Diesel,3.0
Toyota,Nav1,2013.0,127500.0,Black,1987.0,Automatic,7.0,139000000.0,Petrol,12.0
Toyota,Raize,2023.0,7500.0,Red,998.0,Automatic,5.0,215000000.0,Petrol,2.0
Daihatsu,Gran,2022.0,17500.0,Grey,1298.0,Manual,9.0,159000000.0,Petrol,3.0
Toyota,Alphard,2015.0,97500.0,White,3456.0,Automatic,7.0,699000000.0,Petrol,10.0
Nissan,X,2015.0,97500.0,Grey,2488.0,Automatic,7.0,149000000.0,Petrol,10.0
Nissan,X,2015.0,107500.0,Black,2488.0,Automatic,7.0,149000000.0,Petrol,10.0
Toyota,Kijang,2018.0,87500.0,Black,1998.0,Automatic,8.0,229000000.0,Petrol,7.0
Audi,Q7,2013.0,142500.0,Silver,2995.0,Automatic,7.0,250000000.0,Petrol,12.0
Toyota,Alphard,2021.0,17500.0,Black,2494.0,Automatic,7.0,778000000.0,Petrol,4.0
Mercedes,Benz,1957.0,2500.0,White,1767.0,Manual,5.0,349000000.0,Petrol,68.0
Honda,Cr,2017.0,152500.0,White,1997.0,Automatic,5.0,240000000.0,Petrol,8.0
Mitsubishi,Xpander,2023.0,27500.0,White,1499.0,Automatic,7.0,258000000.0,Petrol,2.0
Toyota,Veloz,2023.0,22500.0,Silver,1496.0,Automatic,7.0,238000000.0,Petrol,2.0
Mitsubishi,Pajero,2023.0,32500.0,Black,2442.0,Automatic,7.0,589000000.0,Diesel,2.0
Suzuki,Grand,2024.0,2500.0,White,1462.0,Automatic,5.0,310000000.0,Hybrid,1.0
Toyota,Kijang,2023.0,32500.0,Silver,1998.0,Automatic,7.0,520000000.0,Petrol,2.0
Nissan,Elgrand,2011.0,87500.0,Black,3498.0,Automatic,7.0,210000000.0,Petrol,14.0
Honda,City,2022.0,17500.0,Red,1498.0,Automatic,5.0,250000000.0,Petrol,3.0
Toyota,Yaris,2023.0,32500.0,Black,1496.0,Automatic,5.0,305000000.0,Petrol,2.0
Mercedes,Benz,2017.0,22500.0,Black,2996.0,Automatic,5.0,835000000.0,Petrol,8.0
Mercedes,Benz,2011.0,12500.0,Black,1796.0,Automatic,5.0,425000000.0,Petrol,14.0
Nissan,X,2009.0,142500.0,Silver,1997.0,Automatic,7.0,89000000.0,Petrol,16.0
Toyota,Raize,2021.0,52500.0,Yellow,998.0,Automatic,5.0,185000000.0,Petrol,4.0
Bmw,530I,2018.0,30000.0,Black,1998.0,Automatic,5.0,575000000.0,Petrol,7.0
Toyota,86,2016.0,12500.0,Grey,1998.0,Automatic,4.0,449000000.0,Petrol,9.0
Toyota,Alphard,2014.0,47500.0,Black,2362.0,Automatic,7.0,387000000.0,Petrol,11.0
Toyota,Alphard,2022.0,32500.0,White,2494.0,Automatic,7.0,975000000.0,Petrol,3.0
Toyota,Vellfire,2016.0,82500.0,Black,2494.0,Automatic,7.0,540000000.0,Petrol,9.0
Toyota,Alphard,2015.0,47500.0,White,2494.0,Automatic,7.0,475000000.0,Petrol,10.0
Land,Rover,2013.0,17500.0,Black,2995.0,Automatic,5.0,1050000000.0,Petrol,12.0
Lexus,Rx,2018.0,27500.0,Black,1998.0,Automatic,5.0,730000000.0,Petrol,7.0
Toyota,Land,2017.0,27500.0,Black,4461.0,Automatic,7.0,1650000000.0,Diesel,8.0
Mercedes,Benz,2013.0,7500.0,White,1991.0,Automatic,5.0,625000000.0,Petrol,12.0
Toyota,Alphard,2023.0,12500.0,White,2494.0,Automatic,7.0,970000000.0,Petrol,2.0
Honda,Br,2023.0,12500.0,White,1498.0,Automatic,7.0,245000000.0,Petrol,2.0
Honda,City,2022.0,32500.0,White,1498.0,Automatic,5.0,229000000.0,Petrol,3.0
Mercedes,Benz,2015.0,87500.0,Black,1595.0,Automatic,5.0,260000000.0,Petrol,10.0
Land,Rover,2021.0,7500.0,Grey,1997.0,Automatic,5.0,2980000000.0,Petrol,4.0
Land,Rover,2018.0,50000.0,Black,2995.0,Automatic,5.0,2250000000.0,Petrol,7.0
Toyota,Land,2012.0,62500.0,Black,4461.0,Automatic,8.0,1100000000.0,Diesel,13.0
Porsche,Panamera,2018.0,7100.0,White,2894.0,Automatic,4.0,2500000000.0,Petrol,7.0
Bmw,730Li,2019.0,7500.0,Black,1998.0,Automatic,5.0,1050000000.0,Petrol,6.0
Land,Rover,2019.0,27500.0,White,1997.0,Automatic,5.0,870000000.0,Petrol,6.0
Land,Rover,2014.0,37500.0,White,2995.0,Automatic,5.0,1088000000.0,Petrol,11.0
Bmw,X7,2022.0,27500.0,Black,2998.0,Automatic,7.0,1250000000.0,Petrol,3.0
Toyota,Fortuner,2024.0,2500.0,Black,2755.0,Automatic,7.0,675000000.0,Diesel,1.0
Toyota,Veloz,2023.0,22500.0,White,1496.0,Automatic,7.0,235000000.0,Petrol,2.0
Toyota,Fortuner,2022.0,12500.0,Black,2755.0,Automatic,7.0,525000000.0,Diesel,3.0
Honda,Wr,2023.0,22500.0,White,1498.0,Automatic,5.0,245000000.0,Petrol,2.0
Honda,Wr,2023.0,22500.0,Maroon,1498.0,Automatic,5.0,250000000.0,Petrol,2.0
Toyota,Raize,2023.0,27500.0,Black,998.0,Automatic,5.0,188000000.0,Petrol,2.0
Ford,Bronco,2022.0,2500.0,Orange,2694.0,Automatic,5.0,2650000000.0,Petrol,3.0
Honda,Hr,2015.0,82500.0,White,1497.0,Automatic,5.0,182000000.0,Petrol,10.0
Chevrolet,Captiva,2017.0,107500.0,Brown,1998.0,Automatic,7.0,199000000.0,Diesel,8.0
Toyota,Raize,2025.0,2500.0,Yellow,998.0,Automatic,5.0,243000000.0,Petrol,0.0
Honda,Hr,2022.0,12500.0,Silver,1498.0,Automatic,5.0,384000000.0,Petrol,3.0
Toyota,Raize,2024.0,2500.0,Silver,1198.0,Automatic,5.0,205000000.0,Petrol,1.0
Hyundai,Creta,2022.0,32500.0,Silver,1497.0,Automatic,5.0,227000000.0,Petrol,3.0
Hyundai,Creta,2023.0,7500.0,White,1497.0,Automatic,5.0,257000000.0,Petrol,2.0
Hyundai,Creta,2023.0,12500.0,Grey,1497.0,Automatic,5.0,294000000.0,Petrol,2.0
Land,Rover,2020.0,12500.0,Grey,1997.0,Automatic,5.0,925000000.0,Petrol,5.0
Hyundai,Stargazer,2024.0,2500.0,White,1497.0,Automatic,7.0,216000000.0,Petrol,1.0
Toyota,Fortuner,2018.0,37500.0,Grey,2393.0,Automatic,7.0,369000000.0,Diesel,7.0
Daihatsu,Xenia,2022.0,37500.0,Green,1329.0,Automatic,7.0,179000000.0,Petrol,3.0
Bmw,X5,2020.0,42500.0,Black,2998.0,Automatic,5.0,785000000.0,Petrol,5.0
Wuling,Almaz,2021.0,52500.0,White,1451.0,Automatic,7.0,200000000.0,Petrol,4.0
Mg,Zs,2020.0,32500.0,Black,1498.0,Automatic,5.0,178000000.0,Petrol,5.0
Toyota,Vellfire,2021.0,37500.0,White,2494.0,Automatic,7.0,825000000.0,Petrol,4.0
Land,Rover,2023.0,7500.0,Black,2995.0,Automatic,5.0,2575000000.0,Petrol,2.0
Toyota,Vios,2007.0,142500.0,Black,1497.0,Manual,5.0,59000000.0,Petrol,18.0
Honda,Freed,2014.0,67500.0,Grey,1497.0,Automatic,7.0,153000000.0,Petrol,11.0
Bmw,330I,2023.0,22500.0,Black,1998.0,Automatic,5.0,745000000.0,Petrol,2.0
Honda,Cr,2001.0,2500.0,Black,1997.0,Automatic,5.0,66000000.0,Petrol,24.0
Toyota,Raize,2024.0,2500.0,White,998.0,Automatic,5.0,237000000.0,Petrol,1.0
Mazda,Cx,2022.0,17500.0,Grey,2488.0,Automatic,5.0,465000000.0,Petrol,3.0
Jeep,Grand,2015.0,92500.0,White,2985.0,Automatic,5.0,350000000.0,Petrol,10.0
Suzuki,Baleno,2022.0,42500.0,Brown,1462.0,Automatic,5.0,198000000.0,Petrol,3.0
Toyota,Veloz,2023.0,37500.0,Silver,1496.0,Automatic,7.0,239000000.0,Petrol,2.0
Hyundai,Creta,2022.0,37500.0,Red,1497.0,Automatic,5.0,273000000.0,Petrol,3.0
Honda,City,2015.0,92500.0,Black,1497.0,Automatic,5.0,139000000.0,Petrol,10.0
Maserati,Quattroporte,2018.0,22500.0,Blue,2979.0,Automatic,5.0,1150000000.0,Petrol,7.0
Jeep,Wrangler,2021.0,7500.0,Black,1995.0,Automatic,4.0,1425000000.0,Petrol,4.0
Porsche,718,2020.0,7500.0,Red,1988.0,Automatic,2.0,1850000000.0,Petrol,5.0
Toyota,Fortuner,2020.0,72500.0,Black,2393.0,Automatic,7.0,420000000.0,Diesel,5.0
Toyota,Veloz,2022.0,72500.0,Silver,1496.0,Automatic,7.0,200000000.0,Petrol,3.0
Mercedes,Benz,2022.0,12500.0,Black,1991.0,Automatic,7.0,820000000.0,Petrol,3.0
Toyota,Alphard,2019.0,22500.0,Black,2494.0,Automatic,7.0,670000000.0,Petrol,6.0
Toyota,Raize,2023.0,17500.0,Red,998.0,Automatic,5.0,218000000.0,Petrol,2.0
Mitsubishi,Xpander,2021.0,27500.0,White,1499.0,Automatic,7.0,246000000.0,Petrol,4.0
Bmw,X3,2022.0,22500.0,Black,1998.0,Automatic,5.0,768000000.0,Petrol,3.0
Mitsubishi,Pajero,2018.0,117500.0,White,2442.0,Automatic,7.0,355000000.0,Diesel,7.0
Toyota,Kijang,2021.0,52500.0,White,1998.0,Automatic,7.0,285000000.0,Petrol,4.0
Nissan,Serena,2019.0,52500.0,White,1997.0,Automatic,7.0,245000000.0,Petrol,6.0
Volkswagen,Tiguan,2021.0,22500.0,White,1395.0,Automatic,5.0,399000000.0,Petrol,4.0
Suzuki,Carry,2023.0,17500.0,Black,1500.0,Manual,3.0,130000000.0,Petrol,2.0
Mercedes,Benz,2019.0,22500.0,Black,1991.0,Automatic,5.0,680000000.0,Petrol,6.0
Mitsubishi,Eclipse,2020.0,42500.0,White,1499.0,Automatic,5.0,266000000.0,Petrol,5.0
Wuling,Almaz,2021.0,22500.0,White,1451.0,Automatic,5.0,179000000.0,Petrol,4.0
Mazda,Cx,2019.0,22500.0,Black,2488.0,Automatic,7.0,371000000.0,Petrol,6.0
Hyundai,Stargazer,2023.0,17500.0,Grey,1497.0,Automatic,7.0,231000000.0,Petrol,2.0
Mercedes,Benz,2019.0,47500.0,White,1497.0,Automatic,5.0,420000000.0,Petrol,6.0
Mini,Cooper,2023.0,2500.0,Green,1998.0,Automatic,4.0,895000000.0,Petrol,2.0
Mercedes,Benz,2017.0,27500.0,White,5461.0,Automatic,5.0,3300000000.0,Petrol,8.0
Jeep,Wrangler,2022.0,12500.0,Black,2000.0,Automatic,5.0,1780000000.0,Petrol,3.0
Bmw,X5,2016.0,12500.0,Black,2979.0,Automatic,5.0,450000000.0,Petrol,9.0
Land,Rover,2023.0,2500.0,Black,2995.0,Automatic,5.0,2775000000.0,Petrol,2.0
Toyota,Alphard,2022.0,7500.0,Black,2494.0,Automatic,7.0,880000000.0,Petrol,3.0
Toyota,Vellfire,2021.0,42500.0,White,2494.0,Automatic,7.0,845000000.0,Petrol,4.0
Mercedes,Benz,2019.0,22500.0,Black,1497.0,Automatic,5.0,425000000.0,Petrol,6.0
Daihatsu,Rocky,2021.0,27500.0,Red,998.0,Automatic,5.0,179000000.0,Petrol,4.0
Hyundai,Stargazer,2022.0,42500.0,Grey,1497.0,Automatic,7.0,205000000.0,Petrol,3.0
Toyota,Raize,2023.0,42500.0,Blue,998.0,Automatic,5.0,209000000.0,Petrol,2.0
Hyundai,H,2018.0,62500.0,Grey,2359.0,Automatic,9.0,290000000.0,Petrol,7.0
Toyota,Avanza,2023.0,2500.0,White,1496.0,Automatic,7.0,219000000.0,Petrol,2.0
Honda,Hr,2022.0,27500.0,Black,1498.0,Automatic,5.0,326000000.0,Petrol,3.0
Honda,Wr,2023.0,22500.0,Grey,1498.0,Automatic,5.0,246000000.0,Petrol,2.0
Mercedes,Benz,2018.0,12500.0,White,1991.0,Automatic,4.0,910000000.0,Petrol,7.0
Lexus,Rx,2020.0,37500.0,Grey,1998.0,Automatic,5.0,775000000.0,Petrol,5.0
Toyota,Raize,2023.0,12500.0,Red,998.0,Automatic,5.0,215000000.0,Petrol,2.0
Mercedes,Benz,2016.0,52500.0,White,1596.0,Automatic,5.0,385000000.0,Petrol,9.0
Mazda,Cx,2022.0,22500.0,Grey,1496.0,Automatic,5.0,275000000.0,Petrol,3.0
Toyota,Kijang,2022.0,32500.0,Black,2393.0,Automatic,8.0,455000000.0,Petrol,3.0
Mg,Vs,2024.0,12500.0,White,1498.0,Automatic,5.0,290000000.0,Petrol,1.0
Honda,Hr,2017.0,107500.0,Black,1497.0,Automatic,5.0,179000000.0,Petrol,8.0
Toyota,Harrier,2014.0,77500.0,White,1986.0,Automatic,5.0,290000000.0,Petrol,11.0
Mercedes,Benz,2015.0,52500.0,Black,1991.0,Automatic,5.0,350000000.0,Petrol,10.0
Honda,City,2021.0,62500.0,White,1498.0,Automatic,5.0,203000000.0,Petrol,4.0
Mercedes,Benz,2018.0,62500.0,White,1991.0,Automatic,4.0,455000000.0,Petrol,7.0
Bmw,X5,2017.0,52500.0,White,2979.0,Automatic,5.0,430000000.0,Petrol,8.0
Honda,Jazz,2013.0,92500.0,Red,1497.0,Automatic,5.0,142000000.0,Petrol,12.0
Honda,Brio,2023.0,22500.0,White,1199.0,Automatic,5.0,185000000.0,Petrol,2.0
Honda,Brio,2017.0,92500.0,Orange,1199.0,Automatic,5.0,125000000.0,Petrol,8.0
Honda,Hr,2017.0,42500.0,Grey,1799.0,Automatic,5.0,225000000.0,Petrol,8.0
Toyota,Corolla,2012.0,162500.0,Silver,1798.0,Automatic,5.0,113000000.0,Petrol,13.0
Nissan,Livina,2021.0,47500.0,Black,1499.0,Automatic,7.0,199000000.0,Petrol,4.0
Toyota,Fortuner,2025.0,2500.0,Black,2755.0,Automatic,7.0,599000000.0,Diesel,0.0
Toyota,Veloz,2022.0,22500.0,Black,1496.0,Automatic,7.0,230000000.0,Petrol,3.0
Toyota,Alphard,2022.0,17500.0,White,2494.0,Automatic,7.0,1050000000.0,Petrol,3.0
Honda,Mobilio,2018.0,82500.0,Black,1496.0,Automatic,7.0,145000000.0,Petrol,7.0
Honda,Jazz,2009.0,172500.0,Black,1497.0,Automatic,5.0,113000000.0,Petrol,16.0
Lexus,Rx,2017.0,2500.0,Black,1998.0,Automatic,5.0,735000000.0,Petrol,8.0
Bmw,520I,2024.0,2500.0,White,1998.0,Automatic,5.0,1175000000.0,Petrol,1.0
Bmw,X3,2023.0,2500.0,White,1998.0,Automatic,5.0,945000000.0,Petrol,2.0
Mitsubishi,Xpander,2022.0,37500.0,Black,1499.0,Automatic,7.0,228000000.0,Petrol,3.0
Toyota,Voxy,2020.0,77500.0,Black,1986.0,Automatic,7.0,359000000.0,Petrol,5.0
Mazda,Cx,2017.0,72500.0,Black,2488.0,Automatic,5.0,260000000.0,Petrol,8.0
Mazda,Cx,2019.0,37500.0,Red,2488.0,Automatic,5.0,370000000.0,Petrol,6.0
Mazda,Biante,2014.0,92500.0,Black,1997.0,Automatic,7.0,150000000.0,Petrol,11.0
Mitsubishi,Xpander,2018.0,77500.0,Black,1499.0,Automatic,7.0,175000000.0,Petrol,7.0
Mitsubishi,Xpander,2020.0,17500.0,Black,1499.0,Automatic,7.0,228000000.0,Petrol,5.0
Toyota,Alphard,2021.0,62500.0,Black,2494.0,Automatic,7.0,820000000.0,Petrol,4.0
Suzuki,Grand,2023.0,22500.0,Silver,1462.0,Automatic,5.0,281000000.0,Hybrid,2.0
Mercedes,Benz,2011.0,12500.0,White,1796.0,Automatic,4.0,570000000.0,Petrol,14.0
Mercedes,Benz,2021.0,2500.0,Black,2999.0,Automatic,5.0,2095000000.0,Petrol,4.0
Mercedes,Benz,2018.0,12500.0,White,1991.0,Automatic,5.0,490000000.0,Petrol,7.0
Bmw,X3,2023.0,7500.0,Black,1998.0,Automatic,5.0,925000000.0,Petrol,2.0
Lexus,Lx,2017.0,37500.0,Grey,5663.0,Automatic,8.0,1425000000.0,Petrol,8.0
Hyundai,Creta,2022.0,47500.0,Black,1497.0,Automatic,5.0,265000000.0,Petrol,3.0
Toyota,Alphard,2023.0,12500.0,Black,2494.0,Automatic,7.0,1165000000.0,Petrol,2.0
Bmw,X3,2022.0,17500.0,White,1998.0,Automatic,5.0,789000000.0,Petrol,3.0
Bmw,X3,2021.0,17500.0,Black,1998.0,Automatic,5.0,645000000.0,Petrol,4.0
Suzuki,Carry,2016.0,107500.0,White,1500.0,Manual,3.0,80000000.0,Petrol,9.0
Audi,A4,2012.0,87500.0,Black,1798.0,Automatic,5.0,177000000.0,Petrol,13.0
Mercedes,Benz,2019.0,12500.0,White,1332.0,Automatic,5.0,430000000.0,Petrol,6.0
Lexus,Lx,2016.0,27500.0,Black,5663.0,Automatic,8.0,1425000000.0,Petrol,9.0
Mercedes,Benz,2013.0,12500.0,Red,1796.0,Automatic,2.0,555000000.0,Petrol,12.0
Bmw,430I,2021.0,7500.0,Blue,1998.0,Automatic,4.0,975000000.0,Petrol,4.0
Mercedes,Benz,2022.0,12500.0,Black,1991.0,Automatic,7.0,910000000.0,Petrol,3.0
Wuling,Almaz,2019.0,97500.0,Black,1451.0,Automatic,5.0,164000000.0,Petrol,6.0
Bmw,M3,2023.0,2500.0,Blue,2993.0,Automatic,5.0,1789000000.0,Petrol,2.0
Mercedes,Benz,2017.0,67500.0,White,1991.0,Automatic,4.0,499000000.0,Petrol,8.0
Lexus,Nx,2018.0,62500.0,White,1998.0,Automatic,5.0,675000000.0,Petrol,7.0
Toyota,Alphard,2017.0,72500.0,White,2494.0,Automatic,7.0,570000000.0,Petrol,8.0
Mercedes,Benz,2015.0,32500.0,White,1991.0,Automatic,5.0,449000000.0,Petrol,10.0
Mercedes,Benz,2022.0,17500.0,Black,1999.0,Automatic,5.0,865000000.0,Petrol,3.0
Toyota,Camry,2022.0,12500.0,White,2487.0,Automatic,5.0,525000000.0,Petrol,3.0
Toyota,Alphard,2021.0,22500.0,White,2494.0,Automatic,7.0,975000000.0,Petrol,4.0
Mercedes,Benz,2022.0,12500.0,Black,1332.0,Automatic,7.0,685000000.0,Petrol,3.0
Bmw,X1,2022.0,12500.0,Blue,1499.0,Automatic,5.0,475000000.0,Petrol,3.0
Toyota,Alphard,2017.0,87500.0,White,2494.0,Automatic,7.0,568000000.0,Petrol,8.0
Toyota,Avanza,2019.0,102500.0,Silver,1329.0,Automatic,7.0,155000000.0,Petrol,6.0
Land,Rover,2011.0,92500.0,Silver,1999.0,Automatic,5.0,299000000.0,Petrol,14.0
Toyota,Voxy,2017.0,57500.0,Black,1986.0,Automatic,7.0,265000000.0,Petrol,8.0
Toyota,Kijang,2021.0,127500.0,Grey,2393.0,Automatic,7.0,400000000.0,Diesel,4.0
Toyota,Fortuner,2022.0,42500.0,Black,2755.0,Automatic,7.0,490000000.0,Diesel,3.0
Toyota,Rush,2024.0,2500.0,White,1496.0,Automatic,7.0,265000000.0,Petrol,1.0
Mitsubishi,Xpander,2023.0,7500.0,White,1499.0,Automatic,7.0,289000000.0,Petrol,2.0
Mercedes,Benz,2022.0,2500.0,Black,1332.0,Automatic,5.0,745000000.0,Petrol,3.0
Mini,Countryman,2019.0,7500.0,Grey,1998.0,Automatic,5.0,550000000.0,Petrol,6.0
Mini,Cabrio,2019.0,7500.0,Blue,1998.0,Automatic,4.0,695000000.0,Petrol,6.0
Mercedes,Benz,2017.0,17500.0,Grey,1991.0,Automatic,5.0,580000000.0,Petrol,8.0
Lexus,Lx,2013.0,57500.0,Black,5663.0,Automatic,8.0,915000000.0,Petrol,12.0
Toyota,Alphard,2024.0,2500.0,Black,2500.0,Automatic,7.0,1525000000.0,Hybrid,1.0
Lexus,Lx,2016.0,47500.0,Black,5663.0,Automatic,8.0,1350000000.0,Petrol,9.0
Mercedes,Benz,2013.0,2500.0,White,1796.0,Automatic,2.0,595000000.0,Petrol,12.0
Bmw,330I,2018.0,17500.0,Grey,1998.0,Automatic,5.0,475000000.0,Petrol,7.0
Honda,Brio,2024.0,2500.0,Red,1199.0,Automatic,5.0,169000000.0,Petrol,1.0
Toyota,Raize,2024.0,2500.0,Red,998.0,Automatic,5.0,229000000.0,Petrol,1.0
Mitsubishi,Pajero,2022.0,22500.0,Black,2442.0,Automatic,7.0,579000000.0,Diesel,3.0
Mercedes,Benz,2023.0,2500.0,Black,2999.0,Automatic,7.0,1475000000.0,Petrol,2.0
Toyota,Alphard,2019.0,82500.0,Black,2494.0,Automatic,7.0,720000000.0,Petrol,6.0
Toyota,Alphard,2016.0,47500.0,Black,2494.0,Automatic,7.0,620000000.0,Petrol,9.0
Toyota,Alphard,2018.0,117500.0,Black,2494.0,Automatic,7.0,655000000.0,Petrol,7.0
Hyundai,Palisade,2021.0,57500.0,White,2199.0,Automatic,7.0,599000000.0,Diesel,4.0
Toyota,Kijang,2024.0,12500.0,White,1987.0,Automatic,8.0,545000000.0,Hybrid,1.0
Toyota,Kijang,2024.0,2500.0,Black,1987.0,Automatic,8.0,565000000.0,Petrol,1.0
Mercedes,Benz,2023.0,2500.0,White,1991.0,Automatic,4.0,825000000.0,Petrol,2.0
Bmw,520I,2021.0,62500.0,Black,1998.0,Automatic,5.0,645000000.0,Petrol,4.0
Toyota,Alphard,2016.0,57500.0,White,2494.0,Automatic,7.0,575000000.0,Petrol,9.0
Mitsubishi,Xpander,2021.0,47500.0,Black,1499.0,Automatic,7.0,179000000.0,Petrol,4.0
Bmw,X1,2020.0,47500.0,Brown,1499.0,Automatic,5.0,395000000.0,Petrol,5.0
Toyota,Fortuner,2021.0,47500.0,Black,2393.0,Automatic,7.0,445000000.0,Diesel,4.0
Honda,Hr,2023.0,12500.0,Grey,1498.0,Automatic,5.0,329000000.0,Petrol,2.0
Toyota,Corolla,2019.0,57500.0,Silver,1798.0,Automatic,5.0,234000000.0,Petrol,6.0
Toyota,Kijang,2023.0,32500.0,White,1998.0,Automatic,7.0,369000000.0,Petrol,2.0
Toyota,Veloz,2022.0,12500.0,Black,1496.0,Automatic,7.0,249000000.0,Petrol,3.0
Mitsubishi,Xpander,2022.0,22500.0,Green,1499.0,Automatic,7.0,268000000.0,Petrol,3.0
Peugeot,5008,2019.0,12500.0,Green,1598.0,Automatic,7.0,348000000.0,Petrol,6.0
Mitsubishi,Xpander,2022.0,22500.0,Black,1499.0,Automatic,7.0,271000000.0,Petrol,3.0
Bmw,X3,2021.0,22500.0,Black,1998.0,Automatic,5.0,612000000.0,Petrol,4.0
Mazda,Cx,2022.0,17500.0,Black,2488.0,Automatic,5.0,440000000.0,Petrol,3.0
Kia,Sonet,2021.0,32500.0,Gold,1497.0,Automatic,5.0,191000000.0,Petrol,4.0
Mazda,Cx,2022.0,22500.0,Red,2488.0,Automatic,5.0,465000000.0,Petrol,3.0
Mazda,2,2012.0,112500.0,Red,1498.0,Automatic,5.0,98000000.0,Petrol,13.0
Daihatsu,Gran,2018.0,87500.0,White,1298.0,Manual,2.0,83000000.0,Petrol,7.0
Bmw,X5,2023.0,7500.0,Black,2998.0,Automatic,5.0,1350000000.0,Petrol,2.0
Wuling,Almaz,2023.0,17500.0,Maroon,1451.0,Automatic,7.0,230000000.0,Petrol,2.0
Bmw,X4,2022.0,12500.0,Grey,1998.0,Automatic,5.0,1275000000.0,Petrol,3.0
Bmw,520I,2024.0,2500.0,Grey,1998.0,Automatic,5.0,1150000000.0,Petrol,1.0
Mazda,3,2019.0,47500.0,Black,1998.0,Automatic,5.0,340000000.0,Petrol,6.0
Toyota,Agya,2023.0,27500.0,Grey,1200.0,Automatic,5.0,150000000.0,Petrol,2.0
Mini,Countryman,2019.0,22500.0,Silver,1499.0,Automatic,5.0,465000000.0,Petrol,6.0
Mercedes,Benz,2014.0,32500.0,White,1991.0,Automatic,5.0,395000000.0,Petrol,11.0
Toyota,Veloz,2024.0,7500.0,Black,1496.0,Automatic,7.0,230000000.0,Petrol,1.0
Toyota,Vellfire,2023.0,2500.0,Black,2494.0,Automatic,7.0,913000000.0,Petrol,2.0
Land,Rover,2014.0,42500.0,White,4999.0,Automatic,5.0,1105000000.0,Petrol,11.0
Toyota,Alphard,2012.0,62500.0,Black,2362.0,Automatic,7.0,251000000.0,Petrol,13.0
Toyota,Alphard,2013.0,87500.0,Black,2362.0,Automatic,7.0,195500000.0,Petrol,12.0
Mazda,2,2012.0,102500.0,Red,1498.0,Automatic,5.0,94000000.0,Petrol,13.0
Mitsubishi,Pajero,2010.0,102500.0,Red,2477.0,Automatic,7.0,183000000.0,Diesel,15.0
Mercedes,Benz,2019.0,52500.0,White,1991.0,Automatic,5.0,800000000.0,Petrol,6.0
Honda,Cr,2018.0,65000.0,White,1498.0,Automatic,5.0,325000000.0,Petrol,7.0
Mini,Cooper,2018.0,32500.0,Blue,1500.0,Automatic,4.0,410000000.0,Petrol,7.0
Toyota,Alphard,2021.0,37500.0,White,2494.0,Automatic,7.0,940000000.0,Petrol,4.0
Mitsubishi,Xpander,2019.0,42500.0,Black,1499.0,Automatic,7.0,250000000.0,Petrol,6.0
Mazda,Cx,2019.0,32500.0,Grey,2488.0,Automatic,5.0,365000000.0,Petrol,6.0
Honda,Br,2022.0,62500.0,Silver,1498.0,Automatic,7.0,205000000.0,Petrol,3.0
Mercedes,Benz,2022.0,37500.0,Black,1991.0,Automatic,7.0,820000000.0,Petrol,3.0
Bmw,X1,2019.0,77500.0,White,1499.0,Automatic,5.0,402000000.0,Petrol,6.0
Mercedes,Benz,2023.0,22500.0,Black,1496.0,Automatic,5.0,900000000.0,Petrol,2.0
Toyota,Rush,2021.0,42500.0,White,1496.0,Automatic,7.0,185000000.0,Petrol,4.0
Toyota,Alphard,2017.0,72500.0,White,2494.0,Automatic,7.0,547000000.0,Petrol,8.0
Toyota,Kijang,2015.0,142500.0,Black,1998.0,Automatic,8.0,170000000.0,Petrol,10.0
Mercedes,Benz,2012.0,17500.0,Black,5461.0,Automatic,4.0,950000000.0,Petrol,13.0
Mercedes,Benz,2019.0,2500.0,Black,1991.0,Automatic,5.0,725000000.0,Petrol,6.0
Toyota,Alphard,2023.0,7500.0,White,2500.0,Automatic,7.0,1325000000.0,Petrol,2.0
Lexus,Lm,2021.0,17500.0,Black,3456.0,Automatic,7.0,1275000000.0,Petrol,4.0
Toyota,Veloz,2023.0,12500.0,White,1496.0,Automatic,7.0,239000000.0,Petrol,2.0
Suzuki,Baleno,2022.0,32500.0,Red,1462.0,Automatic,5.0,199000000.0,Petrol,3.0
Mazda,Cx,2023.0,7500.0,Red,2488.0,Automatic,5.0,519000000.0,Petrol,2.0
Toyota,Kijang,2024.0,32500.0,Black,2393.0,Manual,8.0,345000000.0,Diesel,1.0
Honda,Hr,2023.0,47500.0,Grey,1498.0,Automatic,5.0,309000000.0,Petrol,2.0
Toyota,Fortuner,2016.0,32500.0,White,2393.0,Automatic,7.0,346000000.0,Diesel,9.0
Suzuki,Jimny,2019.0,22500.0,White,1462.0,Manual,4.0,326000000.0,Petrol,6.0
Bmw,218I,2023.0,7500.0,Blue,1499.0,Automatic,5.0,595000000.0,Petrol,2.0
Toyota,Yaris,2015.0,97500.0,Red,1497.0,Automatic,5.0,136000000.0,Petrol,10.0
Toyota,Alphard,2020.0,42500.0,Black,2494.0,Automatic,7.0,799000000.0,Petrol,5.0
Bmw,330I,2020.0,7500.0,Blue,1998.0,Automatic,5.0,655000000.0,Petrol,5.0
Mini,Countryman,2023.0,7500.0,White,1998.0,Automatic,5.0,735000000.0,Petrol,2.0
Honda,City,2021.0,27500.0,Silver,1498.0,Automatic,5.0,205000000.0,Petrol,4.0
Mercedes,Benz,2020.0,7500.0,Yellow,1332.0,Automatic,5.0,635000000.0,Petrol,5.0
Mercedes,Benz,2017.0,37500.0,White,1991.0,Automatic,5.0,395000000.0,Petrol,8.0
Toyota,Sienta,2017.0,127500.0,Orange,1497.0,Automatic,7.0,159500000.0,Petrol,8.0
Bmw,320I,2018.0,37500.0,Black,1995.0,Automatic,5.0,343000000.0,Petrol,7.0
Toyota,Voxy,2020.0,82500.0,Black,1986.0,Automatic,7.0,358500000.0,Petrol,5.0
Mazda,Cx,2019.0,37500.0,Grey,2488.0,Automatic,7.0,415000000.0,Petrol,6.0
Volkswagen,Polo,2017.0,57500.0,Red,1197.0,Automatic,5.0,144000000.0,Petrol,8.0
Bmw,330I,2020.0,22500.0,Black,1998.0,Automatic,5.0,655000000.0,Petrol,5.0
Toyota,Kijang,2023.0,72500.0,Silver,1998.0,Automatic,8.0,378000000.0,Petrol,2.0
Toyota,Alphard,2020.0,42500.0,Black,2494.0,Automatic,7.0,859000000.0,Petrol,5.0
Volkswagen,Tiguan,2021.0,22500.0,Black,1395.0,Automatic,5.0,395000000.0,Petrol,4.0
Toyota,Alphard,2015.0,82500.0,Black,2362.0,Automatic,7.0,555000000.0,Petrol,10.0
Bmw,320I,2018.0,27500.0,Black,1995.0,Automatic,5.0,334000000.0,Petrol,7.0
Suzuki,Apv,2014.0,102500.0,Silver,1500.0,Manual,8.0,95000000.0,Petrol,11.0
Toyota,Alphard,2023.0,2500.0,White,2500.0,Automatic,7.0,1295000000.0,Petrol,2.0
Mercedes,Benz,2020.0,7500.0,Red,1991.0,Automatic,5.0,590000000.0,Petrol,5.0
Mercedes,Benz,2021.0,2500.0,White,1991.0,Automatic,5.0,670000000.0,Petrol,4.0
Mercedes,Benz,2024.0,2500.0,White,1332.0,Automatic,5.0,595000000.0,Petrol,1.0
Mercedes,Benz,2018.0,27500.0,Black,2996.0,Automatic,7.0,695000000.0,Petrol,7.0
Mercedes,Benz,2020.0,12500.0,Grey,1991.0,Automatic,5.0,590000000.0,Petrol,5.0
Mercedes,Benz,2021.0,17500.0,White,1991.0,Automatic,7.0,755000000.0,Petrol,4.0
Mazda,Cx,2023.0,12500.0,Grey,2488.0,Automatic,5.0,524000000.0,Petrol,2.0
Suzuki,Baleno,2023.0,12500.0,Grey,1462.0,Automatic,5.0,216000000.0,Petrol,2.0
Toyota,Kijang,2022.0,17500.0,Grey,2393.0,Automatic,8.0,367000000.0,Diesel,3.0
Toyota,Fortuner,2022.0,57500.0,Black,2393.0,Automatic,7.0,445000000.0,Diesel,3.0
Porsche,911,2018.0,7500.0,Yellow,2981.0,Automatic,2.0,2950000000.0,Petrol,7.0
Nissan,Magnite,2021.0,22500.0,Red,999.0,Automatic,5.0,179000000.0,Petrol,4.0
Bmw,X7,2023.0,22500.0,Black,2998.0,Automatic,7.0,1650000000.0,Petrol,2.0
Bmw,X7,2019.0,12500.0,Black,2998.0,Automatic,7.0,1195000000.0,Petrol,6.0
Toyota,Hiace,2023.0,32500.0,Silver,2755.0,Manual,12.0,655000000.0,Diesel,2.0
Mitsubishi,Pajero,2015.0,107500.0,Grey,2477.0,Automatic,7.0,259000000.0,Diesel,10.0
Mazda,Cx,2023.0,7500.0,Black,2488.0,Automatic,5.0,523000000.0,Petrol,2.0
Mitsubishi,Pajero,2021.0,57500.0,White,2442.0,Automatic,7.0,466000000.0,Diesel,4.0
Mazda,Cx,2022.0,47500.0,Red,2488.0,Automatic,5.0,399000000.0,Petrol,3.0
Suzuki,Sx4,2022.0,22500.0,Grey,1500.0,Automatic,5.0,225000000.0,Petrol,3.0
Bmw,X5,2022.0,7500.0,White,2998.0,Automatic,5.0,1120000000.0,Petrol,3.0
Mercedes,Benz,2020.0,7500.0,Black,1991.0,Automatic,7.0,730000000.0,Petrol,5.0
Toyota,Voxy,2024.0,2500.0,Black,1986.0,Automatic,7.0,540000000.0,Petrol,1.0
Porsche,911,2023.0,2500.0,Red,2981.0,Automatic,4.0,4500000000.0,Petrol,2.0
Porsche,911,2019.0,2500.0,Blue,2981.0,Automatic,2.0,3799000000.0,Petrol,6.0
Mini,Cooper,2020.0,22500.0,Grey,1499.0,Automatic,5.0,495000000.0,Petrol,5.0
Mercedes,Benz,2019.0,12500.0,Black,1991.0,Automatic,5.0,595000000.0,Petrol,6.0
Lexus,Nx,2015.0,27500.0,Black,1998.0,Automatic,5.0,400000000.0,Petrol,10.0
Ford,Mustang,2016.0,2500.0,Yellow,2264.0,Automatic,4.0,875000000.0,Petrol,9.0
Honda,Br,2022.0,27500.0,Grey,1498.0,Automatic,7.0,239000000.0,Petrol,3.0
Honda,Hr,2015.0,52500.0,Red,1799.0,Automatic,5.0,209000000.0,Petrol,10.0
Suzuki,Ertiga,2022.0,47500.0,Grey,1462.0,Automatic,7.0,202000000.0,Hybrid,3.0
Hyundai,Stargazer,2023.0,27500.0,Grey,1497.0,Automatic,7.0,229000000.0,Petrol,2.0
Bmw,X3,2019.0,32500.0,Black,1998.0,Automatic,5.0,598000000.0,Petrol,6.0
Mercedes,Benz,2023.0,2500.0,White,1999.0,Automatic,7.0,1235000000.0,Petrol,2.0
Lexus,Rx,2018.0,42500.0,Black,1998.0,Automatic,5.0,735000000.0,Petrol,7.0
Mitsubishi,Xpander,2018.0,67500.0,Grey,1499.0,Automatic,7.0,178000000.0,Petrol,7.0
Mazda,2,2016.0,77500.0,White,1496.0,Automatic,5.0,150000000.0,Petrol,9.0
Toyota,Vellfire,2014.0,72500.0,Black,2362.0,Automatic,7.0,357000000.0,Petrol,11.0
Mercedes,Benz,2019.0,12500.0,White,1991.0,Automatic,5.0,925000000.0,Petrol,6.0
Mercedes,Benz,2018.0,32500.0,Black,1595.0,Automatic,5.0,350000000.0,Petrol,7.0
Suzuki,Baleno,2018.0,72500.0,Blue,1373.0,Automatic,5.0,149000000.0,Petrol,7.0
Toyota,Yaris,2023.0,12500.0,Red,1496.0,Automatic,5.0,345000000.0,Hybrid,2.0
Toyota,Alphard,2022.0,22500.0,Black,2494.0,Automatic,7.0,1090000000.0,Petrol,3.0
Toyota,Kijang,2023.0,7500.0,White,1998.0,Automatic,7.0,529000000.0,Petrol,2.0
Toyota,Land,1981.0,297500.0,Brown,4230.0,Manual,5.0,550000000.0,Petrol,44.0
Mercedes,Benz,2014.0,52500.0,Black,2996.0,Automatic,5.0,565000000.0,Petrol,11.0
Mercedes,Benz,1965.0,2500.0,Red,2195.0,Manual,5.0,349000000.0,Petrol,60.0
Toyota,Alphard,2018.0,62500.0,Black,2494.0,Automatic,7.0,685000000.0,Petrol,7.0
Mercedes,Benz,2018.0,27500.0,White,1991.0,Automatic,5.0,380000000.0,Petrol,7.0
Mercedes,Benz,2021.0,7500.0,Black,1991.0,Automatic,7.0,795000000.0,Petrol,4.0
Mazda,Cx,2016.0,87500.0,Grey,2488.0,Automatic,5.0,205000000.0,Petrol,9.0
Lexus,Es,2022.0,17500.0,Grey,2487.0,Automatic,5.0,865000000.0,Hybrid,3.0
Mercedes,Benz,2018.0,22500.0,Black,2999.0,Automatic,5.0,899000000.0,Petrol,7.0
Volkswagen,Tiguan,2014.0,92500.0,Brown,1390.0,Automatic,5.0,140000000.0,Petrol,11.0
Mercedes,Benz,2017.0,47500.0,Black,1991.0,Automatic,5.0,390000000.0,Petrol,8.0
Bmw,520I,2023.0,2500.0,Blue,1998.0,Automatic,5.0,795000000.0,Petrol,2.0
Bmw,X5,2020.0,7500.0,Black,2998.0,Automatic,5.0,950000000.0,Petrol,5.0
Toyota,Kijang,2019.0,67500.0,Silver,1998.0,Automatic,8.0,251000000.0,Petrol,6.0
Toyota,Veloz,2022.0,37500.0,White,1496.0,Automatic,7.0,247000000.0,Petrol,3.0
Mitsubishi,Pajero,2019.0,72500.0,Black,2442.0,Automatic,7.0,385000000.0,Diesel,6.0
Toyota,Fortuner,2023.0,42500.0,Black,2755.0,Automatic,7.0,509000000.0,Diesel,2.0
Renault,Kwid,2021.0,32500.0,Blue,999.0,Automatic,5.0,100000000.0,Petrol,4.0
Mercedes,Benz,2023.0,7500.0,Black,1991.0,Automatic,7.0,1200000000.0,Petrol,2.0
Daihatsu,Gran,2019.0,82500.0,White,1298.0,Manual,2.0,83000000.0,Petrol,6.0
Toyota,Land,2012.0,57500.0,Black,4461.0,Automatic,8.0,950000000.0,Diesel,13.0
Mercedes,Benz,2022.0,2500.0,Black,1991.0,Automatic,5.0,1250000000.0,Petrol,3.0
Honda,Hr,2023.0,37500.0,Black,1498.0,Automatic,5.0,329000000.0,Petrol,2.0
Hyundai,Creta,2024.0,17500.0,White,1497.0,Automatic,5.0,245000000.0,Petrol,1.0
Toyota,Kijang,2021.0,42500.0,Black,2393.0,Automatic,8.0,395000000.0,Diesel,4.0
Toyota,Kijang,2019.0,32500.0,White,2393.0,Automatic,8.0,359000000.0,Diesel,6.0
Toyota,Kijang,2023.0,17500.0,Black,1998.0,Automatic,7.0,519000000.0,Petrol,2.0
Honda,Jazz,2013.0,22500.0,Silver,1497.0,Automatic,5.0,165000000.0,Petrol,12.0
Hyundai,Stargazer,2023.0,17500.0,Black,1497.0,Automatic,7.0,252000000.0,Petrol,2.0
Mazda,6,2019.0,27500.0,Grey,2488.0,Automatic,5.0,367000000.0,Petrol,6.0
Mazda,Cx,2023.0,7500.0,Red,2488.0,Automatic,5.0,537000000.0,Petrol,2.0
Daihatsu,Xenia,2022.0,27500.0,Silver,1329.0,Automatic,7.0,199000000.0,Petrol,3.0
Hyundai,Palisade,2023.0,22500.0,Blue,2199.0,Automatic,7.0,784000000.0,Diesel,2.0
Mg,5,2024.0,7500.0,Yellow,1498.0,Automatic,5.0,255000000.0,Petrol,1.0
Mitsubishi,Outlander,2014.0,67500.0,Orange,1998.0,Automatic,5.0,166000000.0,Petrol,11.0
Subaru,Wrx,2023.0,2500.0,Blue,2387.0,Automatic,5.0,758000000.0,Petrol,2.0
Toyota,Kijang,2024.0,12500.0,Black,2393.0,Automatic,8.0,379000000.0,Diesel,1.0
Bmw,M4,2022.0,2500.0,Yellow,2993.0,Automatic,4.0,1850000000.0,Petrol,3.0
Toyota,Land,2022.0,2500.0,Black,3346.0,Automatic,7.0,2195000000.0,Diesel,3.0
Toyota,Alphard,2022.0,12500.0,Black,2494.0,Automatic,4.0,1175000000.0,Petrol,3.0
Mercedes,Benz,2019.0,22500.0,Black,1497.0,Automatic,5.0,450000000.0,Petrol,6.0
Toyota,Camry,2024.0,2500.0,Black,2487.0,Automatic,5.0,610000000.0,Petrol,1.0
Honda,Hr,2023.0,12500.0,Brown,1498.0,Automatic,5.0,307000000.0,Petrol,2.0
Toyota,Kijang,2019.0,94000.0,White,1998.0,Automatic,8.0,268000000.0,Petrol,6.0
Mercedes,Benz,2017.0,7500.0,Black,1991.0,Automatic,5.0,475000000.0,Petrol,8.0
Bmw,X7,2023.0,17500.0,Black,2998.0,Automatic,7.0,1650000000.0,Petrol,2.0
Mercedes,Benz,2022.0,12500.0,Grey,2999.0,Automatic,7.0,1195000000.0,Petrol,3.0
Mercedes,Benz,2019.0,7500.0,Red,1332.0,Automatic,5.0,590000000.0,Petrol,6.0
Toyota,Vellfire,2024.0,2500.0,Black,2500.0,Automatic,7.0,1650000000.0,Hybrid,1.0
Lexus,Lx,2024.0,2500.0,Black,3445.0,Automatic,4.0,3650000000.0,Petrol,1.0
Mercedes,Benz,2023.0,7500.0,Black,2999.0,Automatic,5.0,2095000000.0,Petrol,2.0
Mercedes,Benz,2020.0,17500.0,Black,2999.0,Automatic,7.0,1350000000.0,Petrol,5.0
Bmw,840I,2022.0,2500.0,Black,2998.0,Automatic,5.0,1625000000.0,Petrol,3.0
Toyota,Alphard,2022.0,7500.0,Black,2494.0,Automatic,7.0,950000000.0,Petrol,3.0
Toyota,Alphard,2023.0,7500.0,Black,2494.0,Automatic,7.0,1035000000.0,Petrol,2.0
Mercedes,Benz,2016.0,37500.0,Black,1991.0,Automatic,5.0,435000000.0,Petrol,9.0
Toyota,Alphard,2023.0,2500.0,Black,2500.0,Automatic,7.0,1450000000.0,Hybrid,2.0
Toyota,Corolla,2020.0,22500.0,Black,1798.0,Automatic,5.0,296000000.0,Hybrid,5.0
Mazda,Cx,2020.0,22500.0,Black,2488.0,Automatic,5.0,316000000.0,Petrol,5.0
Mitsubishi,Xpander,2023.0,22500.0,Black,1499.0,Automatic,7.0,209000000.0,Petrol,2.0
Toyota,Avanza,2022.0,37500.0,White,1496.0,Automatic,7.0,195000000.0,Petrol,3.0
Toyota,Kijang,2023.0,27500.0,White,1998.0,Automatic,7.0,499000000.0,Petrol,2.0
Toyota,Fortuner,2022.0,52500.0,Black,2755.0,Automatic,7.0,488000000.0,Diesel,3.0
Nissan,Livina,2022.0,22500.0,Black,1499.0,Automatic,7.0,199000000.0,Petrol,3.0
Hyundai,H,2019.0,67500.0,Black,2359.0,Automatic,8.0,375000000.0,Petrol,6.0
Suzuki,Jimny,2024.0,7500.0,Yellow,1500.0,Automatic,4.0,455000000.0,Petrol,1.0
Hyundai,Creta,2023.0,22500.0,White,1497.0,Automatic,5.0,295000000.0,Petrol,2.0
Honda,Hr,2024.0,2500.0,Grey,1498.0,Automatic,5.0,355000000.0,Petrol,1.0
Hyundai,Creta,2022.0,27500.0,White,1497.0,Automatic,5.0,239000000.0,Petrol,3.0
Toyota,Calya,2022.0,22500.0,Black,1197.0,Automatic,7.0,139000000.0,Petrol,3.0
Honda,Cr,2023.0,12500.0,Black,1498.0,Automatic,5.0,409000000.0,Petrol,2.0
Mercedes,Benz,2017.0,22500.0,Black,1991.0,Automatic,5.0,333000000.0,Petrol,8.0
Toyota,Alphard,2019.0,32500.0,Black,2494.0,Automatic,7.0,641000000.0,Petrol,6.0
Daihatsu,Gran,2019.0,92500.0,Silver,1298.0,Manual,9.0,115000000.0,Petrol,6.0
Daihatsu,Gran,2021.0,77500.0,Silver,1298.0,Manual,9.0,129000000.0,Petrol,4.0
Mini,Countryman,2019.0,7500.0,Red,1998.0,Automatic,5.0,430000000.0,Petrol,6.0
Mercedes,Benz,2019.0,17500.0,Black,1991.0,Automatic,6.0,875000000.0,Petrol,6.0
Audi,A4,2013.0,47500.0,White,1798.0,Automatic,5.0,155000000.0,Petrol,12.0
Bmw,Z4,2022.0,2500.0,Blue,2993.0,Automatic,2.0,1395000000.0,Petrol,3.0
Nissan,X,2018.0,62500.0,Silver,2488.0,Automatic,7.0,205000000.0,Petrol,7.0
Hyundai,Palisade,2024.0,7500.0,White,2199.0,Automatic,7.0,875000000.0,Diesel,1.0
Toyota,Vellfire,2022.0,2500.0,White,2494.0,Automatic,7.0,975000000.0,Petrol,3.0
Mercedes,Benz,2022.0,22500.0,White,1991.0,Automatic,7.0,875000000.0,Petrol,3.0
Mercedes,Benz,2021.0,17500.0,Black,1991.0,Automatic,7.0,775000000.0,Petrol,4.0
Toyota,Fortuner,2017.0,132500.0,Black,2393.0,Automatic,7.0,318000000.0,Diesel,8.0
Mazda,Cx,2023.0,32500.0,Red,2488.0,Automatic,7.0,655000000.0,Petrol,2.0
Honda,Br,2017.0,112500.0,Grey,1497.0,Automatic,7.0,155000000.0,Petrol,8.0
Daihatsu,Gran,2018.0,82500.0,White,1298.0,Manual,2.0,78000000.0,Petrol,7.0
Bmw,320I,2015.0,77500.0,Black,1997.0,Automatic,5.0,259000000.0,Petrol,10.0
Bmw,X5,2017.0,47500.0,White,2979.0,Automatic,5.0,540000000.0,Petrol,8.0
Mercedes,Benz,2018.0,37500.0,White,1991.0,Automatic,5.0,549000000.0,Petrol,7.0
Mercedes,Benz,2017.0,37500.0,Black,1991.0,Automatic,5.0,515000000.0,Petrol,8.0
Mercedes,Benz,2018.0,12500.0,Black,2999.0,Automatic,5.0,1195000000.0,Petrol,7.0
Toyota,Alphard,2024.0,2500.0,Black,2500.0,Automatic,7.0,1750000000.0,Hybrid,1.0
Toyota,Avanza,2023.0,7500.0,Grey,1496.0,Automatic,7.0,218000000.0,Petrol,2.0
Toyota,Camry,2001.0,152500.0,Blue,2995.0,Automatic,5.0,400000000.0,Petrol,24.0
Honda,Civic,2019.0,87500.0,Black,1498.0,Automatic,5.0,350000000.0,Petrol,6.0
Toyota,Kijang,2016.0,142500.0,Black,1998.0,Manual,8.0,199000000.0,Petrol,9.0
Toyota,Vellfire,2018.0,32500.0,Grey,2494.0,Automatic,7.0,619000000.0,Petrol,7.0
Chevrolet,Captiva,2016.0,102500.0,White,1998.0,Automatic,7.0,209000000.0,Diesel,9.0
Bmw,530I,2020.0,2500.0,Black,1998.0,Automatic,5.0,695000000.0,Petrol,5.0
Mercedes,Benz,2023.0,2500.0,Black,1991.0,Automatic,5.0,915000000.0,Petrol,2.0
Toyota,Fortuner,2024.0,2500.0,Black,2755.0,Automatic,7.0,550000000.0,Diesel,1.0
Bmw,X1,2018.0,37500.0,Silver,1499.0,Automatic,5.0,329000000.0,Petrol,7.0
Toyota,Voxy,2019.0,92500.0,Black,1986.0,Automatic,7.0,285000000.0,Petrol,6.0
Bmw,535I,2011.0,47500.0,Silver,2979.0,Automatic,5.0,448000000.0,Petrol,14.0
Wuling,Alvez,2023.0,17500.0,White,1485.0,Automatic,5.0,212000000.0,Petrol,2.0
Kia,Grand,2021.0,52500.0,White,2151.0,Automatic,11.0,567000000.0,Diesel,4.0
Honda,City,2022.0,32500.0,Silver,1498.0,Automatic,5.0,229000000.0,Petrol,3.0
Hyundai,Stargazer,2023.0,12500.0,Red,1497.0,Automatic,7.0,249000000.0,Petrol,2.0
Mercedes,Benz,2023.0,2500.0,Black,1999.0,Automatic,7.0,1170000000.0,Petrol,2.0
Mercedes,Benz,2022.0,7500.0,Black,1991.0,Automatic,5.0,910000000.0,Petrol,3.0
Lexus,Lx,2018.0,7500.0,Black,5663.0,Automatic,8.0,1780000000.0,Petrol,7.0
Toyota,Land,2019.0,27500.0,Black,4461.0,Automatic,8.0,1820000000.0,Diesel,6.0
Lexus,Es,2022.0,12500.0,Black,2487.0,Automatic,5.0,880000000.0,Hybrid,3.0
Nissan,Serena,2015.0,81000.0,Black,1997.0,Automatic,7.0,150000000.0,Petrol,10.0
Toyota,Alphard,2010.0,52000.0,Silver,2362.0,Automatic,7.0,220000000.0,Petrol,15.0
Mercedes,Benz,2019.0,32500.0,Black,2996.0,Automatic,5.0,795000000.0,Petrol,6.0
Lexus,Lx,2019.0,72500.0,Black,5663.0,Automatic,8.0,1575000000.0,Petrol,6.0
Lexus,Lx,2018.0,72500.0,Blue,5663.0,Automatic,8.0,1425000000.0,Petrol,7.0
Mercedes,Benz,2022.0,12500.0,Black,2999.0,Automatic,5.0,1850000000.0,Petrol,3.0
Daihatsu,Sigra,2024.0,2500.0,Silver,1197.0,Automatic,7.0,139000000.0,Petrol,1.0
Mercedes,Benz,2023.0,7500.0,Blue,1332.0,Automatic,5.0,775000000.0,Petrol,2.0
Toyota,Land,2018.0,47500.0,Black,4461.0,Automatic,8.0,1600000000.0,Diesel,7.0
Mini,Cooper,2012.0,12500.0,Red,1600.0,Automatic,4.0,310000000.0,Petrol,13.0
Toyota,Alphard,2015.0,67500.0,Black,2493.0,Automatic,7.0,425000000.0,Petrol,10.0
Mazda,Mx,2023.0,17500.0,Red,1998.0,Automatic,2.0,650000000.0,Petrol,2.0
Porsche,718,2017.0,2500.0,Red,1988.0,Automatic,2.0,1825000000.0,Petrol,8.0
Bmw,740Li,2018.0,17500.0,Grey,2998.0,Automatic,5.0,775000000.0,Petrol,7.0
Mercedes,Benz,2019.0,27500.0,White,1332.0,Automatic,5.0,435000000.0,Petrol,6.0
Bmw,520I,2023.0,7500.0,Black,1998.0,Automatic,5.0,795000000.0,Petrol,2.0
Mini,Countryman,2022.0,37500.0,Silver,1998.0,Automatic,5.0,595000000.0,Petrol,3.0
Hyundai,Palisade,2023.0,7500.0,Black,2199.0,Automatic,7.0,815000000.0,Diesel,2.0
Kia,Seltos,2021.0,22500.0,Blue,1353.0,Automatic,5.0,239000000.0,Petrol,4.0
Mercedes,Benz,2016.0,7500.0,Black,1991.0,Automatic,5.0,545000000.0,Petrol,9.0
Chevrolet,Trailblazer,2018.0,72500.0,Black,2499.0,Automatic,7.0,269000000.0,Diesel,7.0
Toyota,Vellfire,2022.0,22500.0,Black,2494.0,Automatic,7.0,915000000.0,Petrol,3.0
Honda,Wr,2022.0,7500.0,Black,1498.0,Automatic,5.0,249000000.0,Petrol,3.0
Nissan,Murano,2011.0,162500.0,White,3498.0,Automatic,5.0,125000000.0,Petrol,14.0
Honda,Hr,2018.0,32500.0,White,1799.0,Automatic,5.0,245000000.0,Petrol,7.0
Honda,Brio,2022.0,37500.0,Grey,1199.0,Automatic,5.0,157000000.0,Petrol,3.0
Toyota,Fortuner,2022.0,42500.0,White,2755.0,Automatic,7.0,494000000.0,Diesel,3.0
Mitsubishi,Pajero,2018.0,57500.0,Brown,2442.0,Automatic,7.0,382000000.0,Diesel,7.0
Honda,Brio,2018.0,77500.0,Black,1199.0,Automatic,5.0,142000000.0,Petrol,7.0
Toyota,Kijang,2024.0,12500.0,Silver,1987.0,Automatic,8.0,398000000.0,Petrol,1.0
Mitsubishi,Pajero,2023.0,22500.0,Black,2442.0,Automatic,7.0,550000000.0,Diesel,2.0
Ford,Mustang,2019.0,5999.0,Red,2261.0,Automatic,4.0,1150000000.0,Petrol,6.0
Toyota,Veloz,2023.0,32500.0,White,1496.0,Automatic,7.0,235000000.0,Petrol,2.0
Toyota,Alphard,2017.0,47500.0,White,2494.0,Automatic,7.0,590000000.0,Petrol,8.0
Mercedes,Benz,2017.0,12500.0,Black,1991.0,Automatic,5.0,500000000.0,Petrol,8.0
Lexus,Lx,2020.0,37500.0,Black,5663.0,Automatic,8.0,1800000000.0,Petrol,5.0
Lexus,Lx,2015.0,72500.0,Black,5663.0,Automatic,8.0,975000000.0,Petrol,10.0
Bmw,530I,2021.0,7500.0,Black,1998.0,Automatic,5.0,725000000.0,Petrol,4.0
Bmw,218I,2022.0,2500.0,White,1499.0,Automatic,5.0,530000000.0,Petrol,3.0
Toyota,Voxy,2020.0,22500.0,White,1986.0,Automatic,7.0,335000000.0,Petrol,5.0
Toyota,Kijang,2024.0,12500.0,Black,1987.0,Automatic,8.0,345000000.0,Petrol,1.0
Honda,City,2023.0,27500.0,Grey,1498.0,Automatic,5.0,249000000.0,Petrol,2.0
Toyota,Kijang,2022.0,37500.0,Black,2393.0,Automatic,7.0,455000000.0,Diesel,3.0
Bmw,218I,2023.0,17500.0,Grey,1499.0,Automatic,5.0,659000000.0,Petrol,2.0
Lexus,Rx,2023.0,7500.0,Black,2393.0,Automatic,5.0,1375000000.0,Petrol,2.0
Toyota,Vellfire,2018.0,67500.0,Black,2494.0,Automatic,7.0,599000000.0,Petrol,7.0
Mercedes,Benz,2011.0,27500.0,Silver,2996.0,Automatic,5.0,225000000.0,Petrol,14.0
Toyota,Alphard,2017.0,22500.0,Black,2493.0,Automatic,7.0,775000000.0,Petrol,8.0
Mercedes,Benz,2020.0,27500.0,White,1991.0,Automatic,7.0,735000000.0,Petrol,5.0
Mercedes,Benz,2017.0,12500.0,Black,3000.0,Automatic,5.0,550000000.0,Petrol,8.0
Wuling,Almaz,2019.0,52500.0,White,1451.0,Automatic,7.0,158000000.0,Petrol,6.0
Toyota,Vellfire,2016.0,72500.0,Black,2493.0,Automatic,7.0,575000000.0,Petrol,9.0
Toyota,Kijang,2019.0,77500.0,Grey,1998.0,Automatic,8.0,245000000.0,Petrol,6.0
Mitsubishi,Pajero,2014.0,42500.0,White,2998.0,Automatic,7.0,205000000.0,Petrol,11.0
Suzuki,Ertiga,2014.0,137500.0,White,1373.0,Automatic,7.0,118000000.0,Petrol,11.0
Honda,City,2022.0,32500.0,Black,1498.0,Automatic,5.0,238000000.0,Petrol,3.0
Toyota,Land,2012.0,22500.0,White,4461.0,Automatic,8.0,950000000.0,Diesel,13.0
Lexus,Lx,2016.0,42500.0,Black,5663.0,Automatic,8.0,1480000000.0,Petrol,9.0
Porsche,Boxster,2013.0,12500.0,Red,2706.0,Automatic,2.0,1250000000.0,Petrol,12.0
Bmw,520I,2022.0,7500.0,Black,1998.0,Automatic,5.0,740000000.0,Petrol,3.0
Ford,Focus,2012.0,82500.0,White,1999.0,Automatic,5.0,105000000.0,Petrol,13.0
Hyundai,H,2017.0,67500.0,Brown,2359.0,Automatic,7.0,220000000.0,Petrol,8.0
Jeep,Compass,2019.0,57500.0,Black,1368.0,Automatic,5.0,288000000.0,Petrol,6.0
Toyota,Harrier,2014.0,72500.0,Silver,1986.0,Automatic,5.0,265000000.0,Petrol,11.0
Nissan,Serena,2018.0,67500.0,White,1997.0,Automatic,7.0,180000000.0,Petrol,7.0
Toyota,Raize,2022.0,17500.0,White,998.0,Automatic,5.0,185000000.0,Petrol,3.0
Hyundai,Creta,2022.0,47500.0,Black,1497.0,Automatic,5.0,235000000.0,Petrol,3.0
Toyota,Kijang,2019.0,47500.0,Silver,1998.0,Automatic,8.0,235000000.0,Petrol,6.0
Mazda,Cx,2018.0,92500.0,Black,2488.0,Automatic,5.0,298000000.0,Petrol,7.0
Suzuki,Xl7,2022.0,12500.0,Orange,1500.0,Automatic,7.0,217000000.0,Petrol,3.0
Mercedes,Benz,2022.0,7500.0,White,1991.0,Automatic,5.0,915000000.0,Petrol,3.0
Mercedes,Benz,2019.0,17500.0,Black,1991.0,Automatic,5.0,580000000.0,Petrol,6.0
Nissan,Kicks,2022.0,32500.0,Red,1198.0,Automatic,5.0,260000000.0,Petrol,3.0
Toyota,Harrier,2016.0,97500.0,Black,1986.0,Automatic,5.0,263000000.0,Petrol,9.0
Land,Rover,2014.0,97500.0,White,2995.0,Automatic,5.0,739000000.0,Petrol,11.0
Mercedes,Benz,2022.0,12500.0,Black,1991.0,Automatic,7.0,830000000.0,Petrol,3.0
Mercedes,Benz,2023.0,7500.0,Black,2999.0,Automatic,7.0,1295000000.0,Petrol,2.0
Land,Rover,2017.0,32500.0,White,2995.0,Automatic,5.0,1750000000.0,Petrol,8.0
Honda,Hr,2023.0,32500.0,Black,1498.0,Automatic,5.0,331000000.0,Petrol,2.0
Daihatsu,Xenia,2022.0,52500.0,White,1329.0,Automatic,7.0,179000000.0,Petrol,3.0
Nissan,Livina,2019.0,52500.0,Silver,1499.0,Automatic,7.0,176000000.0,Petrol,6.0
Nissan,Elgrand,2014.0,87500.0,Black,2488.0,Automatic,7.0,255000000.0,Petrol,11.0
Kia,Sonet,2023.0,37500.0,White,1497.0,Automatic,5.0,239000000.0,Petrol,2.0
Toyota,Hiace,2025.0,2500.0,Silver,2755.0,Manual,12.0,749000000.0,Diesel,0.0
Mitsubishi,Pajero,2022.0,44000.0,Grey,2442.0,Automatic,7.0,465000000.0,Diesel,3.0
Hyundai,Santa,2024.0,2500.0,Black,2497.0,Automatic,6.0,760000000.0,Petrol,1.0
Toyota,Calya,2018.0,82500.0,Grey,1197.0,Automatic,7.0,127000000.0,Petrol,7.0
Toyota,Voxy,2020.0,57500.0,Black,1986.0,Automatic,7.0,384000000.0,Petrol,5.0
Toyota,Fortuner,2019.0,52500.0,Black,2393.0,Automatic,7.0,410000000.0,Diesel,6.0
Honda,Jazz,2018.0,37500.0,White,1497.0,Automatic,5.0,205000000.0,Petrol,7.0
Mini,Cabrio,2017.0,7500.0,Silver,1499.0,Automatic,4.0,530000000.0,Petrol,8.0
Mercedes,Benz,2016.0,7500.0,White,1596.0,Automatic,5.0,365000000.0,Petrol,9.0
Mercedes,Benz,2022.0,22500.0,Black,1496.0,Automatic,5.0,650000000.0,Petrol,3.0
Mercedes,Benz,2020.0,12500.0,Red,1991.0,Automatic,5.0,590000000.0,Petrol,5.0
Bmw,X7,2023.0,7500.0,Black,2998.0,Automatic,7.0,1775000000.0,Petrol,2.0
Toyota,Etios,2014.0,122500.0,White,1197.0,Manual,5.0,79000000.0,Petrol,11.0
Toyota,Fortuner,2023.0,57500.0,Black,2755.0,Automatic,7.0,489000000.0,Diesel,2.0
Honda,Brio,2022.0,22500.0,White,1199.0,Automatic,5.0,156000000.0,Petrol,3.0
Mitsubishi,Pajero,2023.0,7500.0,White,2442.0,Automatic,7.0,525000000.0,Diesel,2.0
Toyota,Kijang,2016.0,47000.0,Black,1998.0,Automatic,8.0,245000000.0,Petrol,9.0
Suzuki,Xl7,2023.0,27500.0,Brown,1500.0,Automatic,7.0,229000000.0,Hybrid,2.0
Toyota,Rush,2022.0,17500.0,White,1496.0,Automatic,7.0,229000000.0,Petrol,3.0
Hyundai,Creta,2022.0,67500.0,Red,1497.0,Automatic,5.0,215000000.0,Petrol,3.0
Suzuki,Jimny,2024.0,2500.0,Red,1500.0,Automatic,4.0,465000000.0,Petrol,1.0
Toyota,Kijang,2023.0,22500.0,Black,2393.0,Automatic,8.0,369000000.0,Diesel,2.0
Toyota,Fortuner,2021.0,32500.0,Black,2393.0,Automatic,7.0,475000000.0,Diesel,4.0
Toyota,Veloz,2022.0,42500.0,Black,1496.0,Automatic,7.0,225000000.0,Petrol,3.0
Mitsubishi,Pajero,2023.0,42500.0,White,2442.0,Automatic,7.0,516000000.0,Diesel,2.0
Toyota,Avanza,2023.0,27500.0,Grey,1496.0,Automatic,7.0,211000000.0,Petrol,2.0
Mazda,Cx,2023.0,17500.0,White,2488.0,Automatic,7.0,635000000.0,Petrol,2.0
Mercedes,Benz,2017.0,17500.0,Black,3000.0,Automatic,5.0,535000000.0,Petrol,8.0
Porsche,718,2019.0,7500.0,Red,1988.0,Automatic,2.0,1775000000.0,Petrol,6.0
Porsche,Cayman,2013.0,17500.0,White,2706.0,Automatic,2.0,1075000000.0,Petrol,12.0
Honda,Accord,2011.0,97500.0,Black,2354.0,Automatic,5.0,115000000.0,Petrol,14.0
Hyundai,Palisade,2023.0,12500.0,Black,2199.0,Automatic,7.0,845000000.0,Diesel,2.0
Toyota,Hiace,2018.0,102500.0,Silver,2494.0,Manual,16.0,475000000.0,Diesel,7.0
Mercedes,Benz,2020.0,42500.0,Black,1991.0,Automatic,5.0,915000000.0,Petrol,5.0
Hyundai,Creta,2023.0,27500.0,Grey,1497.0,Automatic,5.0,235000000.0,Petrol,2.0
Toyota,Kijang,2024.0,27500.0,Silver,1987.0,Automatic,8.0,399000000.0,Petrol,1.0
Hyundai,Creta,2022.0,32500.0,White,1497.0,Automatic,5.0,237000000.0,Petrol,3.0
Lexus,Lx,2023.0,2500.0,Black,3445.0,Automatic,4.0,3400000000.0,Petrol,2.0
Toyota,Alphard,2015.0,67500.0,Black,2493.0,Automatic,7.0,450000000.0,Petrol,10.0
Toyota,Land,2023.0,7500.0,Black,3346.0,Automatic,7.0,2195000000.0,Diesel,2.0
Toyota,Land,2023.0,2500.0,Black,3346.0,Automatic,7.0,2295000000.0,Diesel,2.0
Mercedes,Benz,2018.0,17500.0,Black,2143.0,Manual,14.0,950000000.0,Diesel,7.0
Toyota,Fortuner,2017.0,141000.0,Black,2393.0,Automatic,7.0,365000000.0,Diesel,8.0
Suzuki,Baleno,2020.0,82500.0,White,1373.0,Automatic,5.0,181000000.0,Petrol,5.0
Mercedes,Benz,2020.0,27500.0,Red,1991.0,Automatic,7.0,594000000.0,Petrol,5.0
Honda,Hr,2023.0,7500.0,Grey,1498.0,Automatic,5.0,284000000.0,Petrol,2.0
Toyota,Voxy,2018.0,107500.0,Black,1986.0,Automatic,7.0,235000000.0,Petrol,7.0
Mercedes,Benz,2019.0,7500.0,Black,1991.0,Automatic,4.0,499000000.0,Petrol,6.0
Lexus,Rx,2012.0,157500.0,Black,2672.0,Automatic,5.0,184000000.0,Petrol,13.0
Mini,Countryman,2020.0,47500.0,White,1499.0,Automatic,5.0,484000000.0,Petrol,5.0
Mazda,Cx,2023.0,7500.0,Black,2488.0,Automatic,5.0,376000000.0,Petrol,2.0
Toyota,Alphard,2013.0,122500.0,Black,2362.0,Automatic,7.0,245000000.0,Petrol,12.0
Mitsubishi,Xpander,2021.0,67500.0,Black,1499.0,Automatic,7.0,204000000.0,Petrol,4.0
Toyota,Vellfire,2013.0,87500.0,Black,2362.0,Automatic,7.0,241000000.0,Petrol,12.0
Honda,Cr,2017.0,87500.0,Silver,1997.0,Automatic,5.0,225000000.0,Petrol,8.0
Daihatsu,Xenia,2019.0,87500.0,Black,1329.0,Manual,7.0,137500000.0,Petrol,6.0
Toyota,Yaris,2017.0,102500.0,Red,1496.0,Automatic,5.0,125000000.0,Petrol,8.0
Toyota,Avanza,2021.0,77500.0,Black,1496.0,Manual,7.0,167500000.0,Petrol,4.0
Hyundai,Santa,2021.0,45000.0,Black,2359.0,Automatic,7.0,350000000.0,Petrol,4.0
Honda,Mobilio,2019.0,62500.0,White,1496.0,Automatic,7.0,147500000.0,Petrol,6.0
Mitsubishi,Xpander,2019.0,47000.0,Silver,1499.0,Manual,7.0,165000000.0,Petrol,6.0
Honda,Hr,2023.0,12500.0,Grey,1498.0,Automatic,5.0,281000000.0,Petrol,2.0
Mitsubishi,Xpander,2021.0,117500.0,Black,1499.0,Automatic,7.0,182000000.0,Petrol,4.0
Daihatsu,Terios,2016.0,87500.0,Silver,1495.0,Automatic,7.0,157000000.0,Petrol,9.0
Nissan,March,2015.0,47500.0,White,1198.0,Automatic,5.0,119000000.0,Petrol,10.0
Honda,Cr,2021.0,52500.0,Grey,1498.0,Automatic,5.0,372000000.0,Petrol,4.0
Honda,Cr,2019.0,82500.0,Grey,1498.0,Automatic,5.0,285000000.0,Petrol,6.0
Toyota,Alphard,2020.0,47500.0,Black,2494.0,Automatic,7.0,700000000.0,Petrol,5.0
Toyota,Voxy,2022.0,57500.0,Black,1986.0,Automatic,7.0,365000000.0,Petrol,3.0
Toyota,Kijang,2023.0,47500.0,White,1998.0,Automatic,7.0,432000000.0,Hybrid,2.0
Suzuki,Baleno,2017.0,57500.0,Blue,1373.0,Manual,5.0,128000000.0,Petrol,8.0
Hyundai,Stargazer,2023.0,22500.0,Silver,1497.0,Automatic,7.0,255900000.0,Petrol,2.0
Honda,Br,2016.0,72500.0,White,1497.0,Automatic,7.0,164000000.0,Petrol,9.0
Mitsubishi,Xpander,2019.0,67500.0,Grey,1499.0,Automatic,7.0,198000000.0,Petrol,6.0
Suzuki,Ignis,2019.0,52500.0,Blue,1197.0,Manual,5.0,118000000.0,Petrol,6.0
Honda,Hr,2018.0,92500.0,Grey,1497.0,Automatic,5.0,197000000.0,Petrol,7.0
Toyota,Calya,2021.0,87500.0,Silver,1197.0,Automatic,7.0,118000000.0,Petrol,4.0
Honda,Br,2016.0,77500.0,White,1497.0,Automatic,7.0,164000000.0,Petrol,9.0
Mercedes,Benz,2020.0,17500.0,Red,1332.0,Automatic,5.0,509000000.0,Petrol,5.0
Toyota,Avanza,2020.0,77500.0,Grey,1329.0,Automatic,7.0,148000000.0,Petrol,5.0
Toyota,Fortuner,2022.0,42500.0,Grey,2393.0,Automatic,7.0,425000000.0,Diesel,3.0
Toyota,Kijang,2023.0,52500.0,White,1998.0,Automatic,7.0,422000000.0,Hybrid,2.0
Daihatsu,Xenia,2023.0,72500.0,Grey,1329.0,Automatic,7.0,172000000.0,Petrol,2.0
Mazda,Cx,2016.0,87500.0,White,2488.0,Automatic,5.0,191000000.0,Petrol,9.0
Suzuki,Ignis,2019.0,57500.0,White,1197.0,Automatic,5.0,122000000.0,Petrol,6.0
Toyota,Fortuner,2018.0,52500.0,Grey,2393.0,Automatic,7.0,340000000.0,Diesel,7.0
Toyota,Rush,2019.0,82500.0,Silver,1495.0,Automatic,7.0,193000000.0,Petrol,6.0
Toyota,Fortuner,2020.0,77500.0,Black,2393.0,Automatic,7.0,393000000.0,Diesel,5.0
Mitsubishi,Pajero,2020.0,82500.0,White,2442.0,Automatic,7.0,361000000.0,Diesel,5.0
Suzuki,Xl7,2021.0,77500.0,Orange,1500.0,Automatic,7.0,202000000.0,Petrol,4.0
Honda,Brio,2019.0,92500.0,Silver,1199.0,Automatic,5.0,150000000.0,Petrol,6.0
Suzuki,Ertiga,2023.0,57500.0,White,1462.0,Automatic,7.0,175000000.0,Petrol,2.0
Honda,Cr,2016.0,62500.0,Grey,2354.0,Automatic,5.0,205000000.0,Petrol,9.0
Toyota,Alphard,2014.0,67500.0,Black,2362.0,Automatic,7.0,230000000.0,Petrol,11.0
Bmw,320I,2019.0,27500.0,White,1995.0,Automatic,5.0,345000000.0,Petrol,6.0
Suzuki,Grand,2024.0,7500.0,Grey,1462.0,Automatic,5.0,258000000.0,Hybrid,1.0
Honda,City,2022.0,32500.0,Orange,1498.0,Automatic,5.0,199000000.0,Petrol,3.0
Bmw,218I,2015.0,27500.0,Black,1499.0,Automatic,5.0,215000000.0,Petrol,10.0
Lexus,Rx,2012.0,57500.0,Black,2672.0,Automatic,5.0,230000000.0,Petrol,13.0
Peugeot,3008,2022.0,12500.0,Black,1598.0,Automatic,5.0,298000000.0,Petrol,3.0
Mercedes,Benz,2016.0,47500.0,Black,2143.0,Automatic,7.0,410000000.0,Diesel,9.0
Mercedes,Benz,2017.0,42500.0,Black,1596.0,Automatic,5.0,340000000.0,Petrol,8.0
Volvo,Xc40,2022.0,7500.0,Black,1500.0,Automatic,5.0,535000000.0,Hybrid,3.0
Chevrolet,Trax,2016.0,122500.0,Red,1399.0,Automatic,5.0,109000000.0,Petrol,9.0
Mazda,Cx,2019.0,47500.0,Black,2488.0,Automatic,5.0,280000000.0,Petrol,6.0
Volkswagen,Tiguan,2019.0,37500.0,Blue,1395.0,Automatic,5.0,272000000.0,Petrol,6.0
Toyota,Calya,2019.0,62500.0,White,1197.0,Automatic,7.0,119000000.0,Petrol,6.0
Toyota,Avanza,2015.0,127500.0,Silver,1495.0,Automatic,7.0,132000000.0,Petrol,10.0
Toyota,Veloz,2023.0,47500.0,Silver,1496.0,Automatic,7.0,222000000.0,Petrol,2.0
Honda,Jazz,2016.0,57500.0,Blue,1497.0,Automatic,5.0,185000000.0,Petrol,9.0
Toyota,Fortuner,2019.0,107500.0,Black,2393.0,Automatic,7.0,337000000.0,Diesel,6.0
Honda,Cr,2021.0,57500.0,Grey,1498.0,Automatic,5.0,364000000.0,Petrol,4.0
Daihatsu,Sirion,2022.0,82500.0,Red,1329.0,Automatic,5.0,161000000.0,Petrol,3.0
Toyota,Harrier,2007.0,182500.0,Grey,2362.0,Automatic,5.0,115000000.0,Petrol,18.0
Mercedes,Benz,2017.0,32500.0,White,1991.0,Automatic,5.0,365000000.0,Petrol,8.0
Honda,Cr,2022.0,37500.0,Black,1498.0,Automatic,5.0,382000000.0,Petrol,3.0
Toyota,Sienta,2018.0,92500.0,Black,1497.0,Automatic,7.0,155000000.0,Petrol,7.0
Bmw,X5,2017.0,72500.0,Black,2979.0,Automatic,5.0,395000000.0,Petrol,8.0
Bmw,X5,2022.0,27500.0,White,2998.0,Automatic,5.0,948000000.0,Petrol,3.0
Toyota,Sienta,2018.0,87500.0,Black,1497.0,Automatic,7.0,158000000.0,Petrol,7.0
Mercedes,Benz,2017.0,37500.0,Black,1991.0,Automatic,5.0,498000000.0,Petrol,8.0
Toyota,Sienta,2019.0,82500.0,Silver,1497.0,Automatic,7.0,185000000.0,Petrol,6.0
Bmw,520I,2018.0,17500.0,Black,1998.0,Automatic,5.0,445000000.0,Petrol,7.0
Nissan,Serena,2013.0,67500.0,Silver,1997.0,Automatic,7.0,135000000.0,Petrol,12.0
Honda,Hr,2017.0,52500.0,Grey,1497.0,Automatic,5.0,160000000.0,Petrol,8.0
Mitsubishi,Xpander,2021.0,117500.0,Black,1499.0,Automatic,7.0,185000000.0,Petrol,4.0
Toyota,Fortuner,2018.0,52500.0,Grey,2393.0,Automatic,7.0,335000000.0,Diesel,7.0
Honda,Hr,2018.0,87500.0,Grey,1497.0,Automatic,5.0,185000000.0,Petrol,7.0
Bmw,320I,2015.0,72500.0,Grey,1997.0,Automatic,5.0,260000000.0,Petrol,10.0
Lexus,Es,2024.0,12500.0,Silver,2487.0,Automatic,5.0,1100000000.0,Hybrid,1.0
Toyota,Kijang,2010.0,232500.0,Silver,2494.0,Automatic,8.0,185000000.0,Diesel,15.0
Mercedes,Benz,2012.0,32500.0,Black,5439.0,Automatic,5.0,2750000000.0,Petrol,13.0
Rolls,Royce,2024.0,2500.0,Black,6749.0,Automatic,5.0,11500000000.0,Petrol,1.0
Honda,Civic,2022.0,22500.0,Grey,1498.0,Automatic,5.0,420000000.0,Petrol,3.0
Mitsubishi,Xpander,2022.0,37500.0,Silver,1499.0,Automatic,7.0,230000000.0,Petrol,3.0
Toyota,Kijang,2023.0,17500.0,White,1998.0,Automatic,7.0,497000000.0,Hybrid,2.0
Mitsubishi,Xpander,2023.0,22500.0,White,1499.0,Automatic,7.0,285000000.0,Petrol,2.0
Mazda,Cx,2020.0,12500.0,White,1998.0,Automatic,5.0,328000000.0,Petrol,5.0
Mitsubishi,Xpander,2022.0,22500.0,Silver,1499.0,Automatic,7.0,240000000.0,Petrol,3.0
Toyota,Alphard,2024.0,2500.0,Black,2500.0,Automatic,7.0,1500000000.0,Petrol,1.0
Mitsubishi,Xpander,2021.0,52500.0,Grey,1499.0,Automatic,7.0,230000000.0,Petrol,4.0
Toyota,Vellfire,2024.0,2500.0,Black,2487.0,Automatic,7.0,1550000000.0,Hybrid,1.0
Toyota,Land,2022.0,12500.0,Grey,4461.0,Manual,5.0,1675000000.0,Diesel,3.0
Bmw,Z4,2023.0,2500.0,White,2993.0,Automatic,2.0,1430000000.0,Petrol,2.0
Honda,Civic,2023.0,22500.0,White,1498.0,Automatic,5.0,445000000.0,Petrol,2.0
Toyota,Fortuner,2020.0,47500.0,Black,2393.0,Automatic,7.0,435000000.0,Diesel,5.0
Toyota,Rush,2021.0,42500.0,Red,1495.0,Automatic,7.0,193000000.0,Petrol,4.0
Lexus,Lm,2022.0,22500.0,White,3456.0,Automatic,7.0,1350000000.0,Petrol,3.0
Daihatsu,Ayla,2019.0,92500.0,White,998.0,Manual,5.0,102000000.0,Petrol,6.0
Daihatsu,Gran,2019.0,67500.0,Silver,1298.0,Manual,9.0,115000000.0,Petrol,6.0
Toyota,Alphard,2023.0,12500.0,White,2500.0,Automatic,7.0,885000000.0,Petrol,2.0
Hyundai,Palisade,2022.0,52500.0,Black,2199.0,Automatic,7.0,810000000.0,Diesel,3.0
Toyota,Raize,2022.0,42500.0,White,998.0,Automatic,5.0,205000000.0,Petrol,3.0
Lexus,Nx,2018.0,57500.0,Grey,1998.0,Automatic,5.0,485000000.0,Petrol,7.0
Lexus,Rx,2023.0,7500.0,Grey,2393.0,Automatic,5.0,1400000000.0,Petrol,2.0
Hyundai,Creta,2023.0,42500.0,White,1497.0,Automatic,5.0,263000000.0,Petrol,2.0
Mercedes,Benz,2021.0,22500.0,Red,1332.0,Automatic,7.0,575000000.0,Petrol,4.0
Mercedes,Benz,2019.0,52500.0,White,1991.0,Automatic,5.0,527000000.0,Petrol,6.0
Toyota,Yaris,2015.0,82500.0,Black,1497.0,Automatic,5.0,123000000.0,Petrol,10.0
Mitsubishi,Xpander,2018.0,72500.0,Silver,1499.0,Automatic,7.0,190000000.0,Petrol,7.0
Toyota,Agya,2022.0,22500.0,Black,1197.0,Manual,5.0,129000000.0,Petrol,3.0
Mercedes,Benz,2020.0,32500.0,Red,1332.0,Automatic,5.0,567000000.0,Petrol,5.0
Toyota,Voxy,2022.0,47500.0,Black,1986.0,Automatic,7.0,365000000.0,Petrol,3.0
Toyota,Avanza,2020.0,97500.0,Red,1329.0,Automatic,7.0,169000000.0,Petrol,5.0
Honda,Br,2022.0,52500.0,Grey,1498.0,Automatic,7.0,230000000.0,Petrol,3.0
Suzuki,Ertiga,2020.0,82500.0,Black,1462.0,Manual,7.0,150000000.0,Petrol,5.0
Nissan,Serena,2013.0,142500.0,Silver,1997.0,Automatic,7.0,97000000.0,Petrol,12.0
Mercedes,Benz,2022.0,22500.0,White,1332.0,Automatic,7.0,610000000.0,Petrol,3.0
Mitsubishi,Pajero,2020.0,87500.0,White,2442.0,Automatic,7.0,356000000.0,Diesel,5.0
Chery,Tiggo,2023.0,27500.0,White,1998.0,Automatic,8.0,315000000.0,Petrol,2.0
Honda,Jazz,2016.0,92500.0,White,1497.0,Automatic,5.0,149000000.0,Petrol,9.0
Mercedes,Benz,2009.0,57500.0,Silver,1796.0,Automatic,5.0,125000000.0,Petrol,16.0
Ford,Fiesta,2014.0,92500.0,Red,1498.0,Automatic,5.0,83000000.0,Petrol,11.0
Toyota,Camry,2017.0,92500.0,Black,2494.0,Automatic,5.0,187000000.0,Petrol,8.0
Mazda,Cx,2014.0,52500.0,White,2488.0,Automatic,5.0,158000000.0,Petrol,11.0
Mitsubishi,Pajero,2021.0,17500.0,Black,2442.0,Automatic,7.0,438000000.0,Diesel,4.0
Hyundai,Palisade,2022.0,62500.0,Blue,2199.0,Automatic,7.0,635000000.0,Diesel,3.0
Honda,Accord,2015.0,102500.0,Black,2356.0,Automatic,5.0,155000000.0,Petrol,10.0
Volkswagen,Tiguan,2018.0,37500.0,Black,1395.0,Automatic,5.0,225000000.0,Petrol,7.0
Mercedes,Benz,2018.0,42500.0,Black,1991.0,Automatic,5.0,435000000.0,Petrol,7.0
Peugeot,3008,2022.0,27500.0,Black,1598.0,Automatic,5.0,305000000.0,Petrol,3.0
Wuling,Confero,2019.0,82500.0,Black,1485.0,Manual,8.0,82000000.0,Petrol,6.0
Volkswagen,Tiguan,2019.0,57500.0,White,1395.0,Automatic,5.0,230000000.0,Petrol,6.0
Toyota,Yaris,2015.0,72500.0,Grey,1497.0,Automatic,5.0,125000000.0,Petrol,10.0
Toyota,Harrier,2014.0,77500.0,White,1986.0,Automatic,5.0,260000000.0,Petrol,11.0
Toyota,Alphard,2011.0,47500.0,Black,2362.0,Automatic,7.0,189000000.0,Petrol,14.0
Mercedes,Benz,2018.0,12500.0,White,1991.0,Automatic,5.0,429000000.0,Petrol,7.0
Toyota,Alphard,2018.0,87500.0,Black,2494.0,Automatic,7.0,530000000.0,Petrol,7.0
Toyota,Hiace,2025.0,7500.0,Silver,2755.0,Manual,12.0,650000000.0,Diesel,0.0
Toyota,Land,2019.0,77500.0,Black,4461.0,Automatic,8.0,1550000000.0,Diesel,6.0
Mercedes,Benz,2017.0,42500.0,Black,1991.0,Automatic,5.0,368000000.0,Petrol,8.0
Toyota,Fortuner,2017.0,132500.0,White,2393.0,Automatic,7.0,300000000.0,Diesel,8.0
Toyota,Corolla,2021.0,47500.0,Black,1798.0,Automatic,5.0,265000000.0,Petrol,4.0
Toyota,Avanza,2022.0,47500.0,White,1496.0,Automatic,7.0,196000000.0,Petrol,3.0
Toyota,Agya,2019.0,42500.0,Grey,1197.0,Automatic,5.0,127000000.0,Petrol,6.0
Daihatsu,Terios,2021.0,87500.0,Silver,1496.0,Automatic,7.0,192000000.0,Petrol,4.0
Toyota,Yaris,2023.0,7500.0,Silver,1496.0,Automatic,5.0,315000000.0,Hybrid,2.0
Nissan,Serena,2013.0,62500.0,White,1997.0,Automatic,7.0,120000000.0,Petrol,12.0
Honda,City,2022.0,37500.0,White,1498.0,Automatic,5.0,215000000.0,Petrol,3.0
Honda,Br,2023.0,7500.0,White,1498.0,Automatic,7.0,225000000.0,Petrol,2.0
Mini,Countryman,2020.0,27500.0,White,1499.0,Automatic,5.0,484000000.0,Petrol,5.0
Toyota,Sienta,2016.0,67500.0,Silver,1497.0,Automatic,7.0,150000000.0,Petrol,9.0
Mitsubishi,Pajero,2021.0,47500.0,Black,2442.0,Automatic,7.0,440000000.0,Diesel,4.0
Honda,Hr,2016.0,52500.0,Silver,1497.0,Automatic,5.0,165000000.0,Petrol,9.0
Toyota,Kijang,2022.0,32500.0,White,1998.0,Automatic,7.0,470000000.0,Petrol,3.0
Honda,Cr,2021.0,42500.0,White,1498.0,Automatic,5.0,395000000.0,Petrol,4.0
Mazda,Cx,2021.0,12500.0,Black,1997.0,Automatic,6.0,285000000.0,Petrol,4.0
Mazda,Cx,2022.0,42500.0,Red,1998.0,Automatic,5.0,325000000.0,Petrol,3.0
Mitsubishi,Xpander,2022.0,22500.0,Black,1499.0,Automatic,7.0,225000000.0,Petrol,3.0
Mazda,2,2020.0,17500.0,Black,1496.0,Automatic,5.0,189000000.0,Petrol,5.0
Honda,Freed,2013.0,77500.0,White,1497.0,Automatic,7.0,138000000.0,Petrol,12.0
Nissan,Elgrand,2014.0,72500.0,Silver,2488.0,Automatic,7.0,225000000.0,Petrol,11.0
Toyota,Calya,2022.0,32500.0,Grey,1197.0,Automatic,7.0,125000000.0,Petrol,3.0
Toyota,Corolla,2014.0,72500.0,White,1798.0,Automatic,5.0,157000000.0,Petrol,11.0
Honda,City,2022.0,17500.0,White,1498.0,Automatic,5.0,210000000.0,Petrol,3.0
Toyota,Kijang,2017.0,62500.0,Black,1998.0,Automatic,8.0,203000000.0,Petrol,8.0
Daihatsu,Sigra,2022.0,32500.0,Red,1197.0,Automatic,7.0,121000000.0,Petrol,3.0
Honda,Mobilio,2018.0,82500.0,Black,1496.0,Automatic,7.0,155000000.0,Petrol,7.0
Mitsubishi,Xpander,2019.0,17500.0,Black,1499.0,Automatic,7.0,229000000.0,Petrol,6.0
Honda,Hr,2016.0,117500.0,White,1497.0,Automatic,5.0,150000000.0,Petrol,9.0
Bmw,735I,2023.0,7500.0,Grey,2998.0,Automatic,5.0,1795000000.0,Petrol,2.0
Lexus,Rx,2013.0,152500.0,White,2672.0,Automatic,5.0,235000000.0,Petrol,12.0
Toyota,Calya,2016.0,42500.0,Grey,1197.0,Automatic,7.0,103000000.0,Petrol,9.0
Chevrolet,Trax,2018.0,77500.0,Black,1364.0,Automatic,5.0,138000000.0,Petrol,7.0
Toyota,Raize,2022.0,42500.0,White,998.0,Automatic,5.0,175000000.0,Petrol,3.0
Toyota,Alphard,2013.0,97500.0,White,2362.0,Automatic,7.0,250000000.0,Petrol,12.0
Toyota,Alphard,2007.0,197500.0,Black,2362.0,Automatic,7.0,118000000.0,Petrol,18.0
Mazda,Cx,2015.0,87500.0,White,2488.0,Automatic,5.0,185000000.0,Petrol,10.0
Toyota,Avanza,2021.0,17500.0,Black,1329.0,Automatic,7.0,177000000.0,Petrol,4.0
Audi,A4,2013.0,82500.0,Silver,1798.0,Automatic,5.0,168000000.0,Petrol,12.0
Honda,Cr,2018.0,72500.0,Silver,1498.0,Automatic,5.0,293000000.0,Petrol,7.0
Honda,Civic,2016.0,72500.0,Black,1498.0,Automatic,5.0,240000000.0,Petrol,9.0
Volkswagen,Tiguan,2019.0,27500.0,Blue,1395.0,Automatic,5.0,267000000.0,Petrol,6.0
Toyota,Vellfire,2014.0,87500.0,White,2362.0,Automatic,7.0,268000000.0,Petrol,11.0
Mazda,Cx,2019.0,37500.0,Black,2488.0,Automatic,5.0,328000000.0,Petrol,6.0
Porsche,Panamera,2017.0,7500.0,Black,2894.0,Automatic,4.0,2238000000.0,Petrol,8.0
Honda,Jazz,2018.0,62500.0,Grey,1497.0,Automatic,5.0,205000000.0,Petrol,7.0
Honda,Br,2016.0,77500.0,White,1497.0,Automatic,7.0,158000000.0,Petrol,9.0
Daihatsu,Sigra,2021.0,52500.0,Grey,1197.0,Manual,7.0,118000000.0,Petrol,4.0
Honda,Freed,2010.0,147500.0,Grey,1497.0,Automatic,7.0,98000000.0,Petrol,15.0
Toyota,Vellfire,2016.0,87500.0,Black,2494.0,Automatic,7.0,475000000.0,Petrol,9.0
Mazda,Cx,2014.0,92500.0,White,2488.0,Automatic,5.0,168000000.0,Petrol,11.0
Lexus,Rx,2014.0,67500.0,Black,2672.0,Automatic,5.0,298000000.0,Petrol,11.0
Suzuki,Ertiga,2023.0,57500.0,White,1462.0,Automatic,7.0,178000000.0,Petrol,2.0
Suzuki,Baleno,2020.0,82500.0,White,1373.0,Automatic,5.0,178000000.0,Petrol,5.0
Toyota,Alphard,2020.0,52500.0,Black,2494.0,Automatic,7.0,690000000.0,Petrol,5.0
Mitsubishi,Pajero,2023.0,22500.0,Grey,2442.0,Automatic,7.0,452000000.0,Diesel,2.0
Toyota,Harrier,2010.0,137500.0,Black,2362.0,Automatic,5.0,159000000.0,Petrol,15.0
Honda,Mobilio,2016.0,72500.0,White,1496.0,Manual,7.0,105000000.0,Petrol,9.0
Toyota,Kijang,2023.0,37500.0,White,1998.0,Automatic,7.0,398000000.0,Hybrid,2.0
Honda,Hr,2016.0,107500.0,White,1497.0,Automatic,5.0,153000000.0,Petrol,9.0
Honda,Mobilio,2016.0,67500.0,White,1496.0,Automatic,7.0,113000000.0,Petrol,9.0
Nissan,Grand,2013.0,97500.0,Black,1498.0,Automatic,7.0,85000000.0,Petrol,12.0
Toyota,Vellfire,2013.0,92500.0,Black,2362.0,Automatic,7.0,241000000.0,Petrol,12.0
Toyota,Agya,2022.0,17500.0,Grey,1197.0,Automatic,5.0,127000000.0,Petrol,3.0
Toyota,Avanza,2020.0,52500.0,Black,1329.0,Automatic,7.0,148000000.0,Petrol,5.0
Mercedes,Benz,2012.0,32500.0,White,1796.0,Automatic,2.0,468000000.0,Petrol,13.0
Honda,Brio,2023.0,37500.0,Red,1199.0,Automatic,5.0,147000000.0,Petrol,2.0
Mitsubishi,Xpander,2021.0,67500.0,Black,1499.0,Automatic,7.0,204000000.0,Petrol,4.0
Bmw,X1,2016.0,37500.0,Brown,1499.0,Automatic,5.0,215000000.0,Petrol,9.0
Lexus,Rx,2012.0,157500.0,Black,2672.0,Automatic,5.0,186000000.0,Petrol,13.0
Mercedes,Benz,2019.0,57500.0,Black,1991.0,Automatic,5.0,532000000.0,Petrol,6.0
Mitsubishi,Xpander,2021.0,47500.0,Black,1499.0,Automatic,7.0,204000000.0,Petrol,4.0
Mitsubishi,Xforce,2023.0,17500.0,Grey,1499.0,Automatic,5.0,275000000.0,Petrol,2.0
Toyota,Fortuner,2021.0,32500.0,Black,2393.0,Automatic,7.0,423000000.0,Diesel,4.0
Toyota,Kijang,2017.0,62500.0,Black,1998.0,Automatic,8.0,211000000.0,Petrol,8.0
Toyota,Calya,2020.0,82500.0,Black,1197.0,Automatic,7.0,112000000.0,Petrol,5.0
Toyota,Voxy,2022.0,47500.0,White,1986.0,Automatic,7.0,365000000.0,Petrol,3.0
Toyota,Kijang,2023.0,42500.0,White,1998.0,Automatic,7.0,398000000.0,Hybrid,2.0
Honda,Jazz,2018.0,57500.0,Grey,1497.0,Automatic,5.0,205000000.0,Petrol,7.0
Toyota,Rush,2020.0,62500.0,Black,1495.0,Automatic,7.0,184000000.0,Petrol,5.0
Mitsubishi,Xpander,2020.0,57500.0,Black,1499.0,Automatic,7.0,200000000.0,Petrol,5.0
Nissan,X,2015.0,97500.0,Black,2488.0,Automatic,7.0,158000000.0,Petrol,10.0
Toyota,Avanza,2024.0,17500.0,White,1496.0,Automatic,7.0,250000000.0,Petrol,1.0
Toyota,Voxy,2018.0,92500.0,Black,1986.0,Automatic,7.0,268000000.0,Petrol,7.0
Toyota,Corolla,2010.0,117500.0,Black,1798.0,Automatic,5.0,107000000.0,Petrol,15.0
Bmw,530I,2023.0,7500.0,Black,1998.0,Automatic,5.0,1350000000.0,Petrol,2.0
Wuling,Almaz,2019.0,112500.0,Black,1451.0,Automatic,5.0,145000000.0,Petrol,6.0
Toyota,Sienta,2019.0,82800.0,Silver,1497.0,Automatic,7.0,190000000.0,Petrol,6.0
Hyundai,Stargazer,2023.0,22500.0,Grey,1497.0,Automatic,7.0,200000000.0,Petrol,2.0
Toyota,Veloz,2021.0,52500.0,Black,1496.0,Automatic,7.0,210000000.0,Petrol,4.0
Ferrari,488,2021.0,2500.0,Yellow,3902.0,Automatic,2.0,13500000000.0,Petrol,4.0
Mazda,Mx,2011.0,52500.0,Black,1999.0,Automatic,2.0,385000000.0,Petrol,14.0
Toyota,Alphard,2015.0,72500.0,White,2362.0,Automatic,7.0,465000000.0,Petrol,10.0
Gwm,Tank,2024.0,12500.0,Black,1998.0,Automatic,7.0,900000000.0,Petrol,1.0
Bmw,430I,2024.0,2500.0,White,1998.0,Automatic,4.0,1420000000.0,Petrol,1.0
Toyota,Alphard,2014.0,127500.0,Black,2362.0,Automatic,7.0,265000000.0,Petrol,11.0
Mitsubishi,Xpander,2022.0,32500.0,Silver,1499.0,Automatic,7.0,215000000.0,Petrol,3.0
Toyota,Avanza,2011.0,67500.0,Black,1298.0,Manual,7.0,90000000.0,Petrol,14.0
Mitsubishi,Colt,2012.0,172500.0,Black,1468.0,Manual,3.0,70000000.0,Petrol,13.0
Honda,Mobilio,2018.0,37500.0,White,1496.0,Automatic,7.0,140000000.0,Petrol,7.0
Toyota,Land,2024.0,12500.0,Black,3346.0,Automatic,5.0,2190000000.0,Diesel,1.0
Mazda,Cx,2021.0,37500.0,Grey,2488.0,Automatic,7.0,468000000.0,Petrol,4.0
Toyota,Agya,2022.0,32500.0,Yellow,1197.0,Automatic,5.0,130000000.0,Petrol,3.0
Mercedes,Benz,2017.0,27500.0,White,2996.0,Automatic,5.0,630000000.0,Petrol,8.0
Toyota,Calya,2024.0,12500.0,Silver,1197.0,Automatic,7.0,137500000.0,Petrol,1.0
Bmw,730Li,2017.0,32500.0,Grey,1998.0,Automatic,5.0,560000000.0,Petrol,8.0
Honda,Brio,2023.0,47500.0,Red,1199.0,Automatic,5.0,165000000.0,Petrol,2.0
Toyota,Voxy,2022.0,47500.0,White,1986.0,Automatic,7.0,379000000.0,Petrol,3.0
Hyundai,Stargazer,2022.0,27500.0,White,1497.0,Automatic,7.0,198000000.0,Petrol,3.0
Daihatsu,Rocky,2022.0,37500.0,White,1198.0,Automatic,5.0,170000000.0,Petrol,3.0
Honda,Odyssey,2014.0,102500.0,White,2356.0,Automatic,7.0,235000000.0,Petrol,11.0
Toyota,Veloz,2022.0,42500.0,White,1496.0,Automatic,7.0,209000000.0,Petrol,3.0
Chevrolet,Trax,2016.0,117500.0,Red,1399.0,Automatic,5.0,112000000.0,Petrol,9.0
Toyota,Fortuner,2021.0,67500.0,Black,2393.0,Automatic,7.0,429000000.0,Diesel,4.0
Toyota,Voxy,2019.0,72500.0,Black,1986.0,Automatic,7.0,275000000.0,Petrol,6.0
Ferrari,California,2015.0,2500.0,Red,3855.0,Automatic,4.0,4500000000.0,Petrol,10.0
Toyota,Sienta,2018.0,82500.0,White,1497.0,Automatic,7.0,170000000.0,Petrol,7.0
Nissan,Serena,2016.0,72500.0,Silver,1997.0,Automatic,7.0,160000000.0,Petrol,9.0
Suzuki,Baleno,2017.0,52500.0,Blue,1373.0,Manual,5.0,128000000.0,Petrol,8.0
Honda,City,2016.0,142500.0,Black,1497.0,Automatic,5.0,145000000.0,Petrol,9.0
Honda,Mobilio,2016.0,67600.0,Grey,1496.0,Automatic,7.0,132000000.0,Petrol,9.0
Toyota,Land,1982.0,202500.0,Blue,4230.0,Manual,5.0,275000000.0,Petrol,43.0
Toyota,Alphard,2012.0,97500.0,Black,2362.0,Automatic,7.0,195000000.0,Petrol,13.0
Mitsubishi,Pajero,2015.0,147500.0,White,2477.0,Automatic,7.0,190000000.0,Diesel,10.0
Mitsubishi,Xpander,2018.0,73135.0,Silver,1499.0,Automatic,7.0,185000000.0,Petrol,7.0
Honda,Mobilio,2019.0,67500.0,White,1496.0,Automatic,7.0,145000000.0,Petrol,6.0
Mercedes,Benz,2011.0,92500.0,Black,1796.0,Automatic,5.0,195000000.0,Petrol,14.0
Honda,Mobilio,2019.0,62500.0,White,1496.0,Automatic,7.0,135000000.0,Petrol,6.0
Mercedes,Benz,2014.0,27500.0,Black,2996.0,Automatic,5.0,475000000.0,Petrol,11.0
Bmw,740Li,2018.0,27500.0,Black,2998.0,Automatic,5.0,650000000.0,Petrol,7.0
Mercedes,Benz,2017.0,37500.0,Black,2996.0,Automatic,5.0,650000000.0,Petrol,8.0
Honda,Civic,2019.0,22500.0,Grey,1498.0,Automatic,5.0,307000000.0,Petrol,6.0
Honda,Wr,2024.0,17500.0,Grey,1498.0,Automatic,5.0,235000000.0,Petrol,1.0
Honda,Cr,2023.0,22500.0,Black,1993.0,Automatic,5.0,535000000.0,Hybrid,2.0
Mercedes,Benz,2019.0,17500.0,Black,1497.0,Automatic,5.0,365000000.0,Petrol,6.0
Toyota,Raize,2023.0,12500.0,Blue,998.0,Automatic,5.0,224000000.0,Petrol,2.0
Dodge,Journey,2013.0,37500.0,Black,2360.0,Automatic,7.0,168000000.0,Petrol,12.0
Daihatsu,Sigra,2023.0,22500.0,Grey,1197.0,Automatic,7.0,127500000.0,Petrol,2.0
Bmw,X1,2013.0,47500.0,Brown,1995.0,Automatic,5.0,149000000.0,Petrol,12.0
Honda,Cr,2018.0,72500.0,Silver,1498.0,Automatic,5.0,315000000.0,Petrol,7.0
Toyota,Fortuner,2016.0,97500.0,White,2393.0,Automatic,7.0,319000000.0,Diesel,9.0
Hyundai,Stargazer,2023.0,27500.0,Silver,1497.0,Automatic,7.0,209000000.0,Petrol,2.0
Honda,Cr,2019.0,82500.0,Grey,1498.0,Automatic,5.0,300000000.0,Petrol,6.0
Suzuki,Apv,2020.0,67500.0,Black,1500.0,Manual,2.0,90000000.0,Petrol,5.0
Honda,Hr,2022.0,42500.0,Black,1498.0,Automatic,5.0,310000000.0,Petrol,3.0
Mitsubishi,Xpander,2019.0,72500.0,Red,1499.0,Automatic,7.0,185000000.0,Petrol,6.0
Daihatsu,Sigra,2021.0,52500.0,Grey,1197.0,Manual,7.0,123000000.0,Petrol,4.0
Mitsubishi,Xpander,2018.0,22500.0,Silver,1499.0,Automatic,7.0,179000000.0,Petrol,7.0
Suzuki,Xl7,2022.0,22500.0,Brown,1500.0,Automatic,7.0,209000000.0,Petrol,3.0
Mitsubishi,Xpander,2025.0,2500.0,Silver,1499.0,Automatic,7.0,270000000.0,Petrol,0.0
Suzuki,Ignis,2017.0,112500.0,Red,1197.0,Automatic,5.0,102000000.0,Petrol,8.0
Mitsubishi,Xpander,2024.0,7500.0,Grey,1499.0,Automatic,7.0,262000000.0,Petrol,1.0
Honda,Cr,2005.0,122500.0,Silver,1997.0,Automatic,5.0,78000000.0,Petrol,20.0
Toyota,Yaris,2022.0,29390.0,Grey,1495.0,Automatic,5.0,220000000.0,Petrol,3.0
Honda,Brio,2024.0,17500.0,Black,1199.0,Automatic,5.0,182000000.0,Petrol,1.0
Toyota,Rush,2014.0,92500.0,White,1495.0,Automatic,5.0,122000000.0,Petrol,11.0
Toyota,Fortuner,2014.0,112500.0,Silver,2694.0,Automatic,7.0,209000000.0,Petrol,11.0
Mazda,Cx,2023.0,17500.0,Red,2488.0,Automatic,5.0,430000000.0,Petrol,2.0
Honda,Cr,2022.0,37500.0,Black,1498.0,Automatic,5.0,390000000.0,Petrol,3.0
Toyota,Calya,2022.0,12500.0,White,1197.0,Manual,7.0,125000000.0,Petrol,3.0
Audi,A5,2013.0,37500.0,Silver,1984.0,Automatic,5.0,449000000.0,Petrol,12.0
Mercedes,Benz,2018.0,47500.0,Black,1991.0,Automatic,5.0,4950000000.0,Petrol,7.0
Daihatsu,Terios,2021.0,86730.0,Silver,1496.0,Automatic,7.0,189000000.0,Petrol,4.0
Lexus,Rx,2021.0,42500.0,White,1998.0,Automatic,5.0,812000000.0,Petrol,4.0
Subaru,Legacy,2010.0,42500.0,Yellow,1994.0,Automatic,5.0,99000000.0,Petrol,15.0
Honda,Wr,2024.0,17500.0,Red,1498.0,Automatic,5.0,220000000.0,Petrol,1.0
Honda,Mobilio,2015.0,67500.0,Black,1496.0,Automatic,7.0,129000000.0,Petrol,10.0
Mitsubishi,Xpander,2024.0,12500.0,Grey,1499.0,Automatic,7.0,266000000.0,Petrol,1.0
Mercedes,Benz,2015.0,42500.0,White,2996.0,Automatic,5.0,365000000.0,Petrol,10.0
Honda,Brio,2024.0,17500.0,Black,1199.0,Automatic,5.0,175000000.0,Petrol,1.0
Honda,Accord,2008.0,62500.0,Grey,2354.0,Automatic,5.0,99000000.0,Petrol,17.0
Suzuki,Xl7,2021.0,37500.0,Grey,1500.0,Automatic,7.0,205000000.0,Petrol,4.0
Honda,Odyssey,2016.0,92500.0,Black,2356.0,Automatic,7.0,240000000.0,Petrol,9.0
Toyota,Camry,2014.0,97500.0,Black,2494.0,Automatic,5.0,145000000.0,Petrol,11.0
Toyota,Voxy,2018.0,112500.0,Black,1986.0,Automatic,7.0,235000000.0,Petrol,7.0
Toyota,Calya,2019.0,57500.0,Silver,1197.0,Automatic,7.0,110000000.0,Petrol,6.0
Bmw,520I,2022.0,2500.0,Blue,1998.0,Automatic,5.0,695000000.0,Petrol,3.0
Honda,Brio,2018.0,22500.0,Red,1199.0,Manual,5.0,123000000.0,Petrol,7.0
Lexus,Lx,2023.0,2500.0,Black,3445.0,Automatic,4.0,3100000000.0,Petrol,2.0
Toyota,Vellfire,2019.0,197500.0,White,2494.0,Automatic,7.0,607000000.0,Petrol,6.0
Nissan,X,2015.0,97500.0,Black,2488.0,Automatic,7.0,153000000.0,Petrol,10.0
Daihatsu,Gran,2013.0,363548.0,White,1495.0,Manual,3.0,69500000.0,Petrol,12.0
Bmw,740Li,2018.0,22500.0,Black,2998.0,Automatic,5.0,650000000.0,Petrol,7.0
Hyundai,Creta,2022.0,77500.0,Black,1497.0,Automatic,5.0,185000000.0,Petrol,3.0
Nissan,X,2016.0,72500.0,Grey,2488.0,Automatic,7.0,170000000.0,Petrol,9.0
Toyota,Vellfire,2014.0,67500.0,Black,2362.0,Automatic,7.0,195000000.0,Petrol,11.0
Jeep,Wrangler,2020.0,12500.0,White,1995.0,Automatic,4.0,1495000000.0,Petrol,5.0
Toyota,Avanza,2012.0,52500.0,Grey,1495.0,Manual,7.0,118000000.0,Petrol,13.0
Mitsubishi,Pajero,2021.0,32500.0,Black,2442.0,Automatic,7.0,510000000.0,Diesel,4.0
Bmw,530I,2019.0,37500.0,White,1998.0,Automatic,5.0,545000000.0,Petrol,6.0
Honda,Accord,2011.0,32500.0,Black,2354.0,Automatic,5.0,179000000.0,Petrol,14.0
Bmw,520I,2018.0,17500.0,Black,1998.0,Automatic,5.0,500000000.0,Petrol,7.0
Nissan,Serena,2016.0,67500.0,White,1997.0,Automatic,7.0,149000000.0,Petrol,9.0
Mitsubishi,Xpander,2018.0,72500.0,Grey,1499.0,Automatic,7.0,165000000.0,Petrol,7.0
Toyota,Voxy,2019.0,57500.0,Black,1986.0,Automatic,7.0,265000000.0,Petrol,6.0
Mazda,Biante,2015.0,92500.0,White,1997.0,Automatic,7.0,135000000.0,Petrol,10.0
Hyundai,Stargazer,2023.0,42500.0,Grey,1497.0,Automatic,7.0,223000000.0,Petrol,2.0
Toyota,Raize,2022.0,32500.0,Blue,998.0,Automatic,5.0,181000000.0,Petrol,3.0
Honda,Jazz,2014.0,132500.0,Blue,1497.0,Automatic,5.0,165000000.0,Petrol,11.0
Bmw,X6,2010.0,47500.0,White,4395.0,Automatic,4.0,510000000.0,Petrol,15.0
Hyundai,Creta,2022.0,37500.0,White,1497.0,Automatic,5.0,259000000.0,Petrol,3.0
Toyota,Raize,2021.0,62500.0,Silver,998.0,Automatic,5.0,191000000.0,Petrol,4.0
Nissan,X,2018.0,72500.0,Black,2488.0,Automatic,7.0,184000000.0,Petrol,7.0
Hyundai,Creta,2022.0,32500.0,Red,1497.0,Automatic,5.0,255000000.0,Petrol,3.0
Toyota,Alphard,2018.0,57500.0,Black,2494.0,Automatic,7.0,513000000.0,Petrol,7.0
Toyota,Alphard,2021.0,47500.0,White,2494.0,Automatic,7.0,825000000.0,Petrol,4.0
Suzuki,Xl7,2021.0,37500.0,White,1500.0,Automatic,7.0,201000000.0,Petrol,4.0
Mitsubishi,Xpander,2023.0,22500.0,Black,1499.0,Automatic,7.0,211000000.0,Petrol,2.0
Toyota,Veloz,2022.0,27500.0,Black,1496.0,Automatic,7.0,215000000.0,Petrol,3.0
Mercedes,Benz,2022.0,15999.0,Grey,1496.0,Automatic,5.0,635000000.0,Petrol,3.0
Toyota,Yaris,2021.0,37500.0,Black,1496.0,Automatic,5.0,199000000.0,Petrol,4.0
Toyota,Kijang,2016.0,82500.0,Silver,2393.0,Automatic,8.0,306000000.0,Diesel,9.0
Nissan,Serena,2019.0,67500.0,Black,1997.0,Automatic,7.0,220000000.0,Petrol,6.0
Toyota,Corolla,2015.0,102500.0,Black,1798.0,Automatic,5.0,165000000.0,Petrol,10.0
Hyundai,Creta,2022.0,67500.0,White,1497.0,Automatic,5.0,220000000.0,Petrol,3.0
Toyota,Fortuner,2021.0,52500.0,Grey,2393.0,Automatic,7.0,445000000.0,Diesel,4.0
Mazda,Cx,2018.0,67500.0,Black,2488.0,Automatic,5.0,275000000.0,Petrol,7.0
Toyota,Kijang,2023.0,77500.0,Black,1998.0,Automatic,7.0,405000000.0,Hybrid,2.0
Toyota,Land,2024.0,2500.0,White,3346.0,Automatic,7.0,2099000000.0,Diesel,1.0
Toyota,Camry,2021.0,57500.0,Black,2487.0,Automatic,5.0,300000000.0,Petrol,4.0
Daihatsu,Sigra,2016.0,87500.0,Silver,1197.0,Automatic,7.0,95000000.0,Petrol,9.0
Toyota,Corolla,2023.0,32500.0,White,1798.0,Automatic,5.0,359000000.0,Hybrid,2.0
Hyundai,Stargazer,2022.0,32500.0,Grey,1497.0,Automatic,7.0,209000000.0,Petrol,3.0
Jeep,Gladiator,2020.0,2500.0,Brown,3604.0,Automatic,5.0,1699000000.0,Petrol,5.0
Toyota,Raize,2022.0,62500.0,Blue,998.0,Automatic,5.0,188000000.0,Petrol,3.0
Toyota,Calya,2021.0,37500.0,Silver,1197.0,Automatic,7.0,123000000.0,Petrol,4.0
Toyota,Yaris,2023.0,22500.0,White,1496.0,Automatic,5.0,325000000.0,Hybrid,2.0
Bmw,330I,2021.0,17500.0,Black,1998.0,Automatic,5.0,609000000.0,Petrol,4.0
Kia,Seltos,2020.0,47500.0,Black,1353.0,Automatic,5.0,205000000.0,Petrol,5.0
Honda,Cr,2019.0,62500.0,Grey,1498.0,Automatic,5.0,330000000.0,Petrol,6.0
Mercedes,Benz,2020.0,37500.0,Grey,1332.0,Automatic,7.0,449000000.0,Petrol,5.0
Nissan,X,2016.0,92500.0,Black,2488.0,Automatic,7.0,155000000.0,Petrol,9.0
Daihatsu,Terios,2016.0,87500.0,Black,1495.0,Automatic,7.0,132000000.0,Petrol,9.0
Mercedes,Benz,2011.0,97500.0,Grey,1796.0,Automatic,5.0,130000000.0,Petrol,14.0
Mazda,Biante,2014.0,62500.0,White,1997.0,Automatic,7.0,130000000.0,Petrol,11.0
Bmw,X3,2022.0,22500.0,White,1998.0,Automatic,5.0,639000000.0,Petrol,3.0
Mazda,Cx,2021.0,32500.0,Black,2488.0,Automatic,7.0,450000000.0,Petrol,4.0
Mercedes,Benz,2022.0,2500.0,Black,1999.0,Automatic,5.0,777000000.0,Petrol,3.0
Honda,Mobilio,2016.0,37500.0,Grey,1496.0,Manual,7.0,115000000.0,Petrol,9.0
Mercedes,Benz,2017.0,32500.0,Black,1991.0,Automatic,5.0,500000000.0,Petrol,8.0
Suzuki,Ignis,2022.0,32500.0,Orange,1197.0,Automatic,5.0,148000000.0,Petrol,3.0
Toyota,Veloz,2021.0,72500.0,Silver,1496.0,Automatic,7.0,210000000.0,Petrol,4.0
Mazda,Cx,2023.0,2500.0,Black,2488.0,Automatic,5.0,460000000.0,Petrol,2.0
Mazda,Cx,2023.0,2500.0,Red,2488.0,Automatic,5.0,435000000.0,Petrol,2.0
Bmw,520I,2020.0,17500.0,White,1998.0,Automatic,5.0,570000000.0,Petrol,5.0
Toyota,Avanza,2021.0,57500.0,Black,1329.0,Automatic,7.0,151000000.0,Petrol,4.0
Bmw,730Li,2020.0,27500.0,Grey,1998.0,Automatic,5.0,999000000.0,Petrol,5.0
Honda,Brio,2022.0,17500.0,White,1199.0,Automatic,5.0,147000000.0,Petrol,3.0
Suzuki,Xl7,2020.0,47500.0,Grey,1500.0,Automatic,7.0,195000000.0,Petrol,5.0
Toyota,Calya,2018.0,77500.0,Black,1197.0,Automatic,7.0,102000000.0,Petrol,7.0
Bmw,730Li,2019.0,12500.0,Black,1998.0,Automatic,5.0,855000000.0,Petrol,6.0
Toyota,Calya,2022.0,27500.0,Black,1197.0,Automatic,7.0,120000000.0,Petrol,3.0
Honda,Hr,2021.0,42500.0,Grey,1497.0,Automatic,5.0,217000000.0,Petrol,4.0
Honda,Mobilio,2021.0,32500.0,Black,1496.0,Automatic,7.0,174000000.0,Petrol,4.0
Toyota,Land,2014.0,77500.0,Black,4461.0,Automatic,8.0,975000000.0,Diesel,11.0
Toyota,Alphard,2018.0,67500.0,Black,2494.0,Automatic,7.0,558000000.0,Petrol,7.0
Bmw,330I,2022.0,12500.0,Black,1998.0,Automatic,5.0,713000000.0,Petrol,3.0
Honda,Cr,2017.0,122500.0,Silver,1498.0,Automatic,5.0,275000000.0,Petrol,8.0
Suzuki,Sx4,2019.0,32500.0,Black,1500.0,Automatic,5.0,176000000.0,Petrol,6.0
Mitsubishi,Xpander,2021.0,42500.0,Grey,1499.0,Automatic,7.0,227000000.0,Petrol,4.0
Toyota,Calya,2022.0,27500.0,Black,1197.0,Automatic,7.0,125000000.0,Petrol,3.0
Toyota,Camry,2018.0,67500.0,Black,2494.0,Automatic,5.0,198000000.0,Petrol,7.0
Bmw,X1,2013.0,112500.0,Brown,1995.0,Automatic,5.0,199000000.0,Diesel,12.0
Toyota,Veloz,2022.0,25090.0,White,1496.0,Automatic,7.0,217000000.0,Petrol,3.0
Toyota,Fortuner,2019.0,57500.0,Black,2393.0,Automatic,7.0,379000000.0,Diesel,6.0
Toyota,Kijang,2018.0,92500.0,Black,1998.0,Automatic,8.0,215000000.0,Petrol,7.0
Mercedes,Benz,2014.0,42500.0,Grey,1595.0,Automatic,5.0,245000000.0,Petrol,11.0
Suzuki,Grand,2010.0,102500.0,Grey,1995.0,Manual,5.0,105000000.0,Petrol,15.0
Honda,Cr,2017.0,62500.0,Red,1498.0,Automatic,5.0,275000000.0,Petrol,8.0
Toyota,Raize,2022.0,37500.0,White,998.0,Automatic,5.0,189000000.0,Petrol,3.0
Honda,Hr,2018.0,62500.0,Grey,1497.0,Automatic,5.0,185000000.0,Petrol,7.0
Toyota,Kijang,2019.0,82500.0,Grey,1998.0,Automatic,8.0,220000000.0,Petrol,6.0
Honda,City,2021.0,57500.0,Orange,1498.0,Automatic,5.0,206000000.0,Petrol,4.0
Nissan,X,2015.0,107500.0,Black,2488.0,Automatic,7.0,155000000.0,Petrol,10.0
Lexus,Lx,2022.0,7500.0,Grey,3445.0,Automatic,7.0,2650000000.0,Petrol,3.0
Daihatsu,Sirion,2021.0,42500.0,Red,1329.0,Automatic,5.0,155000000.0,Petrol,4.0
Hyundai,Santa,2018.0,72500.0,White,2359.0,Automatic,7.0,240000000.0,Petrol,7.0
Toyota,Kijang,2019.0,77500.0,Black,1998.0,Automatic,8.0,234000000.0,Petrol,6.0
Toyota,Veloz,2022.0,22500.0,White,1496.0,Automatic,7.0,217000000.0,Petrol,3.0
Toyota,Calya,2023.0,17500.0,Brown,1197.0,Automatic,7.0,138000000.0,Petrol,2.0
Toyota,Alphard,2020.0,52500.0,Black,2494.0,Automatic,7.0,750000000.0,Petrol,5.0
Nissan,X,2017.0,77500.0,Black,2488.0,Automatic,7.0,179000000.0,Petrol,8.0
Lexus,Lx,2023.0,22500.0,Black,3445.0,Automatic,7.0,3250000000.0,Petrol,2.0
Honda,Civic,2017.0,92500.0,Black,1498.0,Automatic,5.0,260000000.0,Petrol,8.0
Toyota,Yaris,2012.0,92500.0,Grey,1497.0,Manual,5.0,109000000.0,Petrol,13.0
Toyota,Alphard,2012.0,102500.0,White,2362.0,Automatic,7.0,229000000.0,Petrol,13.0
Honda,Cr,2022.0,37500.0,Black,1498.0,Automatic,5.0,395000000.0,Petrol,3.0
Toyota,Voxy,2022.0,57500.0,Black,1986.0,Automatic,7.0,375000000.0,Petrol,3.0
Toyota,Corolla,2017.0,97500.0,Black,1798.0,Automatic,5.0,185000000.0,Petrol,8.0
Toyota,Voxy,2019.0,47500.0,Black,1986.0,Automatic,7.0,250000000.0,Petrol,6.0
Honda,Br,2022.0,72500.0,White,1498.0,Automatic,7.0,211000000.0,Petrol,3.0
Wuling,Alvez,2024.0,12500.0,Grey,1485.0,Automatic,5.0,199000000.0,Petrol,1.0
Hyundai,Creta,2022.0,47500.0,Grey,1497.0,Automatic,5.0,233000000.0,Petrol,3.0
Bmw,X1,2021.0,32500.0,Black,1499.0,Automatic,5.0,428000000.0,Petrol,4.0
Toyota,Corolla,2023.0,7500.0,White,1798.0,Automatic,5.0,449000000.0,Hybrid,2.0
Hyundai,Creta,2024.0,2500.0,White,1497.0,Automatic,5.0,319000000.0,Petrol,1.0
Mercedes,Benz,2019.0,32500.0,White,1991.0,Automatic,7.0,775000000.0,Petrol,6.0
Honda,Hr,2023.0,22500.0,Black,1498.0,Automatic,5.0,330000000.0,Petrol,2.0
Mercedes,Benz,2018.0,22500.0,Black,1991.0,Automatic,5.0,440000000.0,Petrol,7.0
Mercedes,Benz,2018.0,22500.0,White,1595.0,Automatic,5.0,335000000.0,Petrol,7.0
Toyota,Kijang,2018.0,92500.0,Black,1998.0,Automatic,8.0,235000000.0,Petrol,7.0
Mitsubishi,Xpander,2019.0,42000.0,White,1499.0,Automatic,7.0,185000000.0,Petrol,6.0
Mini,Cooper,2014.0,42000.0,Yellow,2000.0,Automatic,4.0,395000000.0,Petrol,11.0
Suzuki,Karimun,2015.0,81000.0,Silver,998.0,Manual,5.0,70000000.0,Petrol,10.0
Bmw,X5,2020.0,40000.0,White,2998.0,Automatic,5.0,890000000.0,Petrol,5.0
Mazda,Cx,2014.0,82500.0,White,2488.0,Automatic,5.0,138000000.0,Petrol,11.0
Dfsk,Glory,2024.0,37500.0,White,1498.0,Automatic,7.0,175000000.0,Petrol,1.0
Toyota,Agya,2024.0,7500.0,White,1200.0,Automatic,5.0,148000000.0,Petrol,1.0
Mercedes,Benz,2023.0,12500.0,Grey,1496.0,Automatic,5.0,660000000.0,Petrol,2.0
Toyota,Agya,2024.0,7500.0,Red,1200.0,Automatic,5.0,149000000.0,Petrol,1.0
Toyota,Alphard,2018.0,52500.0,Black,2494.0,Automatic,7.0,635000000.0,Petrol,7.0
Mercedes,Benz,2016.0,47500.0,Black,2143.0,Automatic,7.0,375000000.0,Diesel,9.0
Mazda,Cx,2023.0,7500.0,Red,3283.0,Automatic,5.0,639000000.0,Hybrid,2.0
Toyota,Alphard,2019.0,47500.0,Black,2494.0,Automatic,7.0,685000000.0,Petrol,6.0
Mercedes,Benz,2018.0,37500.0,Black,1991.0,Automatic,5.0,418000000.0,Petrol,7.0
Mercedes,Benz,2021.0,7500.0,Black,2143.0,Manual,8.0,1550000000.0,Diesel,4.0
Toyota,Raize,2021.0,57500.0,Yellow,998.0,Automatic,5.0,197000000.0,Petrol,4.0
Honda,Brio,2019.0,92500.0,Grey,1199.0,Automatic,5.0,156000000.0,Petrol,6.0
Bmw,X1,2018.0,32500.0,Black,1499.0,Automatic,5.0,299000000.0,Petrol,7.0
Hyundai,Creta,2023.0,12500.0,Grey,1497.0,Automatic,5.0,255000000.0,Petrol,2.0
Mini,Clubman,2019.0,2500.0,Silver,1500.0,Automatic,5.0,495000000.0,Petrol,6.0
Daihatsu,Sigra,2022.0,27500.0,Red,1197.0,Automatic,7.0,121000000.0,Petrol,3.0
Mercedes,Benz,2017.0,22500.0,White,1991.0,Automatic,2.0,875000000.0,Petrol,8.0
Toyota,Fortuner,2016.0,97500.0,White,2393.0,Automatic,7.0,310000000.0,Diesel,9.0
Mini,Cooper,2019.0,12500.0,Black,2000.0,Automatic,4.0,695000000.0,Petrol,6.0
Ferrari,488,2020.0,2500.0,Grey,3902.0,Automatic,2.0,14000000000.0,Petrol,5.0
Ferrari,Gtc4,2019.0,2500.0,Yellow,3855.0,Automatic,4.0,9500000000.0,Petrol,6.0
Ferrari,488,2018.0,12500.0,Black,3902.0,Automatic,2.0,8500000000.0,Petrol,7.0
Ferrari,488,2020.0,1600.0,Grey,3902.0,Automatic,2.0,13000000000.0,Petrol,5.0
Porsche,911,2014.0,2500.0,Black,3800.0,Automatic,2.0,4250000000.0,Petrol,11.0
Mercedes,Benz,2022.0,17500.0,White,3982.0,Automatic,7.0,6500000000.0,Petrol,3.0
Maserati,Ghibli,2019.0,14400.0,White,2979.0,Automatic,5.0,1100000000.0,Petrol,6.0
Mercedes,Benz,2020.0,14500.0,Black,3982.0,Automatic,5.0,5900000000.0,Petrol,5.0
Bentley,Continental,2011.0,7500.0,White,5998.0,Automatic,4.0,3250000000.0,Petrol,14.0
Porsche,911,2014.0,17500.0,Yellow,3800.0,Automatic,2.0,5600000000.0,Petrol,11.0
Porsche,911,2019.0,12500.0,White,3996.0,Automatic,2.0,7890000000.0,Petrol,6.0
Porsche,911,2019.0,2500.0,Silver,3996.0,Automatic,2.0,7500000000.0,Petrol,6.0
Porsche,Cayman,2013.0,15600.0,Yellow,2706.0,Automatic,2.0,1380000000.0,Petrol,12.0
Lexus,Lm,2021.0,32500.0,Black,3456.0,Automatic,4.0,1300000000.0,Petrol,4.0
Bmw,M4,2023.0,2500.0,Grey,2993.0,Automatic,2.0,3650000000.0,Petrol,2.0
Mclaren,650S,2014.0,12500.0,Orange,3799.0,Automatic,2.0,4850000000.0,Petrol,11.0
Mclaren,765Lt,2021.0,2500.0,Green,3994.0,Automatic,2.0,12500000000.0,Petrol,4.0
Mercedes,Benz,2019.0,12500.0,Black,2999.0,Automatic,5.0,1700000000.0,Petrol,6.0
Rolls,Royce,2016.0,57500.0,Black,6592.0,Automatic,4.0,7500000000.0,Petrol,9.0
Bmw,M3,2021.0,2100.0,Grey,2979.0,Automatic,5.0,1950000000.0,Petrol,4.0
Porsche,911,2016.0,2500.0,White,3996.0,Automatic,2.0,8950000000.0,Petrol,9.0
Porsche,911,2019.0,2100.0,Silver,3996.0,Automatic,2.0,8500000000.0,Petrol,6.0
Mercedes,Benz,2023.0,2500.0,Black,2925.0,Automatic,5.0,4669000000.0,Diesel,2.0
Mclaren,600Lt,2019.0,2500.0,Red,3799.0,Automatic,2.0,6500000000.0,Petrol,6.0
Porsche,911,2014.0,2900.0,Grey,3800.0,Automatic,2.0,4250000000.0,Petrol,11.0
Porsche,718,2020.0,7500.0,Red,1988.0,Automatic,2.0,1950000000.0,Petrol,5.0
Toyota,Kijang,2015.0,87500.0,Silver,1998.0,Automatic,8.0,205000000.0,Petrol,10.0
Honda,City,2017.0,77500.0,Black,1497.0,Automatic,5.0,168000000.0,Petrol,8.0
Honda,Hr,2016.0,82500.0,Black,1497.0,Automatic,5.0,161000000.0,Petrol,9.0
Toyota,Fortuner,2010.0,137500.0,Silver,2694.0,Automatic,7.0,145000000.0,Petrol,15.0
Suzuki,Xl7,2022.0,17500.0,Black,1500.0,Manual,7.0,177000000.0,Petrol,3.0
Toyota,Fortuner,2018.0,67500.0,Black,2393.0,Automatic,7.0,360000000.0,Diesel,7.0
Porsche,911,2017.0,12500.0,Grey,2981.0,Automatic,2.0,2800000000.0,Petrol,8.0
Volkswagen,Tiguan,2014.0,82500.0,Black,1390.0,Automatic,5.0,135000000.0,Petrol,11.0
Bmw,530I,2023.0,2500.0,Black,1998.0,Automatic,5.0,870000000.0,Petrol,2.0
Land,Rover,2018.0,17500.0,Black,2995.0,Automatic,5.0,1100000000.0,Petrol,7.0
Porsche,Cayman,2013.0,7500.0,Yellow,2706.0,Automatic,2.0,1300000000.0,Petrol,12.0
Honda,Jazz,2013.0,142500.0,Grey,1497.0,Automatic,5.0,133000000.0,Petrol,12.0
Toyota,Calya,2020.0,43300.0,Grey,1197.0,Automatic,7.0,128000000.0,Petrol,5.0
Hyundai,H,2018.0,52500.0,Grey,2359.0,Automatic,9.0,265000000.0,Petrol,7.0
Mercedes,Benz,2022.0,7500.0,Black,1991.0,Automatic,7.0,1185000000.0,Petrol,3.0
Honda,Hr,2021.0,47510.0,Grey,1497.0,Automatic,5.0,219000000.0,Petrol,4.0
Honda,Hr,2021.0,30207.0,Black,1497.0,Automatic,5.0,220000000.0,Petrol,4.0
Honda,Hr,2021.0,51698.0,Black,1497.0,Automatic,5.0,220000000.0,Petrol,4.0
Honda,Br,2021.0,41636.0,White,1498.0,Automatic,7.0,194000000.0,Petrol,4.0
Honda,Br,2022.0,46142.0,Black,1498.0,Automatic,7.0,224000000.0,Petrol,3.0
Honda,Brio,2022.0,21963.0,White,1199.0,Automatic,5.0,149000000.0,Petrol,3.0
Hyundai,Staria,2021.0,57500.0,Black,2199.0,Automatic,7.0,510000000.0,Diesel,4.0
Mercedes,Benz,2019.0,22500.0,Red,1332.0,Automatic,5.0,549000000.0,Petrol,6.0
Mitsubishi,Xpander,2024.0,7500.0,Black,1499.0,Automatic,7.0,275000000.0,Petrol,1.0
Mitsubishi,Pajero,2023.0,32500.0,Black,2442.0,Automatic,7.0,505000000.0,Diesel,2.0
Mazda,2,2013.0,87500.0,White,1498.0,Automatic,5.0,95000000.0,Petrol,12.0
Toyota,Veloz,2021.0,17500.0,Silver,1496.0,Automatic,7.0,230000000.0,Petrol,4.0
Toyota,Kijang,2024.0,27500.0,White,1987.0,Automatic,8.0,440000000.0,Petrol,1.0
Honda,Cr,2016.0,32500.0,White,2354.0,Automatic,5.0,215000000.0,Petrol,9.0
Mazda,Cx,2019.0,77500.0,Black,2488.0,Automatic,5.0,278000000.0,Petrol,6.0
Toyota,Camry,2018.0,67500.0,Black,2494.0,Automatic,5.0,227000000.0,Petrol,7.0
Toyota,Yaris,2015.0,72500.0,Black,1497.0,Automatic,5.0,132000000.0,Petrol,10.0
Toyota,Hilux,2025.0,2500.0,Grey,2393.0,Automatic,5.0,456000000.0,Diesel,0.0
Land,Rover,2014.0,22500.0,Black,2995.0,Automatic,5.0,945000000.0,Petrol,11.0
Toyota,Alphard,2013.0,137500.0,Black,2362.0,Automatic,7.0,229000000.0,Petrol,12.0
Mercedes,Benz,2021.0,7500.0,Black,1991.0,Automatic,7.0,1050000000.0,Petrol,4.0
Mercedes,Benz,2016.0,47500.0,Black,1991.0,Automatic,5.0,315000000.0,Petrol,9.0
Mercedes,Benz,2017.0,37500.0,Grey,1595.0,Automatic,5.0,305000000.0,Petrol,8.0
Hyundai,Stargazer,2023.0,17500.0,Grey,1497.0,Automatic,7.0,230000000.0,Petrol,2.0
Bmw,320I,2021.0,32500.0,White,1995.0,Automatic,5.0,473000000.0,Petrol,4.0
Daihatsu,Sigra,2022.0,30535.0,Red,1197.0,Automatic,7.0,120000000.0,Petrol,3.0
Honda,Br,2017.0,72500.0,White,1497.0,Automatic,7.0,162000000.0,Petrol,8.0
Honda,Brio,2013.0,122500.0,Silver,1339.0,Automatic,5.0,90000000.0,Petrol,12.0
Mercedes,Benz,2013.0,27500.0,White,1991.0,Automatic,4.0,485000000.0,Petrol,12.0
Toyota,Rush,2015.0,57500.0,Grey,1495.0,Manual,5.0,145000000.0,Petrol,10.0
Nissan,March,2017.0,92500.0,White,1198.0,Automatic,5.0,100000000.0,Petrol,8.0
Toyota,Sienta,2021.0,57500.0,White,1497.0,Automatic,7.0,190000000.0,Petrol,4.0
Toyota,Fortuner,2022.0,42500.0,Grey,2393.0,Automatic,7.0,443000000.0,Diesel,3.0
Toyota,Voxy,2021.0,57500.0,Black,1986.0,Automatic,7.0,302000000.0,Petrol,4.0
Mitsubishi,Xpander,2024.0,12500.0,White,1499.0,Automatic,7.0,255000000.0,Petrol,1.0
Honda,Brio,2022.0,17500.0,Silver,1199.0,Automatic,5.0,148000000.0,Petrol,3.0
Toyota,Veloz,2023.0,7500.0,Black,1496.0,Automatic,7.0,222000000.0,Petrol,2.0
Toyota,Sienta,2017.0,42500.0,Orange,1497.0,Automatic,7.0,146000000.0,Petrol,8.0
Bmw,520I,2023.0,2500.0,Black,1998.0,Automatic,5.0,795000000.0,Petrol,2.0
Bmw,X5,2024.0,2500.0,Black,2998.0,Automatic,5.0,1485000000.0,Petrol,1.0
Mercedes,Benz,2019.0,37500.0,Black,1991.0,Automatic,5.0,527000000.0,Petrol,6.0
Suzuki,Ignis,2019.0,53325.0,Grey,1197.0,Automatic,5.0,129000000.0,Petrol,6.0
Toyota,Alphard,2022.0,17500.0,Black,2494.0,Automatic,7.0,808000000.0,Petrol,3.0
Bmw,X5,2022.0,27500.0,Black,2998.0,Automatic,5.0,885000000.0,Petrol,3.0
Mercedes,Benz,2017.0,22500.0,Black,1991.0,Automatic,5.0,569000000.0,Petrol,8.0
Mercedes,Benz,2019.0,32500.0,Black,1991.0,Automatic,5.0,535000000.0,Petrol,6.0
Toyota,Camry,2017.0,57500.0,Black,2494.0,Automatic,5.0,249000000.0,Petrol,8.0
Toyota,Raize,2021.0,32500.0,Gold,998.0,Automatic,5.0,189000000.0,Petrol,4.0
Hyundai,Creta,2023.0,22500.0,Red,1497.0,Automatic,5.0,271000000.0,Petrol,2.0
Toyota,Fortuner,2018.0,67500.0,White,2393.0,Automatic,7.0,362000000.0,Diesel,7.0
Suzuki,Swift,2016.0,47500.0,Black,1372.0,Automatic,5.0,139000000.0,Petrol,9.0
Toyota,Alphard,2017.0,47500.0,White,2494.0,Automatic,7.0,475000000.0,Petrol,8.0
Suzuki,Ertiga,2021.0,52415.0,White,1462.0,Automatic,7.0,180000000.0,Petrol,4.0
Hyundai,Palisade,2023.0,37500.0,Black,2199.0,Automatic,7.0,790000000.0,Diesel,2.0
Toyota,Rush,2014.0,87500.0,White,1495.0,Automatic,5.0,115000000.0,Petrol,11.0
Toyota,Camry,2018.0,67500.0,Black,2494.0,Automatic,5.0,220000000.0,Petrol,7.0
Mercedes,Benz,2011.0,97500.0,Grey,1796.0,Automatic,5.0,128000000.0,Petrol,14.0
Toyota,Veloz,2022.0,72500.0,Silver,1496.0,Automatic,7.0,210000000.0,Petrol,3.0
Toyota,Avanza,2020.0,97500.0,Maroon,1329.0,Automatic,7.0,169000000.0,Petrol,5.0
Fiat,500C,2015.0,12500.0,Yellow,1368.0,Automatic,5.0,288000000.0,Petrol,10.0
Bmw,520I,2013.0,72500.0,Brown,1997.0,Automatic,5.0,248000000.0,Petrol,12.0
Suzuki,Katana,1990.0,2500.0,Blue,970.0,Manual,5.0,60000000.0,Petrol,35.0
Toyota,Raize,2021.0,37500.0,White,998.0,Automatic,5.0,183000000.0,Petrol,4.0
Toyota,Harrier,2014.0,82500.0,White,1986.0,Automatic,5.0,288000000.0,Petrol,11.0
Toyota,Fortuner,2013.0,137500.0,Black,2494.0,Automatic,7.0,227000000.0,Diesel,12.0
Toyota,Corolla,2009.0,92500.0,Black,1794.0,Automatic,5.0,97000000.0,Petrol,16.0
Chevrolet,Trax,2017.0,57500.0,Red,1399.0,Automatic,5.0,135000000.0,Petrol,8.0
Honda,Br,2022.0,37500.0,Silver,1498.0,Automatic,7.0,215000000.0,Petrol,3.0
Toyota,Camry,2017.0,87500.0,Black,2494.0,Automatic,5.0,215000000.0,Petrol,8.0
Honda,Hr,2022.0,37500.0,White,1498.0,Automatic,5.0,320000000.0,Petrol,3.0
Toyota,Calya,2021.0,67500.0,White,1197.0,Automatic,7.0,115000000.0,Petrol,4.0
Honda,Br,2022.0,27500.0,Black,1498.0,Automatic,7.0,220000000.0,Petrol,3.0
Toyota,Veloz,2022.0,27500.0,Silver,1496.0,Automatic,7.0,223000000.0,Petrol,3.0
Toyota,Avanza,2017.0,67500.0,Silver,1496.0,Automatic,7.0,144000000.0,Petrol,8.0
Toyota,Alphard,2014.0,72500.0,White,2362.0,Automatic,7.0,295000000.0,Petrol,11.0
Bmw,318I,1989.0,87500.0,Black,1766.0,Manual,5.0,1500000000.0,Petrol,36.0
Toyota,Alphard,2017.0,97500.0,White,2494.0,Automatic,7.0,565000000.0,Petrol,8.0
Mercedes,Benz,2019.0,32500.0,White,1991.0,Automatic,7.0,850000000.0,Petrol,6.0
Toyota,Kijang,2021.0,42500.0,Black,1998.0,Automatic,8.0,260000000.0,Petrol,4.0
Bmw,M4,2018.0,12500.0,Blue,2993.0,Automatic,4.0,1550000000.0,Petrol,7.0
Toyota,Fortuner,2022.0,62500.0,Black,2755.0,Automatic,7.0,496000000.0,Diesel,3.0
Toyota,Alphard,2022.0,22500.0,Black,2494.0,Automatic,7.0,825000000.0,Petrol,3.0
Bmw,X5,2017.0,42500.0,White,2979.0,Automatic,5.0,510000000.0,Petrol,8.0
Lexus,Es,2024.0,2500.0,Silver,2487.0,Automatic,5.0,980000000.0,Hybrid,1.0
Honda,Cr,2005.0,122500.0,Silver,1997.0,Manual,5.0,88000000.0,Petrol,20.0
Toyota,Calya,2021.0,62500.0,White,1197.0,Automatic,7.0,110000000.0,Petrol,4.0
Honda,Cr,2013.0,102500.0,White,2354.0,Automatic,5.0,140000000.0,Petrol,12.0
Toyota,Yaris,2021.0,27500.0,Orange,1496.0,Automatic,5.0,185000000.0,Petrol,4.0
Mazda,Rx,2011.0,67500.0,Black,1308.0,Automatic,4.0,245000000.0,Petrol,14.0
Toyota,Fortuner,2010.0,132500.0,Silver,2694.0,Automatic,7.0,145000000.0,Petrol,15.0
Suzuki,Ertiga,2024.0,7500.0,Silver,1462.0,Automatic,7.0,175000000.0,Petrol,1.0
Bmw,X5,2019.0,12500.0,White,2998.0,Automatic,5.0,775000000.0,Petrol,6.0
Bmw,Z4,2024.0,2500.0,Grey,2993.0,Automatic,2.0,1475000000.0,Petrol,1.0
Ford,Mustang,2021.0,2500.0,Black,2264.0,Automatic,4.0,1150000000.0,Petrol,4.0
Mercedes,Benz,2019.0,27500.0,Black,2996.0,Automatic,7.0,885000000.0,Petrol,6.0
Mercedes,Benz,2015.0,17500.0,White,2996.0,Automatic,5.0,535000000.0,Petrol,10.0
Toyota,Agya,2021.0,27500.0,Grey,1197.0,Automatic,5.0,125000000.0,Petrol,4.0
Toyota,Kijang,2017.0,77500.0,Black,1998.0,Automatic,8.0,229000000.0,Petrol,8.0
Toyota,Vellfire,2017.0,77500.0,White,2494.0,Automatic,7.0,475000000.0,Petrol,8.0
Jeep,Wrangler,2014.0,67500.0,White,2985.0,Automatic,5.0,875000000.0,Petrol,11.0
Nissan,Serena,2015.0,107500.0,Grey,1997.0,Automatic,7.0,145000000.0,Petrol,10.0
Suzuki,Baleno,2019.0,77500.0,White,1373.0,Automatic,5.0,161000000.0,Petrol,6.0
Mercedes,Benz,2011.0,97500.0,Grey,1796.0,Automatic,5.0,130000000.0,Petrol,14.0
Bmw,X3,2011.0,112500.0,White,1995.0,Automatic,5.0,199000000.0,Diesel,14.0
Suzuki,Ertiga,2023.0,27500.0,Black,1462.0,Automatic,7.0,190000000.0,Hybrid,2.0
Mercedes,Benz,2014.0,37500.0,Black,2996.0,Automatic,5.0,545000000.0,Petrol,11.0
Suzuki,Ertiga,2020.0,82500.0,Black,1462.0,Manual,7.0,164000000.0,Petrol,5.0
Suzuki,Baleno,2023.0,32500.0,Black,1462.0,Automatic,5.0,188000000.0,Petrol,2.0
Ford,Ecosport,2014.0,132500.0,Grey,1499.0,Automatic,5.0,99000000.0,Petrol,11.0
Suzuki,Xl7,2023.0,14836.0,Grey,1500.0,Automatic,7.0,193000000.0,Petrol,2.0
Hyundai,Stargazer,2022.0,40717.0,Black,1497.0,Automatic,7.0,196000000.0,Petrol,3.0
Suzuki,Ertiga,2024.0,7500.0,Silver,1462.0,Automatic,7.0,192000000.0,Petrol,1.0
Toyota,Calya,2022.0,7871.0,Black,1197.0,Automatic,7.0,132000000.0,Petrol,3.0
Nissan,Grand,2015.0,78368.0,Grey,1498.0,Automatic,7.0,107000000.0,Petrol,10.0
Daihatsu,Sigra,2024.0,8376.0,Black,1197.0,Automatic,7.0,130000000.0,Petrol,1.0
Honda,Hr,2016.0,82500.0,Black,1497.0,Automatic,5.0,155000000.0,Petrol,9.0
Honda,Br,2022.0,17500.0,White,1498.0,Automatic,7.0,225000000.0,Petrol,3.0
Honda,Brio,2019.0,92500.0,Silver,1199.0,Automatic,5.0,156000000.0,Petrol,6.0
Toyota,Corolla,2020.0,52500.0,White,1798.0,Automatic,5.0,280000000.0,Petrol,5.0
Honda,Br,2022.0,32500.0,Black,1498.0,Automatic,7.0,220000000.0,Petrol,3.0
Hyundai,Stargazer,2023.0,32500.0,Grey,1497.0,Automatic,7.0,175000000.0,Petrol,2.0
Honda,City,2022.0,32500.0,Black,1498.0,Automatic,5.0,205000000.0,Petrol,3.0
Mercedes,Benz,2023.0,7500.0,White,2999.0,Automatic,7.0,1295000000.0,Petrol,2.0
Honda,Civic,2019.0,47500.0,Black,1498.0,Automatic,5.0,305000000.0,Petrol,6.0
Nissan,Livina,2019.0,37500.0,Red,1499.0,Automatic,7.0,165000000.0,Petrol,6.0
Honda,Wr,2023.0,17500.0,Red,1498.0,Automatic,5.0,225000000.0,Petrol,2.0
Toyota,Fortuner,2022.0,52500.0,Black,2755.0,Automatic,7.0,465000000.0,Diesel,3.0
Mitsubishi,Xforce,2024.0,17500.0,White,1499.0,Automatic,5.0,279000000.0,Petrol,1.0
Toyota,Fortuner,2024.0,12500.0,Black,2755.0,Automatic,7.0,539000000.0,Diesel,1.0
Toyota,Fortuner,2024.0,12500.0,White,2755.0,Automatic,7.0,539000000.0,Diesel,1.0
Chery,Omoda,2023.0,27500.0,Black,1498.0,Automatic,5.0,215000000.0,Petrol,2.0
Jeep,Wrangler,2020.0,22500.0,Black,2000.0,Automatic,5.0,1450000000.0,Petrol,5.0
Jeep,Wrangler,2019.0,12500.0,Black,2000.0,Automatic,5.0,1495000000.0,Petrol,6.0
Jeep,Gladiator,2023.0,7500.0,Grey,3604.0,Automatic,5.0,1895000000.0,Petrol,2.0
Mercedes,Benz,2023.0,12500.0,Black,1991.0,Automatic,5.0,825000000.0,Petrol,2.0
Jeep,Wrangler,2012.0,47500.0,Black,3604.0,Automatic,5.0,850000000.0,Petrol,13.0
Mitsubishi,Eterna,1993.0,82500.0,Green,1998.0,Automatic,5.0,65000000.0,Petrol,32.0
Toyota,Camry,2022.0,47500.0,Black,2487.0,Automatic,5.0,410000000.0,Petrol,3.0
Mitsubishi,Pajero,2022.0,22500.0,Black,2442.0,Automatic,7.0,479000000.0,Diesel,3.0
Honda,Hr,2024.0,17500.0,White,1498.0,Automatic,5.0,325000000.0,Petrol,1.0
Honda,Br,2024.0,17500.0,Grey,1498.0,Automatic,7.0,249000000.0,Petrol,1.0
Mitsubishi,Pajero,2023.0,47500.0,Black,2442.0,Automatic,7.0,565000000.0,Diesel,2.0
Mitsubishi,Xpander,2021.0,47500.0,Black,1499.0,Automatic,7.0,160000000.0,Petrol,4.0
Toyota,Veloz,2021.0,19905.0,Silver,1496.0,Automatic,7.0,230000000.0,Petrol,4.0
Honda,Br,2022.0,52500.0,Grey,1498.0,Automatic,7.0,216000000.0,Petrol,3.0
Toyota,Voxy,2021.0,62500.0,White,1986.0,Automatic,7.0,325000000.0,Petrol,4.0
Honda,Br,2016.0,72500.0,White,1497.0,Automatic,7.0,159000000.0,Petrol,9.0
Toyota,Yaris,2021.0,27500.0,Orange,1496.0,Automatic,5.0,192000000.0,Petrol,4.0
Mini,Coupe,2013.0,17500.0,Red,1598.0,Automatic,2.0,365000000.0,Petrol,12.0
Bmw,528I,2016.0,37500.0,Black,1997.0,Automatic,5.0,296000000.0,Petrol,9.0
Honda,Hr,2019.0,37500.0,Grey,1497.0,Automatic,5.0,202000000.0,Petrol,6.0
Hyundai,Santa,2023.0,47500.0,White,2497.0,Automatic,7.0,406000000.0,Petrol,2.0
Toyota,Voxy,2019.0,52500.0,Black,1986.0,Automatic,7.0,272000000.0,Petrol,6.0
Toyota,Raize,2021.0,37500.0,Black,998.0,Automatic,5.0,185000000.0,Petrol,4.0
Mazda,Cx,2018.0,82500.0,White,2488.0,Automatic,5.0,265000000.0,Petrol,7.0
Toyota,Kijang,2023.0,22500.0,White,1998.0,Automatic,7.0,497000009.0,Hybrid,2.0
Toyota,Alphard,2022.0,27500.0,White,2494.0,Automatic,7.0,795000000.0,Petrol,3.0
Mitsubishi,Pajero,2022.0,12500.0,Black,2477.0,Automatic,7.0,410000000.0,Diesel,3.0
Honda,Hr,2020.0,47500.0,Black,1497.0,Automatic,5.0,220000000.0,Petrol,5.0
Honda,Br,2023.0,22500.0,Grey,1498.0,Automatic,7.0,220000000.0,Petrol,2.0
Toyota,Veloz,2021.0,17500.0,Silver,1496.0,Automatic,7.0,225000000.0,Petrol,4.0
Hyundai,Palisade,2022.0,32500.0,Blue,2199.0,Automatic,7.0,594000000.0,Diesel,3.0
Toyota,Veloz,2022.0,17500.0,Silver,1496.0,Automatic,7.0,224000000.0,Petrol,3.0
Hyundai,Palisade,2021.0,32500.0,Blue,2199.0,Automatic,7.0,658000000.0,Diesel,4.0
Mitsubishi,Xpander,2023.0,27500.0,White,1499.0,Automatic,7.0,245000000.0,Petrol,2.0
Toyota,Kijang,2024.0,12500.0,White,1987.0,Automatic,8.0,459000000.0,Hybrid,1.0
Honda,Br,2023.0,32500.0,Grey,1498.0,Automatic,7.0,197000000.0,Petrol,2.0
Toyota,Kijang,2021.0,62500.0,Silver,1998.0,Automatic,8.0,250000000.0,Petrol,4.0
Toyota,Avanza,2023.0,2500.0,White,1496.0,Automatic,7.0,210000000.0,Petrol,2.0
Suzuki,Ertiga,2018.0,72500.0,Grey,1373.0,Automatic,7.0,135000000.0,Petrol,7.0
Toyota,Veloz,2023.0,37500.0,Silver,1496.0,Automatic,7.0,230000000.0,Petrol,2.0
Mitsubishi,Pajero,2023.0,32500.0,Black,2442.0,Automatic,7.0,525000000.0,Diesel,2.0
Mitsubishi,Pajero,2018.0,117500.0,White,2442.0,Automatic,7.0,334000000.0,Diesel,7.0
Mazda,Cx,2019.0,22500.0,Black,2488.0,Automatic,7.0,363000000.0,Petrol,6.0
Mitsubishi,Pajero,2023.0,32500.0,Black,2442.0,Automatic,7.0,545000000.0,Diesel,2.0
Nissan,Elgrand,2014.0,87500.0,Black,2488.0,Automatic,7.0,239000000.0,Petrol,11.0
Toyota,Veloz,2022.0,42500.0,Black,1496.0,Automatic,7.0,220000000.0,Petrol,3.0
Toyota,Fortuner,2022.0,42500.0,White,2755.0,Automatic,7.0,469000000.0,Diesel,3.0
Honda,Brio,2022.0,37500.0,Grey,1199.0,Automatic,5.0,140000000.0,Petrol,3.0
Mitsubishi,Pajero,2024.0,2500.0,Black,2442.0,Automatic,7.0,540000000.0,Diesel,1.0
Fiat,500,2015.0,42500.0,Black,1368.0,Automatic,5.0,205000000.0,Petrol,10.0
Mitsubishi,Xpander,2018.0,67500.0,Red,1499.0,Automatic,7.0,185000000.0,Petrol,7.0
Mercedes,Benz,2018.0,17500.0,Black,1991.0,Automatic,5.0,375000000.0,Petrol,7.0
Mini,Countryman,2019.0,27500.0,Red,1998.0,Automatic,5.0,475000000.0,Petrol,6.0
Toyota,Voxy,2021.0,57500.0,White,1986.0,Automatic,7.0,325000000.0,Petrol,4.0
Mercedes,Benz,2015.0,22500.0,Black,2996.0,Automatic,5.0,495000000.0,Petrol,10.0
Honda,Accord,2022.0,22500.0,Black,1498.0,Automatic,5.0,438000000.0,Petrol,3.0
Toyota,Kijang,2014.0,152500.0,Grey,2494.0,Automatic,8.0,220000000.0,Diesel,11.0
Bmw,X3,2021.0,32500.0,Black,1998.0,Automatic,5.0,577000000.0,Petrol,4.0
Mercedes,Benz,2018.0,42500.0,Black,2999.0,Automatic,5.0,772000000.0,Petrol,7.0
Mg,5,2022.0,27500.0,Red,1498.0,Automatic,5.0,234000000.0,Petrol,3.0
Honda,Cr,2017.0,52500.0,Black,1498.0,Automatic,5.0,291000000.0,Petrol,8.0
Hyundai,Palisade,2023.0,37500.0,White,2199.0,Automatic,7.0,752000000.0,Diesel,2.0
Suzuki,Jimny,2024.0,7500.0,Brown,1462.0,Automatic,4.0,430000000.0,Petrol,1.0
Chery,Tiggo,2023.0,17500.0,Grey,1998.0,Automatic,8.0,315000000.0,Petrol,2.0
Honda,Hr,2018.0,89280.0,Grey,1497.0,Automatic,5.0,190000000.0,Petrol,7.0
Nissan,March,2018.0,37500.0,White,1198.0,Manual,5.0,98000000.0,Petrol,7.0
Toyota,Raize,2021.0,59300.0,Yellow,998.0,Automatic,5.0,190000000.0,Petrol,4.0
Bmw,X3,2023.0,12500.0,Black,1998.0,Automatic,5.0,925000000.0,Petrol,2.0
Honda,City,2021.0,27500.0,Black,1498.0,Automatic,5.0,209000000.0,Petrol,4.0
Jeep,Compass,2018.0,17500.0,Red,1368.0,Automatic,5.0,250000000.0,Petrol,7.0
Volkswagen,Golf,2014.0,47500.0,White,1395.0,Automatic,5.0,200000000.0,Petrol,11.0
Mercedes,Benz,2013.0,57500.0,White,1595.0,Automatic,5.0,169000000.0,Petrol,12.0
Honda,Brio,2022.0,22500.0,White,1199.0,Automatic,5.0,149000000.0,Petrol,3.0
Bmw,X3,2023.0,7500.0,White,1998.0,Automatic,5.0,899000000.0,Petrol,2.0
Mitsubishi,Xpander,2023.0,42500.0,White,1499.0,Manual,7.0,229000000.0,Petrol,2.0
Volkswagen,Tiguan,2020.0,22500.0,Blue,1395.0,Automatic,5.0,318000000.0,Petrol,5.0
Toyota,Fortuner,2024.0,17500.0,Black,2755.0,Automatic,7.0,527000000.0,Diesel,1.0
Toyota,Agya,2022.0,37500.0,Silver,1197.0,Automatic,5.0,140000000.0,Petrol,3.0
Lexus,Lx,2023.0,12500.0,Black,3445.0,Automatic,4.0,2850000000.0,Petrol,2.0
Mitsubishi,Pajero,2016.0,62500.0,Black,2442.0,Automatic,7.0,315000000.0,Diesel,9.0
Lexus,Lx,2009.0,67500.0,Black,5663.0,Automatic,8.0,675000000.0,Petrol,16.0
Toyota,Alphard,2016.0,77500.0,Black,2494.0,Automatic,7.0,499000000.0,Petrol,9.0
Mazda,Cx,2022.0,17500.0,White,2488.0,Automatic,7.0,575000000.0,Petrol,3.0
Nissan,X,2015.0,132500.0,Black,2488.0,Automatic,7.0,149000000.0,Petrol,10.0
Lexus,Rx,2018.0,32500.0,White,1998.0,Automatic,5.0,595000000.0,Petrol,7.0
Toyota,Agya,2021.0,37500.0,Silver,1197.0,Manual,5.0,120000000.0,Petrol,4.0
Mini,Countryman,2020.0,17500.0,Black,1998.0,Automatic,5.0,500000000.0,Petrol,5.0
Jeep,Wrangler,2014.0,67500.0,White,3604.0,Automatic,5.0,875000000.0,Petrol,11.0
Toyota,Veloz,2022.0,55200.0,Silver,1496.0,Automatic,7.0,223000000.0,Petrol,3.0
Suzuki,Ertiga,2021.0,37500.0,Grey,1462.0,Automatic,7.0,187000000.0,Petrol,4.0
Honda,Hr,2021.0,27500.0,Black,1497.0,Automatic,5.0,225000000.0,Petrol,4.0
Toyota,Alphard,2021.0,47500.0,Black,2494.0,Automatic,7.0,780000000.0,Petrol,4.0
Toyota,Corolla,2009.0,107500.0,Black,1794.0,Automatic,5.0,97000000.0,Petrol,16.0
Toyota,Veloz,2023.0,57500.0,White,1496.0,Automatic,7.0,216000000.0,Petrol,2.0
Mitsubishi,Xpander,2022.0,42500.0,Grey,1499.0,Automatic,7.0,225000000.0,Petrol,3.0
Toyota,Yaris,2018.0,47500.0,White,1496.0,Automatic,5.0,183000000.0,Petrol,7.0
Mitsubishi,Pajero,2023.0,2500.0,Black,2442.0,Automatic,7.0,495000000.0,Diesel,2.0
Mitsubishi,Triton,2018.0,47500.0,Silver,2477.0,Manual,2.0,180000000.0,Diesel,7.0
Mitsubishi,Outlander,2012.0,77500.0,White,1998.0,Automatic,5.0,129000000.0,Petrol,13.0
Mazda,Cx,2020.0,27500.0,White,1998.0,Automatic,5.0,280000000.0,Petrol,5.0
Mercedes,Benz,2015.0,72500.0,White,2996.0,Automatic,5.0,375000000.0,Petrol,10.0
Volkswagen,Polo,2019.0,57500.0,Brown,1197.0,Automatic,5.0,155000000.0,Petrol,6.0
Honda,Hr,2018.0,87500.0,Black,1497.0,Automatic,5.0,175000000.0,Petrol,7.0
Bmw,330I,2023.0,7500.0,Black,1998.0,Automatic,5.0,795000000.0,Petrol,2.0
Honda,Hr,2023.0,42500.0,Grey,1498.0,Automatic,5.0,335000000.0,Petrol,2.0
Honda,Hr,2016.0,72500.0,Black,1497.0,Automatic,5.0,168000000.0,Petrol,9.0
Toyota,Camry,2018.0,117000.0,Black,2494.0,Automatic,5.0,190000000.0,Petrol,7.0
Toyota,Voxy,2020.0,47500.0,Black,1986.0,Automatic,7.0,315000000.0,Petrol,5.0
Honda,Cr,2019.0,42500.0,Black,1498.0,Automatic,5.0,331000000.0,Petrol,6.0
Honda,Cr,2005.0,127500.0,Silver,1997.0,Manual,5.0,80000000.0,Petrol,20.0
Daihatsu,Terios,2016.0,47500.0,Black,1495.0,Automatic,7.0,137000000.0,Petrol,9.0
Bmw,320D,2013.0,67500.0,Silver,1995.0,Automatic,5.0,238000000.0,Diesel,12.0
Honda,Accord,2006.0,102500.0,Black,2354.0,Automatic,5.0,88000000.0,Petrol,19.0
Honda,Cr,2013.0,107500.0,White,2354.0,Automatic,5.0,158000000.0,Petrol,12.0
Honda,Jazz,2008.0,167500.0,Grey,1497.0,Automatic,5.0,103000000.0,Petrol,17.0
Toyota,Harrier,2008.0,122500.0,Black,2362.0,Automatic,5.0,123000000.0,Petrol,17.0
Mercedes,Benz,2018.0,32500.0,White,1991.0,Automatic,5.0,368000000.0,Petrol,7.0
Hyundai,Stargazer,2023.0,32500.0,White,1497.0,Automatic,7.0,228000000.0,Petrol,2.0
Honda,Cr,2020.0,22500.0,Black,1498.0,Automatic,5.0,349000000.0,Petrol,5.0
Nissan,Terra,2019.0,52500.0,White,2488.0,Automatic,7.0,298000000.0,Diesel,6.0
Mercedes,Benz,2013.0,82500.0,Black,3498.0,Automatic,5.0,310000000.0,Petrol,12.0
Lexus,Rx,2012.0,82500.0,White,2672.0,Automatic,5.0,270000000.0,Petrol,13.0
Toyota,Camry,2018.0,72500.0,Black,2494.0,Automatic,5.0,198000000.0,Petrol,7.0
Mazda,Cx,2021.0,62500.0,Grey,2488.0,Automatic,7.0,475000000.0,Petrol,4.0
Toyota,Veloz,2021.0,19935.0,Silver,1496.0,Automatic,7.0,230000000.0,Petrol,4.0
Honda,Br,2024.0,2500.0,Brown,1498.0,Automatic,7.0,242000000.0,Petrol,1.0
Mercedes,Benz,2019.0,37500.0,Black,1497.0,Automatic,5.0,365000000.0,Petrol,6.0
Mazda,Biante,2013.0,117500.0,Black,1997.0,Automatic,7.0,122000000.0,Petrol,12.0
Toyota,Avanza,2024.0,12500.0,Black,1496.0,Manual,7.0,199000000.0,Petrol,1.0
Honda,Brio,2023.0,17500.0,Grey,1199.0,Automatic,5.0,161000000.0,Petrol,2.0
Daihatsu,Sigra,2021.0,27500.0,Grey,1197.0,Automatic,7.0,113000000.0,Petrol,4.0
Toyota,Yaris,2022.0,27500.0,White,1495.0,Automatic,5.0,220000000.0,Petrol,3.0
Bmw,520I,2024.0,2500.0,White,1998.0,Automatic,5.0,1095000000.0,Petrol,1.0
Toyota,Yaris,2022.0,37500.0,Black,1495.0,Automatic,5.0,218000000.0,Petrol,3.0
Suzuki,Xl7,2024.0,7500.0,Grey,1500.0,Automatic,7.0,203000000.0,Petrol,1.0
Wuling,Cortez,2023.0,22500.0,White,1451.0,Automatic,7.0,168000000.0,Petrol,2.0
Toyota,Kijang,2022.0,42500.0,Black,1998.0,Automatic,8.0,305000000.0,Diesel,3.0
Toyota,Kijang,2022.0,27500.0,White,1998.0,Automatic,8.0,282000000.0,Petrol,3.0
Honda,Br,2022.0,27500.0,White,1498.0,Automatic,7.0,227000000.0,Petrol,3.0
Toyota,Kijang,2023.0,22500.0,Black,1998.0,Automatic,7.0,501000000.0,Petrol,2.0
Kia,Grand,2023.0,47500.0,Black,2151.0,Automatic,7.0,574000000.0,Diesel,2.0
Honda,Mobilio,2018.0,57500.0,Grey,1496.0,Automatic,7.0,145000000.0,Petrol,7.0
Toyota,Kijang,2018.0,52500.0,Silver,1998.0,Automatic,8.0,235000000.0,Petrol,7.0
Toyota,Yaris,2019.0,47500.0,Silver,1496.0,Automatic,5.0,179000000.0,Petrol,6.0
Suzuki,Ertiga,2022.0,22500.0,Black,1462.0,Manual,7.0,178000000.0,Hybrid,3.0
Mercedes,Benz,2015.0,37500.0,Black,2996.0,Automatic,5.0,495000000.0,Petrol,10.0
Honda,Mobilio,2017.0,32500.0,Silver,1496.0,Automatic,7.0,138000000.0,Petrol,8.0
Mercedes,Benz,2015.0,62500.0,Black,2996.0,Automatic,4.0,775000000.0,Petrol,10.0
Toyota,Kijang,2017.0,77500.0,Black,1998.0,Automatic,8.0,195000000.0,Petrol,8.0
Toyota,Fortuner,2010.0,137500.0,Silver,2694.0,Automatic,7.0,148000000.0,Petrol,15.0
Mercedes,Benz,2018.0,32500.0,White,1991.0,Automatic,5.0,795000000.0,Petrol,7.0
Toyota,Kijang,2022.0,42500.0,White,2393.0,Automatic,7.0,430000000.0,Diesel,3.0
Honda,Wr,2024.0,22500.0,Grey,1498.0,Automatic,5.0,235000000.0,Petrol,1.0
Nissan,Grand,2013.0,117500.0,Black,1498.0,Automatic,7.0,98000000.0,Petrol,12.0
Bmw,X3,2019.0,52500.0,Black,1998.0,Automatic,5.0,399000000.0,Petrol,6.0
Ford,Mustang,2021.0,7500.0,Black,2264.0,Automatic,4.0,1150000000.0,Petrol,4.0
Bmw,X1,2017.0,37500.0,Black,1499.0,Automatic,5.0,240000000.0,Petrol,8.0
Jeep,Wrangler,2014.0,17500.0,White,2985.0,Automatic,5.0,875000000.0,Petrol,11.0
Toyota,Land,2024.0,7500.0,Black,3346.0,Automatic,7.0,2100000000.0,Diesel,1.0
Chevrolet,Trax,2015.0,87500.0,Brown,1399.0,Automatic,5.0,115000000.0,Petrol,10.0
Bmw,X6,2011.0,32500.0,White,4395.0,Automatic,4.0,880000000.0,Petrol,14.0
Mercedes,Benz,2008.0,182500.0,Black,2996.0,Automatic,5.0,115000000.0,Petrol,17.0
Bmw,X5,2017.0,42500.0,White,2979.0,Automatic,5.0,525000000.0,Petrol,8.0
Toyota,Vellfire,2016.0,117500.0,White,2494.0,Automatic,7.0,460000000.0,Petrol,9.0
Bmw,X1,2019.0,12500.0,Grey,1499.0,Automatic,5.0,400000000.0,Petrol,6.0
Bmw,520I,2014.0,77500.0,Silver,1997.0,Automatic,5.0,245000000.0,Petrol,11.0
Honda,Mobilio,2016.0,77500.0,White,1496.0,Automatic,7.0,164000000.0,Petrol,9.0
Bmw,X3,2013.0,52500.0,White,1997.0,Automatic,5.0,205000000.0,Petrol,12.0
Hyundai,Creta,2022.0,2500.0,White,1497.0,Automatic,5.0,215000000.0,Petrol,3.0
Infiniti,Q50,2014.0,57500.0,Red,1991.0,Automatic,5.0,250000000.0,Petrol,11.0
Toyota,Fortuner,2020.0,97500.0,Black,2393.0,Automatic,7.0,395000000.0,Diesel,5.0
Mazda,Biante,2015.0,2500.0,White,1997.0,Automatic,7.0,105000000.0,Petrol,10.0
Subaru,Xv,2013.0,77500.0,Grey,1995.0,Automatic,5.0,145000000.0,Petrol,12.0
Hyundai,H,2019.0,57500.0,Black,2497.0,Automatic,8.0,355000000.0,Diesel,6.0
Bmw,318I,2005.0,107500.0,Black,1995.0,Automatic,5.0,110000000.0,Petrol,20.0
Toyota,Nav1,2013.0,137500.0,Black,1987.0,Automatic,7.0,138000000.0,Petrol,12.0
Wuling,Cortez,2022.0,17500.0,Black,1451.0,Automatic,7.0,175000000.0,Petrol,3.0
Toyota,Fortuner,2014.0,152500.0,White,2494.0,Manual,7.0,250000000.0,Diesel,11.0
Mitsubishi,Pajero,2015.0,157500.0,Maroon,2477.0,Automatic,7.0,255000000.0,Diesel,10.0
Daihatsu,Terios,2016.0,82500.0,Black,1495.0,Automatic,7.0,132000000.0,Petrol,9.0
Toyota,Raize,2021.0,37500.0,Black,998.0,Automatic,5.0,185000000.0,Petrol,4.0
Suzuki,Baleno,2020.0,63850.0,Grey,1373.0,Automatic,5.0,169000000.0,Petrol,5.0
Mitsubishi,Xpander,2022.0,42500.0,Black,1499.0,Automatic,7.0,225000000.0,Petrol,3.0
Mazda,Cx,2022.0,12500.0,White,2488.0,Automatic,7.0,575000000.0,Petrol,3.0
Mitsubishi,Xpander,2018.0,52500.0,Black,1499.0,Automatic,7.0,159000000.0,Petrol,7.0
Volkswagen,Tiguan,2021.0,42500.0,Black,1395.0,Automatic,5.0,339000000.0,Petrol,4.0
Lexus,Rx,2012.0,97500.0,White,2672.0,Automatic,5.0,235000000.0,Petrol,13.0
Toyota,Harrier,2010.0,87500.0,Black,2362.0,Automatic,5.0,155000000.0,Petrol,15.0
Mercedes,Benz,2021.0,7500.0,Black,2999.0,Automatic,7.0,1550000000.0,Petrol,4.0
Mercedes,Benz,2020.0,17500.0,Black,2999.0,Automatic,7.0,1325000000.0,Petrol,5.0
Mercedes,Benz,2020.0,17500.0,Black,2999.0,Automatic,7.0,1275000000.0,Petrol,5.0
Mercedes,Benz,2016.0,17500.0,Blue,1991.0,Automatic,5.0,425000000.0,Petrol,9.0
Toyota,Kijang,2023.0,17500.0,Black,1998.0,Automatic,8.0,361000000.0,Petrol,2.0
Hyundai,Stargazer,2024.0,17500.0,White,1497.0,Automatic,7.0,225000000.0,Petrol,1.0
Mitsubishi,Pajero,2019.0,17500.0,White,2442.0,Automatic,7.0,415000000.0,Diesel,6.0
Honda,Jazz,2017.0,52500.0,Silver,1497.0,Automatic,5.0,189000000.0,Petrol,8.0
Mini,Cooper,2019.0,12500.0,Black,2000.0,Automatic,4.0,695000000.0,Petrol,6.0
Mercedes,Benz,2021.0,57500.0,White,2999.0,Automatic,7.0,975000000.0,Petrol,4.0
Honda,Br,2022.0,53830.0,Grey,1498.0,Automatic,7.0,247000000.0,Petrol,3.0
Honda,Brio,2019.0,93450.0,Silver,1199.0,Automatic,5.0,155000000.0,Petrol,6.0
Jeep,Wrangler,2015.0,67500.0,White,2985.0,Automatic,4.0,825000000.0,Petrol,10.0
Ford,Mustang,2024.0,2500.0,Blue,5038.0,Automatic,4.0,3500000000.0,Petrol,1.0
Mazda,Cx,2018.0,67808.0,Black,2488.0,Automatic,5.0,285000000.0,Petrol,7.0
Toyota,Alphard,2020.0,12500.0,White,2494.0,Automatic,7.0,681000000.0,Petrol,5.0
Mazda,Cx,2019.0,42500.0,White,2488.0,Automatic,5.0,308000000.0,Petrol,6.0
Mitsubishi,Xpander,2019.0,97500.0,Black,1499.0,Automatic,7.0,180000000.0,Petrol,6.0
Honda,Brio,2022.0,47500.0,Grey,1199.0,Automatic,5.0,145000000.0,Petrol,3.0
Toyota,Fortuner,2023.0,32500.0,Black,2755.0,Automatic,7.0,495000000.0,Diesel,2.0
Mitsubishi,Xpander,2023.0,62500.0,Black,1499.0,Manual,7.0,229000000.0,Petrol,2.0
Porsche,718,2021.0,2500.0,Grey,2497.0,Manual,2.0,2450000000.0,Petrol,4.0
Toyota,Alphard,2022.0,27500.0,Black,2494.0,Automatic,7.0,775000000.0,Petrol,3.0
Toyota,Alphard,2023.0,25425.0,White,2500.0,Automatic,7.0,1095000000.0,Petrol,2.0
Toyota,Camry,2015.0,137500.0,Silver,2494.0,Automatic,5.0,215000000.0,Petrol,10.0
Ford,Fiesta,2012.0,122500.0,Red,1596.0,Automatic,5.0,85000000.0,Petrol,13.0
Daihatsu,Ayla,2022.0,92500.0,White,998.0,Automatic,5.0,105000000.0,Petrol,3.0
Nissan,X,2015.0,132500.0,Orange,2488.0,Automatic,7.0,159000000.0,Petrol,10.0
Nissan,X,2011.0,117500.0,Silver,2488.0,Automatic,7.0,105000000.0,Petrol,14.0
Nissan,Grand,2016.0,92500.0,Black,1498.0,Automatic,7.0,98000000.0,Petrol,9.0
Mercedes,Benz,2022.0,12500.0,Black,1496.0,Automatic,5.0,599000000.0,Petrol,3.0
Toyota,Yaris,2021.0,42500.0,White,1496.0,Automatic,5.0,206000000.0,Petrol,4.0
Honda,Hr,2018.0,77500.0,Grey,1497.0,Automatic,5.0,180000000.0,Petrol,7.0
Honda,Mobilio,2016.0,112500.0,White,1496.0,Automatic,7.0,120000000.0,Petrol,9.0
Toyota,Avanza,2011.0,137500.0,Grey,1495.0,Automatic,7.0,90000000.0,Petrol,14.0
Toyota,Fortuner,2017.0,82500.0,White,2393.0,Automatic,7.0,308000000.0,Diesel,8.0
Mazda,Cx,2019.0,57500.0,Black,2488.0,Automatic,5.0,280000000.0,Petrol,6.0
Mini,Countryman,2021.0,27500.0,White,1998.0,Automatic,5.0,650000000.0,Petrol,4.0
Honda,Hr,2019.0,72500.0,White,1497.0,Automatic,5.0,203000000.0,Petrol,6.0
Mitsubishi,Pajero,2019.0,82500.0,White,2442.0,Automatic,7.0,390000000.0,Diesel,6.0
Toyota,Kijang,2020.0,57500.0,Black,1998.0,Automatic,8.0,234000000.0,Petrol,5.0
Daihatsu,Terios,2020.0,47500.0,Black,1496.0,Automatic,7.0,179000000.0,Petrol,5.0
Honda,Mobilio,2016.0,67500.0,Grey,1496.0,Automatic,7.0,136000000.0,Petrol,9.0
Mercedes,Benz,2012.0,37500.0,White,1796.0,Automatic,2.0,473000000.0,Petrol,13.0
Mazda,Biante,2014.0,167500.0,Black,1997.0,Automatic,7.0,137000000.0,Petrol,11.0
Honda,Br,2019.0,57500.0,Black,1497.0,Automatic,7.0,185000000.0,Petrol,6.0
Toyota,Rush,2021.0,57500.0,Silver,1496.0,Automatic,7.0,213000000.0,Petrol,4.0
Honda,Brio,2021.0,27500.0,Black,1199.0,Manual,5.0,138000000.0,Petrol,4.0
Suzuki,Xl7,2021.0,77500.0,Orange,1500.0,Automatic,7.0,201000000.0,Petrol,4.0
Toyota,Fortuner,2019.0,112500.0,Black,2393.0,Automatic,7.0,332000000.0,Diesel,6.0
Suzuki,Baleno,2020.0,82500.0,White,1373.0,Automatic,5.0,180000000.0,Petrol,5.0
Toyota,Kijang,2017.0,122500.0,White,2393.0,Automatic,8.0,275000000.0,Diesel,8.0
Isuzu,Mu,2019.0,107500.0,White,2499.0,Automatic,7.0,318000000.0,Diesel,6.0
Kia,Seltos,2022.0,32500.0,Black,1353.0,Automatic,5.0,243000000.0,Petrol,3.0
Honda,Brio,2024.0,7500.0,Black,1199.0,Automatic,5.0,158000000.0,Petrol,1.0
Toyota,Kijang,2021.0,27500.0,Silver,1998.0,Automatic,8.0,272500000.0,Petrol,4.0
Mazda,Cx,2014.0,132500.0,Grey,2488.0,Automatic,5.0,155000000.0,Petrol,11.0
Toyota,Kijang,2021.0,107500.0,Black,1998.0,Automatic,8.0,245000000.0,Petrol,4.0
Toyota,Kijang,2021.0,107500.0,Black,1998.0,Automatic,7.0,260000000.0,Petrol,4.0
Bmw,X1,2022.0,17500.0,White,1499.0,Automatic,5.0,538000000.0,Petrol,3.0
Jeep,Compass,2018.0,37500.0,White,1368.0,Automatic,5.0,270000000.0,Petrol,7.0
Daihatsu,Sirion,2022.0,82500.0,Red,1329.0,Automatic,5.0,161000000.0,Petrol,3.0
Toyota,Avanza,2020.0,97500.0,Maroon,1496.0,Manual,7.0,169000000.0,Petrol,5.0
Hyundai,Santa,2024.0,38000.0,Grey,2497.0,Automatic,7.0,495000000.0,Petrol,1.0
Honda,Odyssey,2017.0,72500.0,White,2356.0,Automatic,7.0,278000000.0,Petrol,8.0
Honda,Br,2019.0,57500.0,Black,1497.0,Automatic,7.0,185000000.0,Petrol,6.0
Mercedes,Benz,2017.0,37500.0,Black,1991.0,Automatic,5.0,390000000.0,Petrol,8.0
Toyota,Fortuner,2017.0,92500.0,Black,2393.0,Automatic,7.0,328000000.0,Diesel,8.0
Toyota,Fortuner,2017.0,142500.0,Silver,2393.0,Automatic,7.0,318000000.0,Diesel,8.0
Mitsubishi,Pajero,2016.0,52500.0,Silver,2477.0,Automatic,7.0,338000000.0,Diesel,9.0
Porsche,Macan,2014.0,87500.0,Black,1984.0,Automatic,5.0,525000000.0,Petrol,11.0
Suzuki,Xl7,2021.0,72500.0,Orange,1500.0,Automatic,7.0,202000000.0,Petrol,4.0
Hyundai,Creta,2022.0,32500.0,Red,1497.0,Automatic,5.0,289000000.0,Petrol,3.0
Honda,Cr,2019.0,82500.0,Black,1498.0,Automatic,5.0,285000000.0,Petrol,6.0
Toyota,Calya,2020.0,42500.0,Grey,1197.0,Automatic,7.0,128000000.0,Petrol,5.0
Bmw,X3,2023.0,7500.0,Black,1998.0,Automatic,5.0,810000000.0,Petrol,2.0
Bmw,X3,2024.0,2500.0,Black,1998.0,Automatic,5.0,945000000.0,Petrol,1.0
Bmw,X3,2024.0,2500.0,White,1998.0,Automatic,5.0,875000000.0,Petrol,1.0
Toyota,Agya,2019.0,42500.0,Grey,1197.0,Automatic,5.0,127000000.0,Petrol,6.0
Toyota,Rush,2019.0,82500.0,Silver,1495.0,Automatic,7.0,190000000.0,Petrol,6.0
Honda,Brio,2020.0,37500.0,Grey,1199.0,Automatic,5.0,160000000.0,Petrol,5.0
Toyota,Rush,2022.0,57500.0,Black,1496.0,Automatic,7.0,202000000.0,Petrol,3.0
Toyota,Avanza,2022.0,52500.0,White,1496.0,Automatic,7.0,196000000.0,Petrol,3.0
Mitsubishi,Outlander,2013.0,47500.0,White,1998.0,Automatic,5.0,148000000.0,Petrol,12.0
Mitsubishi,Xpander,2022.0,27500.0,Black,1499.0,Automatic,7.0,238000000.0,Petrol,3.0
Suzuki,Xl7,2020.0,62500.0,Black,1500.0,Automatic,7.0,168000000.0,Petrol,5.0
Suzuki,Ignis,2019.0,82500.0,Red,1197.0,Automatic,5.0,108000000.0,Petrol,6.0
Mercedes,Benz,2014.0,22500.0,Red,1595.0,Automatic,5.0,265000000.0,Petrol,11.0
Nissan,Grand,2017.0,92500.0,Silver,1498.0,Automatic,7.0,117000000.0,Petrol,8.0
Toyota,Avanza,2021.0,57500.0,White,1329.0,Automatic,7.0,158000000.0,Petrol,4.0
Suzuki,Apv,2019.0,72500.0,Black,1500.0,Manual,2.0,85000000.0,Petrol,6.0
Daihatsu,Xenia,2018.0,127500.0,Black,1329.0,Automatic,7.0,137000000.0,Petrol,7.0
Toyota,Calya,2019.0,67500.0,Silver,1197.0,Automatic,7.0,109000000.0,Petrol,6.0
Toyota,Vios,2012.0,142500.0,Silver,1497.0,Automatic,5.0,93000000.0,Petrol,13.0
Bmw,X5,2016.0,32500.0,Black,2979.0,Automatic,5.0,389000000.0,Petrol,9.0
Toyota,Hilux,2016.0,82500.0,Black,2494.0,Manual,2.0,145000000.0,Diesel,9.0
Nissan,Grand,2015.0,152500.0,Maroon,1498.0,Automatic,7.0,100000000.0,Petrol,10.0
Honda,Hr,2019.0,77500.0,Grey,1497.0,Automatic,5.0,190000000.0,Petrol,6.0
Daihatsu,Xenia,2022.0,47500.0,Silver,1329.0,Automatic,7.0,172500000.0,Petrol,3.0
Toyota,Avanza,2019.0,62500.0,White,1329.0,Automatic,7.0,150000000.0,Petrol,6.0
Suzuki,Baleno,2020.0,77500.0,White,1373.0,Automatic,5.0,181000000.0,Petrol,5.0
Suzuki,Xl7,2021.0,72500.0,Orange,1500.0,Automatic,7.0,201999999.0,Petrol,4.0
Daihatsu,Sirion,2022.0,84150.0,Red,1329.0,Automatic,5.0,158000000.0,Petrol,3.0
Honda,Br,2016.0,72500.0,Red,1497.0,Automatic,7.0,155000000.0,Petrol,9.0
Mazda,2,2018.0,92500.0,White,1496.0,Automatic,5.0,170000000.0,Petrol,7.0
Honda,Mobilio,2018.0,78000.0,Black,1496.0,Automatic,7.0,138000000.0,Petrol,7.0
Mitsubishi,Xpander,2023.0,12500.0,Black,1499.0,Automatic,7.0,259000000.0,Petrol,2.0
Suzuki,Ertiga,2020.0,52500.0,Silver,1462.0,Automatic,7.0,173000000.0,Petrol,5.0
Hyundai,Stargazer,2022.0,32500.0,White,1497.0,Automatic,7.0,198000000.0,Petrol,3.0
Suzuki,Ertiga,2016.0,187500.0,Grey,1373.0,Automatic,7.0,135500000.0,Petrol,9.0
Suzuki,Ertiga,2018.0,97500.0,Grey,1462.0,Automatic,7.0,153000000.0,Petrol,7.0
Mitsubishi,Pajero,2012.0,217500.0,White,2477.0,Automatic,7.0,210000000.0,Diesel,13.0
Dfsk,Glory,2019.0,37500.0,White,1498.0,Automatic,7.0,125000000.0,Petrol,6.0
Hyundai,Santa,2025.0,2500.0,White,1598.0,Automatic,6.0,780000000.0,Hybrid,0.0
Honda,Cr,2024.0,2500.0,White,1498.0,Automatic,5.0,595000000.0,Petrol,1.0
Mercedes,Benz,2019.0,7500.0,Black,1991.0,Automatic,5.0,510000000.0,Petrol,6.0
Mercedes,Benz,2020.0,17500.0,White,1991.0,Automatic,5.0,495000000.0,Petrol,5.0
Toyota,Yaris,2020.0,87500.0,Black,1496.0,Automatic,5.0,171000000.0,Petrol,5.0
Honda,Cr,2021.0,27500.0,White,1498.0,Automatic,5.0,416000000.0,Petrol,4.0
Honda,Brio,2019.0,62500.0,Black,1199.0,Automatic,5.0,142500000.0,Petrol,6.0
Toyota,Agya,2020.0,22500.0,Grey,1197.0,Automatic,5.0,132000000.0,Petrol,5.0
Hyundai,Stargazer,2023.0,22500.0,Silver,1497.0,Automatic,7.0,245000000.0,Petrol,2.0
Mitsubishi,Xpander,2020.0,52500.0,Black,1499.0,Automatic,7.0,222000000.0,Petrol,5.0
Toyota,Avanza,2022.0,50050.0,White,1496.0,Automatic,7.0,193000000.0,Petrol,3.0
Honda,Br,2019.0,57500.0,Black,1497.0,Automatic,7.0,180000000.0,Petrol,6.0
Toyota,Vellfire,2017.0,87500.0,Black,2494.0,Automatic,7.0,550000000.0,Petrol,8.0
Toyota,Vellfire,2019.0,87500.0,Black,2494.0,Automatic,7.0,610000000.0,Petrol,6.0
Toyota,Calya,2024.0,12500.0,Black,1197.0,Manual,7.0,122500000.0,Petrol,1.0
Toyota,Kijang,2019.0,87500.0,Silver,1998.0,Automatic,8.0,215000000.0,Petrol,6.0
Ford,Mustang,2021.0,12500.0,Grey,5038.0,Automatic,4.0,2275000000.0,Petrol,4.0
Toyota,Land,1999.0,200000.0,Maroon,4163.0,Automatic,5.0,485000000.0,Diesel,26.0
Toyota,Fortuner,2018.0,49000.0,White,2393.0,Automatic,7.0,338000000.0,Diesel,7.0
Toyota,Alphard,2013.0,90000.0,Black,2362.0,Automatic,7.0,240000000.0,Petrol,12.0
Mercedes,Benz,2022.0,7500.0,Black,1991.0,Automatic,5.0,735000000.0,Petrol,3.0
Porsche,911,2022.0,2500.0,Blue,3800.0,Automatic,4.0,5995000000.0,Petrol,3.0
Honda,Hr,2017.0,32500.0,Silver,1497.0,Automatic,5.0,175000000.0,Petrol,8.0
Honda,Brio,2019.0,77500.0,Grey,1199.0,Automatic,5.0,132000000.0,Petrol,6.0
Honda,Hr,2021.0,77500.0,Black,1799.0,Automatic,5.0,285000000.0,Petrol,4.0
Mercedes,Benz,2017.0,47500.0,Black,1991.0,Automatic,5.0,450000000.0,Petrol,8.0
Suzuki,Ertiga,2018.0,67500.0,Grey,1462.0,Automatic,7.0,135000000.0,Petrol,7.0
Mitsubishi,Pajero,2021.0,26000.0,Black,2442.0,Automatic,7.0,450000000.0,Diesel,4.0
Honda,Brio,2023.0,62500.0,Red,1199.0,Automatic,5.0,155000000.0,Petrol,2.0
Honda,Brio,2018.0,72500.0,White,1199.0,Automatic,5.0,132500000.0,Petrol,7.0
Honda,Cr,2012.0,182500.0,Grey,1997.0,Automatic,5.0,115000000.0,Petrol,13.0
Toyota,Fortuner,2018.0,57500.0,Black,2393.0,Automatic,7.0,350000000.0,Diesel,7.0
Toyota,Fortuner,2021.0,52500.0,Black,2393.0,Automatic,7.0,435000000.0,Diesel,4.0
Toyota,Yaris,2019.0,72500.0,Black,1496.0,Automatic,5.0,180000000.0,Petrol,6.0
Mercedes,Benz,2019.0,57500.0,White,1991.0,Automatic,5.0,499000000.0,Petrol,6.0
Toyota,Fortuner,2020.0,82500.0,Black,2393.0,Automatic,7.0,390000000.0,Diesel,5.0
Toyota,Kijang,2019.0,57500.0,Black,1998.0,Automatic,8.0,230000000.0,Petrol,6.0
Mercedes,Benz,2019.0,62500.0,Red,1332.0,Automatic,5.0,525000000.0,Petrol,6.0
Mitsubishi,Pajero,2015.0,87500.0,White,2477.0,Automatic,7.0,265000000.0,Diesel,10.0
Toyota,Fortuner,2021.0,67500.0,Black,2393.0,Automatic,7.0,405000000.0,Diesel,4.0
Honda,Br,2018.0,92500.0,Black,1497.0,Automatic,7.0,165000000.0,Petrol,7.0
Toyota,Alphard,2021.0,65000.0,Black,2494.0,Automatic,7.0,690000000.0,Petrol,4.0
Mercedes,Benz,2015.0,12500.0,Black,1595.0,Automatic,5.0,350000000.0,Petrol,10.0
Honda,Hr,2023.0,47500.0,Black,1498.0,Automatic,5.0,300000000.0,Petrol,2.0
Bmw,320I,2016.0,75000.0,White,1998.0,Automatic,5.0,285000000.0,Petrol,9.0
Hyundai,Creta,2025.0,7000.0,White,1497.0,Automatic,5.0,350000000.0,Petrol,0.0
Toyota,Rush,2020.0,97500.0,Black,1495.0,Automatic,7.0,185000000.0,Petrol,5.0
Daihatsu,Terios,2016.0,102500.0,White,1495.0,Automatic,7.0,152000000.0,Petrol,9.0
Toyota,Kijang,2021.0,68000.0,Black,1998.0,Automatic,8.0,255000000.0,Petrol,4.0
Toyota,Avanza,2015.0,57500.0,White,1298.0,Manual,7.0,120000000.0,Petrol,10.0
Toyota,Voxy,2018.0,73000.0,White,1986.0,Automatic,7.0,270000000.0,Petrol,7.0
Kia,Picanto,2013.0,137500.0,Black,1248.0,Automatic,5.0,78000000.0,Petrol,12.0
Mazda,6,2022.0,43000.0,Maroon,2488.0,Automatic,5.0,395000000.0,Petrol,3.0
Toyota,Camry,2019.0,66000.0,White,2494.0,Automatic,5.0,295000000.0,Petrol,6.0
Chery,Omoda,2023.0,37500.0,Black,1498.0,Automatic,5.0,245000000.0,Petrol,2.0
Audi,Rs4,2022.0,2500.0,Green,2894.0,Automatic,5.0,2300000000.0,Petrol,3.0
Toyota,Calya,2019.0,62500.0,White,1197.0,Automatic,7.0,115000000.0,Petrol,6.0
Bmw,X6,2021.0,7500.0,Black,2998.0,Automatic,5.0,1375000000.0,Petrol,4.0
Honda,Jazz,2018.0,62500.0,Grey,1497.0,Automatic,5.0,195000000.0,Petrol,7.0
Bmw,520I,2020.0,2500.0,Black,1998.0,Automatic,5.0,610000000.0,Petrol,5.0
Bmw,218I,2022.0,7500.0,Black,1499.0,Automatic,5.0,475000000.0,Petrol,3.0
Nissan,Serena,2024.0,2500.0,Black,1433.0,Automatic,7.0,505000000.0,Petrol,1.0
Honda,Accord,2022.0,2500.0,Black,1498.0,Automatic,5.0,485000000.0,Petrol,3.0
Mitsubishi,Xpander,2018.0,47500.0,White,1499.0,Automatic,7.0,170000000.0,Petrol,7.0
Toyota,Kijang,2024.0,27500.0,Black,1987.0,Automatic,8.0,435000000.0,Petrol,1.0
Toyota,Yaris,2016.0,82500.0,Grey,1497.0,Automatic,5.0,145000000.0,Petrol,9.0
Honda,Wr,2024.0,7500.0,Black,1498.0,Automatic,5.0,232000000.0,Petrol,1.0
Honda,Civic,2019.0,22500.0,Grey,1498.0,Automatic,5.0,292000000.0,Petrol,6.0
Mitsubishi,Pajero,2020.0,57500.0,White,2442.0,Automatic,7.0,373000000.0,Diesel,5.0
Honda,Cr,2019.0,57500.0,White,1498.0,Automatic,5.0,340000000.0,Petrol,6.0
Toyota,Alphard,2019.0,47500.0,Black,2494.0,Automatic,7.0,670000000.0,Petrol,6.0
Nissan,Serena,2017.0,27500.0,Black,1997.0,Automatic,7.0,158000000.0,Petrol,8.0
Honda,Freed,2012.0,47500.0,White,1497.0,Automatic,7.0,128000000.0,Petrol,13.0
Audi,Q7,2015.0,57500.0,Blue,2995.0,Automatic,7.0,380000000.0,Petrol,10.0
Mercedes,Benz,2022.0,2500.0,Black,1999.0,Automatic,5.0,770000000.0,Petrol,3.0
Toyota,Calya,2022.0,22500.0,Grey,1197.0,Manual,7.0,131000000.0,Petrol,3.0
Suzuki,Baleno,2024.0,3000.0,Black,1462.0,Automatic,5.0,228000000.0,Petrol,1.0
Honda,Hr,2023.0,32500.0,Others,1498.0,Automatic,5.0,310000000.0,Petrol,2.0
Honda,Hr,2022.0,32500.0,Grey,1498.0,Automatic,5.0,290000000.0,Petrol,3.0
Toyota,Rush,2022.0,57650.0,Black,1496.0,Automatic,7.0,198000000.0,Petrol,3.0
Toyota,Calya,2019.0,60185.0,White,1197.0,Automatic,7.0,117000000.0,Petrol,6.0
Toyota,Agya,2022.0,22500.0,Black,1197.0,Manual,5.0,130000000.0,Petrol,3.0
Toyota,Camry,2019.0,67500.0,Black,2494.0,Automatic,5.0,270000000.0,Petrol,6.0
Toyota,Sienta,2019.0,82500.0,Silver,1497.0,Automatic,7.0,195000000.0,Petrol,6.0
Honda,Cr,2018.0,77500.0,Silver,1498.0,Automatic,5.0,293000000.0,Petrol,7.0
Daihatsu,Sirion,2022.0,12500.0,Red,1329.0,Automatic,5.0,165000000.0,Petrol,3.0
Suzuki,Ertiga,2014.0,162500.0,Grey,1373.0,Automatic,7.0,117000000.0,Petrol,11.0
Mazda,2,2011.0,117500.0,Grey,1498.0,Automatic,5.0,90000000.0,Petrol,14.0
Honda,Hr,2017.0,72500.0,White,1497.0,Automatic,5.0,160000000.0,Petrol,8.0
Daihatsu,Xenia,2017.0,182500.0,Silver,1298.0,Manual,7.0,110000000.0,Petrol,8.0
Suzuki,Ertiga,2020.0,82500.0,Black,1462.0,Automatic,7.0,164000000.0,Petrol,5.0
Lexus,Rx,2023.0,12500.0,Black,2393.0,Automatic,5.0,1199000000.0,Petrol,2.0
Lexus,Rx,2023.0,7500.0,Grey,2500.0,Automatic,5.0,1319000000.0,Hybrid,2.0
Mercedes,Benz,2022.0,2500.0,Black,1991.0,Automatic,7.0,799000000.0,Petrol,3.0
Lexus,Lx,2018.0,17500.0,Silver,5663.0,Automatic,8.0,1595000000.0,Petrol,7.0
Toyota,Land,2013.0,32500.0,Black,4461.0,Automatic,8.0,849000000.0,Diesel,12.0
Toyota,Veloz,2022.0,57500.0,Silver,1496.0,Automatic,7.0,232000000.0,Petrol,3.0
Honda,Br,2024.0,22500.0,Brown,1498.0,Automatic,7.0,235000000.0,Petrol,1.0
Bmw,X5,2022.0,2500.0,White,2998.0,Automatic,5.0,1050000000.0,Petrol,3.0
Bmw,X5,2019.0,17500.0,White,2998.0,Automatic,5.0,735000000.0,Petrol,6.0
Daihatsu,Terios,2021.0,87500.0,Silver,1496.0,Automatic,7.0,192000000.0,Petrol,4.0
Daihatsu,Terios,2021.0,87500.0,Silver,1496.0,Automatic,7.0,190000000.0,Petrol,4.0
Mercedes,Benz,2019.0,7500.0,White,1991.0,Automatic,5.0,645000000.0,Petrol,6.0
Mercedes,Benz,2020.0,17500.0,White,1991.0,Automatic,7.0,675000000.0,Petrol,5.0
Mercedes,Benz,2023.0,7500.0,White,1332.0,Automatic,7.0,645000000.0,Petrol,2.0
Mitsubishi,Xpander,2019.0,67500.0,Silver,1499.0,Automatic,7.0,198000000.0,Petrol,6.0
Mazda,2,2022.0,22500.0,Red,1496.0,Automatic,5.0,200000000.0,Petrol,3.0
Toyota,Veloz,2021.0,17500.0,Silver,1496.0,Automatic,7.0,230000000.0,Petrol,4.0
Daihatsu,Sigra,2021.0,37500.0,Black,1197.0,Manual,7.0,110000000.0,Petrol,4.0
Honda,Mobilio,2016.0,67500.0,Grey,1496.0,Automatic,7.0,130000000.0,Petrol,9.0
Toyota,Yaris,2021.0,42500.0,White,1496.0,Automatic,5.0,200000000.0,Petrol,4.0
Honda,Mobilio,2018.0,82500.0,Grey,1496.0,Automatic,7.0,136500000.0,Petrol,7.0
Toyota,Rush,2022.0,57500.0,Black,1496.0,Automatic,7.0,205000000.0,Petrol,3.0
Lexus,Rx,2012.0,72500.0,White,2672.0,Automatic,5.0,195000000.0,Petrol,13.0
Toyota,Avanza,2011.0,152500.0,Black,1298.0,Automatic,7.0,85000000.0,Petrol,14.0
Suzuki,Swift,2014.0,42500.0,White,1372.0,Automatic,5.0,130000000.0,Petrol,11.0
Honda,Cr,2018.0,77500.0,Silver,1498.0,Automatic,5.0,277000000.0,Petrol,7.0
Toyota,Kijang,2018.0,67500.0,Black,1998.0,Automatic,7.0,259000000.0,Petrol,7.0
Suzuki,Xl7,2023.0,27500.0,Black,1500.0,Automatic,7.0,195000000.0,Petrol,2.0
Hyundai,Palisade,2023.0,17500.0,White,2199.0,Automatic,7.0,750000000.0,Diesel,2.0
Toyota,Kijang,2021.0,57500.0,Black,1998.0,Automatic,8.0,285000000.0,Petrol,4.0
Mini,Cooper,2022.0,4801.0,Silver,1998.0,Automatic,4.0,699000000.0,Petrol,3.0
Bmw,320I,2023.0,12500.0,Blue,1995.0,Automatic,5.0,799000000.0,Petrol,2.0
Bmw,320I,2023.0,27500.0,Grey,1995.0,Automatic,5.0,799000000.0,Petrol,2.0
Bmw,X1,2023.0,22500.0,Grey,1499.0,Automatic,5.0,769000000.0,Petrol,2.0
Bmw,218I,2024.0,7500.0,Blue,1499.0,Automatic,5.0,679000000.0,Petrol,1.0
Honda,Jazz,2016.0,57500.0,Blue,1497.0,Automatic,5.0,180000000.0,Petrol,9.0
Mitsubishi,Xpander,2018.0,72500.0,Silver,1499.0,Automatic,7.0,185000000.0,Petrol,7.0
Toyota,Rush,2021.0,52500.0,Silver,1496.0,Automatic,7.0,213000000.0,Petrol,4.0
Honda,Freed,2015.0,127500.0,White,1497.0,Automatic,7.0,145000000.0,Petrol,10.0
Toyota,Avanza,2015.0,92500.0,Silver,1298.0,Automatic,7.0,108000000.0,Petrol,10.0
Suzuki,Baleno,2017.0,42500.0,Blue,1373.0,Automatic,5.0,138000000.0,Petrol,8.0
Honda,Brio,2022.0,32500.0,Black,1199.0,Automatic,5.0,155000000.0,Petrol,3.0
Toyota,Fortuner,2006.0,187500.0,Black,2691.0,Automatic,7.0,128000000.0,Petrol,19.0
Toyota,Avanza,2012.0,127500.0,White,1495.0,Automatic,7.0,110000000.0,Petrol,13.0
Toyota,Rush,2020.0,92500.0,Black,1495.0,Automatic,7.0,185000000.0,Petrol,5.0
Daihatsu,Sigra,2019.0,77500.0,Grey,1197.0,Manual,7.0,100000000.0,Petrol,6.0
Honda,City,2012.0,157500.0,Grey,1497.0,Automatic,5.0,112000000.0,Petrol,13.0
Bmw,X5,2017.0,32500.0,White,2979.0,Automatic,5.0,438000000.0,Petrol,8.0
Mercedes,Benz,2020.0,22500.0,Black,1991.0,Automatic,5.0,514000000.0,Petrol,5.0
Suzuki,Baleno,2023.0,7500.0,Blue,1462.0,Automatic,5.0,202000000.0,Petrol,2.0
Toyota,Calya,2020.0,42500.0,Grey,1197.0,Automatic,7.0,132000000.0,Petrol,5.0
Toyota,Kijang,2010.0,179000.0,Grey,1998.0,Automatic,7.0,113000000.0,Petrol,15.0
Daihatsu,Sigra,2023.0,60000.0,White,1197.0,Manual,7.0,130000000.0,Petrol,2.0
Mitsubishi,Outlander,2016.0,107500.0,Red,1998.0,Automatic,5.0,165000000.0,Petrol,9.0
Toyota,Sienta,2017.0,102500.0,Black,1497.0,Automatic,7.0,150000000.0,Petrol,8.0
Toyota,Alphard,2013.0,88000.0,Black,2362.0,Automatic,7.0,285000000.0,Petrol,12.0
Daihatsu,Xenia,2021.0,32500.0,Red,1329.0,Automatic,7.0,169000000.0,Petrol,4.0
Lexus,Rx,2012.0,92500.0,Black,2672.0,Automatic,5.0,230000000.0,Petrol,13.0
Toyota,Sienta,2018.0,107500.0,Silver,1497.0,Automatic,7.0,153000000.0,Petrol,7.0
Honda,Freed,2014.0,92500.0,Grey,1497.0,Automatic,7.0,139000000.0,Petrol,11.0
Honda,Cr,2018.0,92500.0,Grey,1498.0,Automatic,5.0,290000000.0,Petrol,7.0
Toyota,Alphard,2010.0,107500.0,Grey,2362.0,Automatic,7.0,165000000.0,Petrol,15.0
Porsche,Macan,2015.0,67500.0,White,1984.0,Automatic,5.0,480000000.0,Petrol,10.0
Lexus,Rx,2013.0,107500.0,Black,2672.0,Automatic,5.0,249000000.0,Petrol,12.0
Toyota,Raize,2022.0,17000.0,Red,998.0,Automatic,5.0,210000000.0,Petrol,3.0
Toyota,Harrier,2008.0,127500.0,Black,2362.0,Automatic,5.0,132000000.0,Petrol,17.0
Toyota,Vellfire,2008.0,102500.0,Black,2362.0,Automatic,7.0,175000000.0,Petrol,17.0
Nissan,Serena,2019.0,70000.0,Black,1997.0,Automatic,7.0,255000000.0,Petrol,6.0
Toyota,Alphard,2014.0,120000.0,Black,2362.0,Automatic,7.0,295000000.0,Petrol,11.0
Nissan,Serena,2019.0,57500.0,White,1997.0,Automatic,7.0,245000000.0,Petrol,6.0
Toyota,Sienta,2017.0,92500.0,Black,1497.0,Automatic,7.0,159000000.0,Petrol,8.0
Toyota,Fortuner,2020.0,82500.0,Grey,2393.0,Automatic,7.0,405000000.0,Diesel,5.0
Nissan,Elgrand,2013.0,97500.0,Black,2488.0,Automatic,7.0,200000000.0,Petrol,12.0
Toyota,Raize,2022.0,22500.0,White,998.0,Automatic,5.0,208000000.0,Petrol,3.0
Honda,Br,2022.0,47500.0,Grey,1498.0,Automatic,7.0,235000000.0,Petrol,3.0
Toyota,Kijang,2011.0,70000.0,Silver,1998.0,Automatic,8.0,125000000.0,Petrol,14.0
Honda,Br,2017.0,57000.0,Grey,1497.0,Automatic,7.0,155000000.0,Petrol,8.0
Honda,Mobilio,2019.0,90000.0,White,1496.0,Automatic,7.0,158000000.0,Petrol,6.0
Honda,Mobilio,2018.0,57500.0,Black,1496.0,Automatic,7.0,138000000.0,Petrol,7.0
Toyota,Alphard,2011.0,77500.0,Grey,2362.0,Automatic,7.0,209000000.0,Petrol,14.0
Honda,Hr,2016.0,117000.0,Grey,1497.0,Automatic,5.0,167000000.0,Petrol,9.0
Toyota,Raize,2024.0,12500.0,White,998.0,Automatic,5.0,193000000.0,Petrol,1.0
Toyota,Kijang,2019.0,112500.0,White,2393.0,Automatic,8.0,285000000.0,Diesel,6.0
Daihatsu,Sigra,2021.0,52500.0,Grey,1197.0,Manual,7.0,123000000.0,Petrol,4.0
Honda,Br,2022.0,52500.0,Grey,1498.0,Automatic,7.0,247000000.0,Petrol,3.0
Dfsk,Glory,2018.0,87500.0,White,1498.0,Automatic,7.0,107000000.0,Petrol,7.0
Toyota,Corolla,2022.0,77500.0,White,1798.0,Automatic,5.0,297000000.0,Hybrid,3.0
Chery,Tiggo,2022.0,42500.0,Black,1498.0,Automatic,5.0,225000000.0,Petrol,3.0
Wuling,Almaz,2021.0,82500.0,Grey,1451.0,Automatic,7.0,178000000.0,Petrol,4.0
Nissan,Serena,2019.0,62500.0,Red,1997.0,Automatic,7.0,205000000.0,Petrol,6.0
Wuling,Cortez,2022.0,57500.0,White,1451.0,Automatic,7.0,158000000.0,Petrol,3.0
Wuling,Cortez,2021.0,57500.0,Grey,1451.0,Automatic,7.0,143000000.0,Petrol,4.0
Honda,Cr,2019.0,122500.0,White,1498.0,Automatic,5.0,285000000.0,Petrol,6.0
Honda,Brio,2020.0,42500.0,Grey,1199.0,Automatic,5.0,143000000.0,Petrol,5.0
Nissan,Serena,2017.0,82500.0,Grey,1997.0,Automatic,7.0,148000000.0,Petrol,8.0
Wuling,Alvez,2023.0,32500.0,Red,1485.0,Automatic,5.0,179000000.0,Petrol,2.0
Wuling,Almaz,2020.0,47500.0,Grey,1451.0,Automatic,7.0,165000000.0,Petrol,5.0
Mitsubishi,Xpander,2021.0,37500.0,White,1499.0,Automatic,7.0,242000000.0,Petrol,4.0
Honda,Hr,2022.0,42500.0,Black,1498.0,Automatic,5.0,322000000.0,Petrol,3.0
Honda,Jazz,2016.0,52500.0,Blue,1497.0,Automatic,5.0,185000000.0,Petrol,9.0
Toyota,Kijang,2018.0,90000.0,Black,2393.0,Automatic,8.0,290000000.0,Diesel,7.0
Toyota,Calya,2020.0,42500.0,Grey,1197.0,Automatic,7.0,120000000.0,Petrol,5.0
Suzuki,Ertiga,2020.0,82500.0,Black,1462.0,Manual,7.0,160000000.0,Petrol,5.0
Bmw,M4,2022.0,12500.0,Yellow,2993.0,Automatic,4.0,1750000000.0,Petrol,3.0
Bmw,Z4,2022.0,7500.0,Black,1998.0,Automatic,2.0,1295000000.0,Petrol,3.0
Mercedes,Benz,2024.0,2500.0,White,2999.0,Automatic,5.0,1650000000.0,Petrol,1.0
Bmw,X7,2024.0,7500.0,Black,2998.0,Automatic,7.0,1895000000.0,Petrol,1.0
Toyota,Raize,2021.0,57500.0,Yellow,998.0,Automatic,5.0,190000000.0,Petrol,4.0
Wuling,Almaz,2020.0,22500.0,White,1451.0,Automatic,7.0,170000000.0,Petrol,5.0
Mercedes,Benz,2018.0,12500.0,Black,2999.0,Automatic,5.0,850000000.0,Petrol,7.0
Mercedes,Benz,2023.0,12500.0,Grey,1999.0,Automatic,7.0,1075000000.0,Petrol,2.0
Mercedes,Benz,2021.0,12500.0,Black,2999.0,Automatic,5.0,1795000000.0,Petrol,4.0
Mercedes,Benz,2022.0,17500.0,Black,2999.0,Automatic,5.0,1775000000.0,Petrol,3.0
Toyota,Fortuner,2021.0,37500.0,Black,2393.0,Automatic,7.0,370000000.0,Diesel,4.0
Mercedes,Benz,2023.0,37500.0,Black,1999.0,Automatic,7.0,995000000.0,Petrol,2.0
Mitsubishi,Pajero,2024.0,12500.0,White,2442.0,Automatic,7.0,550000000.0,Diesel,1.0
Toyota,Vellfire,2023.0,17500.0,Black,2494.0,Automatic,7.0,895000000.0,Petrol,2.0
Mitsubishi,Xpander,2018.0,17500.0,Red,1499.0,Automatic,7.0,178000000.0,Petrol,7.0
Toyota,Alphard,2012.0,92500.0,Black,2362.0,Automatic,7.0,190000000.0,Petrol,13.0
Toyota,Fortuner,2021.0,72500.0,White,2393.0,Automatic,7.0,410000000.0,Diesel,4.0
Bmw,X7,2019.0,22500.0,Black,2998.0,Automatic,7.0,1095000000.0,Petrol,6.0
Chery,Omoda,2023.0,17500.0,Black,1498.0,Automatic,5.0,255000000.0,Petrol,2.0
Toyota,Sienta,2017.0,57500.0,White,1497.0,Automatic,7.0,174000000.0,Petrol,8.0
Toyota,Alphard,2021.0,27500.0,Black,2494.0,Automatic,7.0,700000000.0,Petrol,4.0
Kia,Rio,2017.0,62500.0,Red,1368.0,Automatic,5.0,169000000.0,Petrol,8.0
Lexus,Rx,2023.0,32500.0,White,2393.0,Automatic,5.0,1229999999.0,Petrol,2.0
Toyota,Alphard,2018.0,62500.0,Black,2494.0,Automatic,7.0,599999999.0,Petrol,7.0
Mercedes,Benz,2021.0,22500.0,Black,1991.0,Automatic,5.0,529000000.0,Petrol,4.0
Mercedes,Benz,2022.0,7500.0,Black,1991.0,Automatic,5.0,1111000000.0,Petrol,3.0
Mercedes,Benz,2020.0,27500.0,White,1595.0,Automatic,5.0,499000000.0,Petrol,5.0
Mercedes,Benz,2018.0,17500.0,Black,1991.0,Automatic,5.0,439999999.0,Petrol,7.0
Bmw,X5,2015.0,57500.0,Black,1995.0,Automatic,5.0,319999999.0,Diesel,10.0
Bmw,530I,2019.0,22500.0,Grey,1998.0,Automatic,5.0,559000000.0,Petrol,6.0
Audi,Q8,2019.0,13999.0,Black,2995.0,Automatic,5.0,1250000000.0,Petrol,6.0
Bmw,X5,2024.0,17500.0,Black,2998.0,Automatic,5.0,1425000000.0,Petrol,1.0
Mercedes,Benz,2022.0,26999.0,White,1496.0,Automatic,5.0,615000000.0,Petrol,3.0
Mercedes,Benz,2023.0,7500.0,Grey,1496.0,Automatic,5.0,659999999.0,Petrol,2.0
Hyundai,Palisade,2021.0,67500.0,Black,2199.0,Automatic,7.0,509000000.0,Diesel,4.0
Bmw,730Li,2019.0,12500.0,Black,1998.0,Automatic,5.0,888000000.0,Petrol,6.0
Mini,Cooper,2022.0,2500.0,Green,1499.0,Automatic,4.0,560000000.0,Petrol,3.0
Lexus,Rx,2023.0,7500.0,Black,2400.0,Automatic,5.0,1555000000.0,Hybrid,2.0
Mercedes,Benz,2017.0,47500.0,Black,1991.0,Automatic,5.0,389000000.0,Petrol,8.0
Toyota,Vellfire,2021.0,22500.0,White,2494.0,Automatic,7.0,789000000.0,Petrol,4.0
Mercedes,Benz,2021.0,27500.0,Red,1332.0,Automatic,7.0,519000000.0,Petrol,4.0
Bmw,530I,2019.0,32500.0,Black,1998.0,Automatic,5.0,559000000.0,Petrol,6.0
Bmw,520I,2021.0,22500.0,Black,1998.0,Automatic,5.0,635000000.0,Petrol,4.0
Mercedes,Benz,2016.0,42500.0,White,1991.0,Automatic,5.0,370000000.0,Petrol,9.0
Bmw,330I,2023.0,2500.0,Black,1998.0,Automatic,5.0,825000000.0,Petrol,2.0
Bmw,330I,2021.0,17500.0,Black,1998.0,Automatic,5.0,635000000.0,Petrol,4.0
Mercedes,Benz,2023.0,2500.0,Black,1991.0,Automatic,5.0,810000000.0,Petrol,2.0
Suzuki,Apv,2013.0,127500.0,Silver,1500.0,Manual,8.0,88000000.0,Petrol,12.0
Daihatsu,Sigra,2024.0,7500.0,Orange,1197.0,Manual,7.0,118000000.0,Petrol,1.0
Mazda,Biante,2014.0,72500.0,Black,1997.0,Automatic,7.0,135000000.0,Petrol,11.0
Suzuki,Xl7,2021.0,72500.0,Black,1500.0,Automatic,7.0,200000000.0,Petrol,4.0
Toyota,Rush,2021.0,42500.0,Maroon,1495.0,Automatic,7.0,199000000.0,Petrol,4.0
Daihatsu,Sigra,2019.0,42500.0,Silver,1197.0,Manual,7.0,103000000.0,Petrol,6.0
Toyota,Fortuner,2018.0,87500.0,White,2393.0,Automatic,7.0,325000000.0,Diesel,7.0
Mg,Zs,2021.0,17500.0,White,1498.0,Automatic,5.0,184000000.0,Petrol,4.0
Honda,Hr,2024.0,12500.0,Grey,1498.0,Automatic,5.0,324000000.0,Petrol,1.0
Honda,Cr,2022.0,42500.0,Black,1498.0,Automatic,5.0,425000000.0,Petrol,3.0
Honda,Hr,2025.0,2500.0,Black,1498.0,Automatic,5.0,349000000.0,Petrol,0.0
Toyota,Voxy,2017.0,122500.0,Black,1986.0,Automatic,7.0,229000000.0,Petrol,8.0
Toyota,Raize,2024.0,2500.0,Black,998.0,Automatic,5.0,208000000.0,Petrol,1.0
Chevrolet,Trax,2017.0,97500.0,Silver,1399.0,Automatic,5.0,128000000.0,Petrol,8.0
Suzuki,Ertiga,2018.0,67500.0,White,1373.0,Manual,7.0,125000000.0,Petrol,7.0
Daihatsu,Sigra,2023.0,67500.0,White,1197.0,Manual,7.0,105000000.0,Petrol,2.0
Toyota,Kijang,2011.0,72500.0,Silver,1998.0,Automatic,8.0,115000000.0,Petrol,14.0
Mitsubishi,Pajero,2023.0,7500.0,White,2442.0,Automatic,7.0,495000000.0,Diesel,2.0
Mitsubishi,Pajero,2024.0,2500.0,Black,2442.0,Automatic,7.0,535000000.0,Diesel,1.0
Daihatsu,Sirion,2019.0,72500.0,White,1329.0,Automatic,5.0,145000000.0,Petrol,6.0
Toyota,Alphard,2024.0,2500.0,White,2500.0,Automatic,7.0,1425000000.0,Hybrid,1.0
Toyota,Alphard,2024.0,2500.0,Black,2500.0,Automatic,7.0,1450000000.0,Hybrid,1.0
Toyota,Alphard,2024.0,2500.0,Black,2500.0,Automatic,7.0,1425000000.0,Hybrid,1.0
Mercedes,Benz,2020.0,17500.0,Black,1991.0,Automatic,5.0,492000000.0,Petrol,5.0
Mercedes,Benz,2015.0,17500.0,White,2996.0,Automatic,4.0,538000000.0,Petrol,10.0
Toyota,Veloz,2022.0,52500.0,Silver,1496.0,Automatic,7.0,223000000.0,Petrol,3.0
Bmw,218I,2022.0,7500.0,Black,1499.0,Automatic,5.0,609000000.0,Petrol,3.0
Bmw,218I,2022.0,12500.0,Black,1499.0,Automatic,5.0,599000000.0,Petrol,3.0
Bmw,X3,2020.0,62500.0,Black,1998.0,Automatic,5.0,699000000.0,Petrol,5.0
Bmw,X6,2020.0,32500.0,Maroon,2998.0,Automatic,5.0,1499000000.0,Petrol,5.0
Bmw,X6,2020.0,7500.0,Black,2998.0,Automatic,5.0,1599000000.0,Petrol,5.0
Bmw,X3,2019.0,27500.0,Brown,1998.0,Automatic,5.0,659000000.0,Petrol,6.0
Bmw,X5,2020.0,37500.0,Black,2998.0,Automatic,5.0,899000000.0,Petrol,5.0
Bmw,X5,2019.0,67500.0,Black,2998.0,Automatic,5.0,809000000.0,Petrol,6.0
Bmw,520I,2022.0,7500.0,Blue,1998.0,Automatic,5.0,879000000.0,Petrol,3.0
Bmw,218I,2022.0,2500.0,White,1499.0,Automatic,5.0,629000000.0,Petrol,3.0
Bmw,520I,2020.0,32500.0,White,1998.0,Automatic,5.0,729000000.0,Petrol,5.0
Bmw,530I,2019.0,22500.0,Black,1998.0,Automatic,5.0,739000000.0,Petrol,6.0
Bmw,520I,2020.0,22500.0,White,1998.0,Automatic,5.0,729000000.0,Petrol,5.0
Bmw,520I,2020.0,52500.0,Black,1998.0,Automatic,5.0,729000000.0,Petrol,5.0
Bmw,530I,2021.0,27500.0,Black,1998.0,Automatic,5.0,789000000.0,Petrol,4.0
Bmw,X3,2019.0,47500.0,White,1998.0,Automatic,5.0,659000000.0,Petrol,6.0
Bmw,320I,2022.0,32500.0,White,1995.0,Automatic,5.0,669000000.0,Petrol,3.0
Bmw,X5,2019.0,52500.0,White,2998.0,Automatic,5.0,829000000.0,Petrol,6.0
Honda,Cr,2024.0,2500.0,White,1993.0,Automatic,5.0,650000000.0,Hybrid,1.0
Suzuki,Xl7,2021.0,92500.0,White,1500.0,Automatic,7.0,178000000.0,Petrol,4.0
Toyota,Raize,2022.0,52500.0,Black,998.0,Automatic,5.0,177000000.0,Petrol,3.0
Toyota,Land,1983.0,172500.0,Others,4230.0,Manual,6.0,680000000.0,Petrol,42.0
Toyota,Yaris,2012.0,112500.0,Silver,1497.0,Automatic,5.0,99000000.0,Petrol,13.0
Toyota,Veloz,2022.0,42500.0,Black,1496.0,Automatic,7.0,219000000.0,Petrol,3.0
Toyota,Alphard,2014.0,97500.0,Black,2362.0,Automatic,7.0,239000000.0,Petrol,11.0
Suzuki,Baleno,2020.0,77500.0,Red,1373.0,Automatic,5.0,165000000.0,Petrol,5.0
Nissan,Serena,2011.0,112500.0,Silver,1998.0,Automatic,7.0,105000000.0,Petrol,14.0
Mazda,Cx,2023.0,42500.0,Grey,1496.0,Automatic,5.0,249000000.0,Petrol,2.0
Hyundai,Creta,2022.0,22500.0,Red,1497.0,Automatic,5.0,239000000.0,Petrol,3.0
Honda,Wr,2023.0,32500.0,Black,1498.0,Automatic,5.0,215000000.0,Petrol,2.0
Honda,Hr,2015.0,122500.0,Grey,1497.0,Automatic,5.0,159000000.0,Petrol,10.0
Honda,Freed,2014.0,142500.0,Silver,1497.0,Automatic,7.0,129000000.0,Petrol,11.0
Honda,Cr,2018.0,87500.0,Silver,1498.0,Automatic,5.0,265000000.0,Petrol,7.0
Honda,City,2022.0,62500.0,White,1498.0,Automatic,5.0,189000000.0,Petrol,3.0
Honda,City,2021.0,37500.0,Grey,1498.0,Automatic,5.0,199000000.0,Petrol,4.0
Honda,Br,2022.0,52500.0,White,1498.0,Automatic,7.0,219000000.0,Petrol,3.0
Wuling,Almaz,2019.0,112500.0,Grey,1451.0,Automatic,5.0,109000000.0,Petrol,6.0
Toyota,Veloz,2022.0,42500.0,Silver,1496.0,Automatic,7.0,209000000.0,Petrol,3.0
Suzuki,Sx4,2018.0,77500.0,Grey,1500.0,Automatic,5.0,149000000.0,Petrol,7.0
Mitsubishi,Xpander,2021.0,52500.0,Grey,1499.0,Automatic,7.0,199000000.0,Petrol,4.0
Mazda,Cx,2018.0,62500.0,Grey,2488.0,Automatic,5.0,259000000.0,Petrol,7.0
Honda,Hr,2016.0,87500.0,Black,1497.0,Automatic,5.0,155000000.0,Petrol,9.0
Honda,Civic,2017.0,87500.0,Blue,1498.0,Automatic,5.0,239000000.0,Petrol,8.0
Honda,Jazz,2016.0,58050.0,Blue,1497.0,Automatic,5.0,180000000.0,Petrol,9.0
Toyota,Fortuner,2019.0,57500.0,Black,2393.0,Automatic,7.0,359000000.0,Diesel,6.0
Toyota,Avanza,2012.0,77500.0,White,1298.0,Automatic,7.0,99000000.0,Petrol,13.0
Suzuki,Sx4,2020.0,27500.0,White,1500.0,Automatic,5.0,175000000.0,Petrol,5.0
Suzuki,Sx4,2018.0,47500.0,Grey,1500.0,Automatic,5.0,155000000.0,Petrol,7.0
Toyota,Rush,2018.0,77500.0,White,1495.0,Automatic,7.0,169000000.0,Petrol,7.0
Toyota,Agya,2020.0,24310.0,Grey,1197.0,Automatic,5.0,130000000.0,Petrol,5.0
Nissan,Grand,2015.0,142500.0,Silver,1498.0,Automatic,7.0,95000000.0,Petrol,10.0
Mazda,2,2018.0,57500.0,White,1496.0,Automatic,5.0,159000000.0,Petrol,7.0
Honda,Jazz,2019.0,67500.0,White,1497.0,Automatic,5.0,195000000.0,Petrol,6.0
Hyundai,Stargazer,2023.0,42500.0,Black,1497.0,Automatic,7.0,189000000.0,Petrol,2.0
Hyundai,Creta,2022.0,47500.0,White,1497.0,Automatic,5.0,249000000.0,Petrol,3.0
Honda,Br,2018.0,107500.0,White,1497.0,Automatic,7.0,145000000.0,Petrol,7.0
Honda,Brio,2021.0,42500.0,White,1199.0,Automatic,5.0,149000000.0,Petrol,4.0
Honda,City,2022.0,42500.0,White,1498.0,Automatic,5.0,219000000.0,Petrol,3.0
Honda,Br,2023.0,12500.0,White,1498.0,Automatic,7.0,225000000.0,Petrol,2.0
Lexus,Lx,2018.0,17500.0,Black,5663.0,Automatic,8.0,1550000000.0,Petrol,7.0
Bmw,520I,2019.0,7500.0,Black,1998.0,Automatic,5.0,495000000.0,Petrol,6.0
Mini,Clubman,2019.0,2500.0,Silver,1500.0,Automatic,5.0,450000000.0,Petrol,6.0
Toyota,Camry,2021.0,57500.0,Black,2487.0,Automatic,5.0,315000000.0,Petrol,4.0
Honda,City,2022.0,42500.0,Black,1498.0,Automatic,5.0,310000000.0,Petrol,3.0
Daihatsu,Sigra,2022.0,32500.0,Orange,1197.0,Automatic,7.0,121000000.0,Petrol,3.0
Mercedes,Benz,2014.0,27500.0,Black,1991.0,Automatic,5.0,250000000.0,Petrol,11.0
Honda,Hr,2023.0,22500.0,Grey,1498.0,Automatic,5.0,310000000.0,Petrol,2.0
Kia,Grand,2018.0,67500.0,Red,2199.0,Automatic,8.0,285000000.0,Diesel,7.0
Honda,Cr,2015.0,92500.0,Black,2354.0,Automatic,5.0,180000000.0,Petrol,10.0
Mini,Countryman,2024.0,2500.0,Yellow,1998.0,Automatic,5.0,890000000.0,Petrol,1.0
Toyota,Raize,2022.0,22500.0,Blue,998.0,Automatic,5.0,210000000.0,Petrol,3.0
Toyota,Yaris,2024.0,7500.0,White,1496.0,Automatic,5.0,355000000.0,Petrol,1.0
Toyota,Vellfire,2023.0,37500.0,Black,2494.0,Automatic,7.0,850000000.0,Petrol,2.0
Suzuki,Ertiga,2023.0,37500.0,White,1462.0,Automatic,7.0,205000000.0,Hybrid,2.0
Mitsubishi,Xpander,2023.0,7500.0,White,1499.0,Automatic,7.0,260000000.0,Petrol,2.0
Honda,Br,2022.0,47500.0,White,1498.0,Automatic,7.0,215000000.0,Petrol,3.0
Mitsubishi,Xpander,2023.0,27500.0,White,1499.0,Automatic,7.0,255000000.0,Petrol,2.0
Mitsubishi,Xpander,2017.0,102500.0,Silver,1499.0,Automatic,7.0,169000000.0,Petrol,8.0
Toyota,Alphard,2021.0,27500.0,Black,2494.0,Automatic,7.0,735000000.0,Petrol,4.0
Hyundai,Stargazer,2022.0,37500.0,Grey,1497.0,Automatic,7.0,188000000.0,Petrol,3.0
Bmw,X1,2015.0,57500.0,Orange,1995.0,Automatic,5.0,179000000.0,Petrol,10.0
Mercedes,Benz,2012.0,77500.0,White,3498.0,Automatic,5.0,284000000.0,Petrol,13.0
Honda,Cr,2018.0,117500.0,White,1498.0,Automatic,5.0,263000000.0,Petrol,7.0
Toyota,Hiace,2024.0,22500.0,White,2982.0,Manual,16.0,485000000.0,Diesel,1.0
Toyota,Vellfire,2021.0,12500.0,White,2494.0,Automatic,7.0,735000000.0,Petrol,4.0
Chery,Tiggo,2025.0,2500.0,White,1500.0,Automatic,5.0,178000000.0,Petrol,0.0
Honda,Brio,2018.0,102500.0,Black,1199.0,Automatic,5.0,109000000.0,Petrol,7.0
Wuling,Confero,2021.0,82500.0,Silver,1485.0,Manual,7.0,95000000.0,Petrol,4.0
Daihatsu,Ayla,2018.0,97500.0,Black,998.0,Automatic,5.0,85000000.0,Petrol,7.0
Honda,Freed,2009.0,147500.0,Grey,1497.0,Automatic,7.0,95000000.0,Petrol,16.0
Chery,Tiggo,2022.0,12500.0,White,1498.0,Automatic,5.0,228000000.0,Petrol,3.0
Toyota,Vios,2010.0,137500.0,Black,1497.0,Automatic,5.0,79000000.0,Petrol,15.0
Honda,Brio,2020.0,22500.0,Yellow,1199.0,Automatic,5.0,126000000.0,Petrol,5.0
Mg,Hs,2022.0,42500.0,White,1490.0,Automatic,5.0,225000000.0,Petrol,3.0
Honda,Br,2024.0,2500.0,Grey,1498.0,Automatic,7.0,248000000.0,Petrol,1.0
Mercedes,Benz,2022.0,7500.0,White,1991.0,Automatic,7.0,767000000.0,Petrol,3.0
Suzuki,Jimny,2023.0,2500.0,Green,1462.0,Manual,4.0,369000000.0,Petrol,2.0
Mitsubishi,Pajero,2019.0,62500.0,Black,2442.0,Automatic,7.0,387000000.0,Diesel,6.0
Bmw,X1,2019.0,27500.0,White,1499.0,Automatic,5.0,349000000.0,Petrol,6.0
Toyota,Kijang,2011.0,72500.0,Silver,1998.0,Automatic,8.0,110000000.0,Petrol,14.0
Toyota,Avanza,2014.0,92500.0,Black,1298.0,Automatic,7.0,106000000.0,Petrol,11.0
Honda,Freed,2013.0,177500.0,Silver,1497.0,Automatic,7.0,119000000.0,Petrol,12.0
Mitsubishi,Xpander,2019.0,42500.0,White,1499.0,Automatic,7.0,185000000.0,Petrol,6.0
Nissan,X,2015.0,122500.0,Black,2488.0,Automatic,7.0,135000000.0,Petrol,10.0
Mitsubishi,Xpander,2022.0,57500.0,Black,1499.0,Automatic,7.0,208000000.0,Petrol,3.0
Toyota,Yaris,2014.0,72500.0,White,1497.0,Automatic,5.0,135000000.0,Petrol,11.0
Toyota,Fortuner,2021.0,62500.0,Black,2393.0,Automatic,7.0,435000000.0,Diesel,4.0
Toyota,Avanza,2015.0,102500.0,Black,1495.0,Automatic,7.0,128000000.0,Petrol,10.0
Hyundai,Staria,2021.0,57500.0,Black,2199.0,Automatic,7.0,490000000.0,Diesel,4.0
Honda,Cr,2021.0,62500.0,Grey,1498.0,Automatic,5.0,405000000.0,Petrol,4.0
Mercedes,Benz,2016.0,22500.0,White,1991.0,Automatic,5.0,399000000.0,Petrol,9.0
Bmw,320I,2018.0,32500.0,Black,1995.0,Automatic,5.0,330000000.0,Petrol,7.0
Bmw,320I,2020.0,32500.0,Black,1995.0,Automatic,5.0,460000000.0,Petrol,5.0
Bmw,320I,2021.0,22500.0,Grey,1995.0,Automatic,5.0,490000000.0,Petrol,4.0
Bmw,320I,2016.0,32500.0,Black,1998.0,Automatic,5.0,299000000.0,Petrol,9.0
Mazda,Cx,2022.0,17500.0,Red,2488.0,Automatic,5.0,419000000.0,Petrol,3.0
Mini,Cooper,2018.0,32500.0,Red,1500.0,Automatic,5.0,420000000.0,Petrol,7.0
Mazda,Cx,2021.0,32500.0,Black,2488.0,Automatic,7.0,445000000.0,Petrol,4.0
Mercedes,Benz,2017.0,32500.0,Black,1991.0,Automatic,5.0,470000000.0,Petrol,8.0
Toyota,Rush,2022.0,33844.0,Silver,1496.0,Automatic,7.0,217000000.0,Petrol,3.0
Toyota,Rush,2022.0,32067.0,Silver,1496.0,Automatic,7.0,217000000.0,Petrol,3.0
Toyota,Rush,2022.0,32290.0,Silver,1496.0,Automatic,7.0,218000000.0,Petrol,3.0
Toyota,Rush,2017.0,92615.0,Black,1495.0,Automatic,7.0,168000000.0,Petrol,8.0
Toyota,Veloz,2022.0,26690.0,Black,1496.0,Automatic,7.0,215000000.0,Petrol,3.0
Toyota,Veloz,2022.0,19633.0,White,1496.0,Automatic,7.0,228000000.0,Petrol,3.0
Toyota,Kijang,2022.0,22624.0,Black,1998.0,Automatic,8.0,357000000.0,Petrol,3.0
Toyota,Kijang,2021.0,47349.0,White,1998.0,Automatic,8.0,265000000.0,Petrol,4.0
Daihatsu,Ayla,2023.0,16137.0,Silver,998.0,Automatic,5.0,128000000.0,Petrol,2.0
Daihatsu,Ayla,2022.0,26863.0,White,998.0,Manual,5.0,105000000.0,Petrol,3.0
Toyota,Kijang,2019.0,75443.0,Black,1998.0,Automatic,8.0,234000000.0,Petrol,6.0
Mercedes,Benz,2016.0,52500.0,Black,1991.0,Automatic,5.0,360000000.0,Petrol,9.0
Honda,Wr,2024.0,17500.0,Maroon,1498.0,Automatic,5.0,220000000.0,Petrol,1.0
Toyota,Calya,2020.0,137500.0,Black,1197.0,Automatic,7.0,115000000.0,Petrol,5.0
Honda,Hr,2018.0,87500.0,Grey,1497.0,Automatic,5.0,207000000.0,Petrol,7.0
Chery,Omoda,2023.0,17500.0,White,1498.0,Automatic,5.0,250000000.0,Petrol,2.0
Honda,Hr,2023.0,12500.0,Grey,1498.0,Automatic,5.0,302000000.0,Petrol,2.0
Mazda,2,2016.0,82500.0,Black,1496.0,Automatic,5.0,145000009.0,Petrol,9.0
Toyota,Alphard,2023.0,12500.0,Black,2494.0,Automatic,7.0,925000000.0,Petrol,2.0
Porsche,718,2016.0,7500.0,Yellow,1988.0,Automatic,2.0,1695000000.0,Petrol,9.0
Honda,Civic,2019.0,22500.0,Grey,1498.0,Automatic,5.0,305000000.0,Petrol,6.0
Nissan,Grand,2013.0,47500.0,Black,1498.0,Automatic,7.0,95000000.0,Petrol,12.0
Honda,City,2004.0,157500.0,Silver,1497.0,Manual,5.0,49000000.0,Petrol,21.0
Toyota,Agya,2025.0,7500.0,White,1200.0,Automatic,5.0,150000000.0,Petrol,0.0
Nissan,Juke,2015.0,87500.0,White,1498.0,Automatic,5.0,120000000.0,Petrol,10.0
Toyota,Fortuner,2017.0,132500.0,White,2393.0,Automatic,7.0,315000000.0,Diesel,8.0
Volkswagen,Tiguan,2019.0,42500.0,Blue,1395.0,Automatic,5.0,275000000.0,Petrol,6.0
Mitsubishi,Pajero,2021.0,37500.0,Black,2442.0,Automatic,7.0,370000000.0,Diesel,4.0
Toyota,Camry,2020.0,47500.0,White,2494.0,Automatic,5.0,315000000.0,Petrol,5.0
Toyota,Kijang,2021.0,72500.0,Black,2393.0,Automatic,8.0,355000000.0,Diesel,4.0
Toyota,Kijang,2020.0,67500.0,Black,1998.0,Automatic,7.0,305000000.0,Petrol,5.0
Toyota,Rush,2016.0,67500.0,White,1495.0,Automatic,5.0,140000000.0,Petrol,9.0
Toyota,Vios,2021.0,27500.0,Black,1496.0,Automatic,5.0,178000000.0,Petrol,4.0
Honda,Brio,2023.0,47500.0,Red,1199.0,Automatic,5.0,166000000.0,Petrol,2.0
Toyota,Agya,2025.0,2500.0,Red,1200.0,Automatic,5.0,154000000.0,Petrol,0.0
Suzuki,Ertiga,2019.0,42500.0,White,1462.0,Automatic,7.0,164000000.0,Petrol,6.0
Toyota,Voxy,2018.0,82500.0,White,1986.0,Automatic,7.0,245000000.0,Petrol,7.0
Mazda,Cx,2019.0,57500.0,Black,2488.0,Automatic,5.0,310000000.0,Petrol,6.0
Bmw,320I,2018.0,27500.0,Silver,1995.0,Automatic,5.0,338000000.0,Petrol,7.0
Suzuki,Ertiga,2023.0,62500.0,White,1462.0,Automatic,7.0,170000000.0,Petrol,2.0
Toyota,Fortuner,2020.0,82500.0,Black,2393.0,Automatic,7.0,410000000.0,Diesel,5.0
Mitsubishi,Xpander,2021.0,72500.0,Black,1499.0,Automatic,7.0,185000000.0,Petrol,4.0
Lamborghini,Urus,2018.0,7500.0,Red,3996.0,Automatic,5.0,8900000000.0,Petrol,7.0
Toyota,Camry,2021.0,7500.0,Black,2487.0,Automatic,5.0,510000000.0,Hybrid,4.0
Toyota,Fortuner,2022.0,47500.0,Black,2755.0,Automatic,7.0,428000000.0,Diesel,3.0
Toyota,Yaris,2023.0,27500.0,Orange,1496.0,Automatic,5.0,289000000.0,Petrol,2.0
Toyota,Avanza,2025.0,2500.0,Grey,1329.0,Automatic,7.0,200000000.0,Petrol,0.0
Honda,Hr,2021.0,22500.0,Grey,1497.0,Automatic,5.0,227000000.0,Petrol,4.0
Suzuki,Xl7,2024.0,17500.0,Black,1500.0,Automatic,7.0,239000000.0,Hybrid,1.0
Toyota,Voxy,2018.0,62500.0,Black,1986.0,Automatic,7.0,269000000.0,Petrol,7.0
Toyota,Calya,2023.0,22500.0,White,1197.0,Automatic,7.0,127000000.0,Petrol,2.0
Toyota,Voxy,2019.0,67500.0,Black,1986.0,Automatic,7.0,265000000.0,Petrol,6.0
Toyota,Fortuner,2019.0,62500.0,Black,2393.0,Automatic,7.0,359000000.0,Diesel,6.0
Hyundai,Creta,2022.0,17500.0,Grey,1497.0,Automatic,5.0,250000000.0,Petrol,3.0
Toyota,Camry,2023.0,22500.0,Black,2487.0,Automatic,5.0,429000000.0,Petrol,2.0
Toyota,Voxy,2023.0,12500.0,White,1986.0,Automatic,7.0,434000000.0,Petrol,2.0
Toyota,Alphard,2014.0,97500.0,Black,2362.0,Automatic,7.0,241000000.0,Petrol,11.0
Toyota,Calya,2020.0,43300.0,Grey,1197.0,Automatic,7.0,125000000.0,Petrol,5.0
Daihatsu,Terios,2016.0,86650.0,Silver,1495.0,Automatic,7.0,152000000.0,Petrol,9.0
Suzuki,Ignis,2019.0,53700.0,Blue,1197.0,Manual,5.0,115000000.0,Petrol,6.0
Bmw,330I,2024.0,2500.0,Blue,1998.0,Automatic,5.0,860000000.0,Petrol,1.0
Mercedes,Benz,2020.0,37500.0,Black,1991.0,Automatic,7.0,599000000.0,Petrol,5.0
Suzuki,Xl7,2022.0,24200.0,Brown,1500.0,Automatic,7.0,205000000.0,Petrol,3.0
Mitsubishi,Xpander,2018.0,72500.0,Silver,1499.0,Automatic,7.0,179000000.0,Petrol,7.0
Hyundai,Creta,2022.0,37500.0,Grey,1497.0,Automatic,5.0,259000000.0,Petrol,3.0
Honda,Brio,2020.0,25200.0,Black,1199.0,Manual,5.0,135000000.0,Petrol,5.0
Suzuki,Ertiga,2019.0,63890.0,Black,1462.0,Automatic,7.0,178000000.0,Petrol,6.0
Mg,Hs,2021.0,77500.0,Black,1490.0,Automatic,5.0,225000000.0,Petrol,4.0
Mercedes,Benz,2014.0,82500.0,Black,1796.0,Automatic,5.0,280000000.0,Petrol,11.0
Bmw,X3,2021.0,27500.0,White,1998.0,Automatic,5.0,575000000.0,Petrol,4.0
Gmc,Sierra,2021.0,2500.0,Black,6162.0,Automatic,5.0,3100000000.0,Petrol,4.0
Hummer,H2,2004.0,62500.0,Black,5967.0,Automatic,5.0,1300000000.0,Petrol,21.0
Toyota,Agya,2022.0,12500.0,White,1197.0,Automatic,5.0,120000000.0,Petrol,3.0
Bmw,523I,2008.0,137500.0,Black,2497.0,Automatic,5.0,110000000.0,Petrol,17.0
Mitsubishi,Pajero,2015.0,137500.0,White,2477.0,Automatic,7.0,198000000.0,Diesel,10.0
Hyundai,Creta,2022.0,7500.0,Red,1497.0,Automatic,5.0,248000000.0,Petrol,3.0
Toyota,Yaris,2024.0,2500.0,Black,1496.0,Automatic,5.0,345000000.0,Petrol,1.0
Honda,Cr,2015.0,122500.0,Black,2354.0,Automatic,5.0,202000000.0,Petrol,10.0
Chevrolet,Captiva,2017.0,77500.0,White,1998.0,Automatic,7.0,215000000.0,Diesel,8.0
Toyota,Kijang,2019.0,112500.0,Black,2393.0,Automatic,7.0,380000000.0,Diesel,6.0
Mini,Cabrio,2017.0,22500.0,Silver,1499.0,Automatic,4.0,625000000.0,Petrol,8.0
Lexus,Lm,2024.0,27500.0,Black,2487.0,Automatic,4.0,2100000000.0,Hybrid,1.0
Suzuki,Apv,2013.0,127500.0,Silver,1500.0,Manual,8.0,90000000.0,Petrol,12.0
Toyota,Harrier,2014.0,82500.0,White,1986.0,Automatic,5.0,280000000.0,Petrol,11.0
Hyundai,Creta,2022.0,12500.0,Red,1497.0,Automatic,5.0,248000000.0,Petrol,3.0
Suzuki,Ertiga,2018.0,72500.0,Silver,1462.0,Automatic,7.0,139000000.0,Petrol,7.0
Suzuki,S,2023.0,32500.0,Grey,998.0,Automatic,4.0,120000000.0,Petrol,2.0
Honda,Mobilio,2018.0,47500.0,White,1496.0,Automatic,7.0,163000000.0,Petrol,7.0
Toyota,Kijang,2022.0,47500.0,Black,2393.0,Automatic,7.0,440000000.0,Diesel,3.0
Honda,Mobilio,2016.0,132500.0,Silver,1496.0,Automatic,7.0,125000000.0,Petrol,9.0
Toyota,Yaris,2020.0,67500.0,Black,1496.0,Automatic,5.0,199000000.0,Petrol,5.0
Nissan,Kicks,2020.0,87500.0,Black,1198.0,Automatic,5.0,185000000.0,Petrol,5.0
Toyota,Kijang,2020.0,57500.0,Black,2393.0,Automatic,8.0,291000000.0,Diesel,5.0
Toyota,Fortuner,2013.0,137500.0,Black,2494.0,Automatic,7.0,220000000.0,Diesel,12.0
Toyota,Voxy,2019.0,42500.0,Black,1986.0,Automatic,7.0,261000000.0,Petrol,6.0
Toyota,Yaris,2021.0,42085.0,White,1496.0,Automatic,5.0,202000000.0,Petrol,4.0
Lexus,Rx,2012.0,157500.0,Black,2672.0,Automatic,5.0,187000000.0,Petrol,13.0
Toyota,Avanza,2015.0,62500.0,Black,1495.0,Automatic,7.0,134000000.0,Petrol,10.0
Toyota,Vellfire,2014.0,117500.0,White,2362.0,Automatic,7.0,260000000.0,Petrol,11.0
Toyota,Fj,2017.0,2500.0,Black,3956.0,Automatic,5.0,1495000000.0,Petrol,8.0
Toyota,Fortuner,2018.0,87500.0,Black,2694.0,Automatic,7.0,309000000.0,Petrol,7.0
Datsun,Go%2B,2018.0,62500.0,Red,1198.0,Manual,7.0,80000000.0,Petrol,7.0
Mitsubishi,Xpander,2021.0,52500.0,Grey,1499.0,Automatic,7.0,225000000.0,Petrol,4.0
Toyota,Yaris,2023.0,22500.0,White,1496.0,Automatic,5.0,325000000.0,Hybrid,2.0
Bmw,550I,2011.0,7500.0,Maroon,4395.0,Automatic,4.0,659000000.0,Petrol,14.0
Bmw,218I,2024.0,2500.0,Black,1499.0,Automatic,5.0,659000000.0,Petrol,1.0
Mercedes,Benz,2024.0,2500.0,Black,2925.0,Automatic,5.0,4400000000.0,Diesel,1.0
Jeep,Wrangler,2022.0,12500.0,Green,2000.0,Automatic,5.0,1675000000.0,Petrol,3.0
Mini,Cooper,2023.0,7500.0,Silver,1998.0,Automatic,5.0,745000000.0,Petrol,2.0
Mitsubishi,Pajero,2019.0,107500.0,White,2442.0,Automatic,7.0,375000000.0,Diesel,6.0
Hyundai,Stargazer,2023.0,27500.0,White,1497.0,Automatic,7.0,200000000.0,Petrol,2.0
Toyota,Yaris,2022.0,32500.0,White,1495.0,Automatic,5.0,208000000.0,Petrol,3.0
Lexus,Lm,2022.0,7500.0,White,3456.0,Automatic,7.0,1225000000.0,Petrol,3.0
Jeep,Wrangler,2021.0,7500.0,Black,2000.0,Automatic,5.0,1450000000.0,Petrol,4.0
Toyota,Kijang,2016.0,87500.0,Black,1998.0,Automatic,7.0,250000000.0,Petrol,9.0
Mercedes,Benz,2014.0,22500.0,Black,1595.0,Automatic,5.0,268000000.0,Petrol,11.0
Honda,Civic,2017.0,57500.0,Grey,1498.0,Automatic,5.0,251000000.0,Petrol,8.0
Toyota,Vellfire,2017.0,77500.0,White,2493.0,Automatic,7.0,368000000.0,Petrol,8.0
Nissan,Grand,2014.0,82500.0,Black,1498.0,Automatic,7.0,109000000.0,Petrol,11.0
Bmw,X1,2024.0,2500.0,White,1499.0,Automatic,5.0,760000000.0,Petrol,1.0
Lexus,Nx,2020.0,17500.0,White,1998.0,Automatic,5.0,625000000.0,Petrol,5.0
Mercedes,Benz,2014.0,27500.0,Black,2996.0,Automatic,5.0,315000000.0,Petrol,11.0
Bmw,X1,2013.0,67500.0,White,1995.0,Automatic,5.0,170000000.0,Diesel,12.0
Honda,Brio,2015.0,52500.0,Red,1198.0,Automatic,5.0,115000000.0,Petrol,10.0
Bmw,X5,2024.0,7500.0,Black,2998.0,Automatic,5.0,1425000000.0,Petrol,1.0
Bmw,X7,2024.0,2500.0,Black,2998.0,Automatic,7.0,1895000000.0,Petrol,1.0
Bmw,M4,2022.0,2500.0,Yellow,2993.0,Automatic,4.0,1750000000.0,Petrol,3.0
Honda,Accord,2012.0,82500.0,Grey,2354.0,Automatic,5.0,135000000.0,Petrol,13.0
Lexus,Lm,2020.0,47500.0,Black,3456.0,Automatic,7.0,1050000000.0,Petrol,5.0
Mini,Clubman,2024.0,2500.0,Black,1998.0,Automatic,5.0,1050000000.0,Petrol,1.0
Land,Rover,2022.0,12500.0,Black,2996.0,Automatic,5.0,2875000000.0,Petrol,3.0
Mercedes,Benz,2024.0,2500.0,Black,2925.0,Automatic,5.0,4300000000.0,Diesel,1.0
Toyota,Avanza,2021.0,57500.0,Silver,1496.0,Automatic,7.0,191000000.0,Petrol,4.0
Toyota,Land,2017.0,42500.0,Black,4461.0,Automatic,7.0,1475000000.0,Diesel,8.0
Suzuki,Ertiga,2014.0,142500.0,Grey,1373.0,Automatic,7.0,98000000.0,Petrol,11.0
Baic,Bj40,2024.0,7500.0,Blue,1981.0,Automatic,5.0,585000000.0,Petrol,1.0
Hyundai,Palisade,2023.0,7500.0,Black,2199.0,Automatic,7.0,799000000.0,Diesel,2.0
Toyota,Voxy,2019.0,107500.0,White,1986.0,Automatic,7.0,260000000.0,Petrol,6.0
Toyota,Kijang,2014.0,72500.0,Grey,1998.0,Automatic,8.0,165000000.0,Petrol,11.0
Toyota,Voxy,2019.0,82500.0,Black,1986.0,Automatic,7.0,260000000.0,Petrol,6.0
Wuling,Cortez,2018.0,67500.0,Black,1798.0,Manual,7.0,122000000.0,Petrol,7.0
Audi,Q8,2021.0,42500.0,Grey,2995.0,Automatic,5.0,1625000000.0,Petrol,4.0
Bmw,X5,2022.0,22500.0,Black,2998.0,Automatic,5.0,918000000.0,Petrol,3.0
Toyota,Sienta,2017.0,67500.0,Brown,1497.0,Automatic,7.0,135000000.0,Petrol,8.0
Toyota,Granace,2024.0,2500.0,Black,2754.0,Automatic,6.0,1750000000.0,Diesel,1.0
Wuling,Cortez,2018.0,102500.0,Black,1798.0,Automatic,7.0,114000000.0,Petrol,7.0
Hyundai,Santa,2023.0,27500.0,White,2497.0,Automatic,7.0,404000000.0,Petrol,2.0
Toyota,Kijang,2022.0,47500.0,Black,2393.0,Automatic,7.0,448000000.0,Diesel,3.0
Bmw,528I,2015.0,22500.0,White,1997.0,Automatic,5.0,295000000.0,Petrol,10.0
Lexus,Lx,2010.0,92500.0,Silver,5663.0,Automatic,8.0,535000000.0,Petrol,15.0
Toyota,Kijang,2021.0,77500.0,Black,1998.0,Automatic,8.0,270000000.0,Petrol,4.0
Toyota,Agya,2021.0,32500.0,Grey,1197.0,Automatic,5.0,130000000.0,Petrol,4.0
Toyota,Alphard,2010.0,162500.0,Black,2362.0,Automatic,7.0,185000000.0,Petrol,15.0
Toyota,Calya,2018.0,47500.0,Silver,1197.0,Automatic,7.0,114000000.0,Petrol,7.0
Toyota,Sienta,2016.0,97500.0,Black,1497.0,Automatic,7.0,158000000.0,Petrol,9.0
Hyundai,Santa,2024.0,17500.0,White,2497.0,Automatic,7.0,611000000.0,Petrol,1.0
Toyota,Fortuner,2022.0,87500.0,Black,2755.0,Automatic,7.0,435000099.0,Diesel,3.0
Porsche,718,2017.0,7500.0,Others,1988.0,Automatic,2.0,2185000000.0,Petrol,8.0
Toyota,Rush,2021.0,55650.0,Silver,1496.0,Automatic,7.0,210000000.0,Petrol,4.0
Mitsubishi,Triton,2019.0,82500.0,White,2442.0,Automatic,5.0,405000000.0,Diesel,6.0
Honda,Hr,2017.0,87500.0,Black,1497.0,Automatic,5.0,177000000.0,Petrol,8.0
Hyundai,Santa,2015.0,82500.0,Black,2359.0,Automatic,7.0,165000000.0,Petrol,10.0
Mazda,Cx,2015.0,112500.0,Red,2488.0,Automatic,5.0,196000000.0,Petrol,10.0
Toyota,Voxy,2023.0,7500.0,Black,1986.0,Automatic,7.0,475000000.0,Petrol,2.0
Mercedes,Benz,2010.0,82500.0,Black,2996.0,Automatic,5.0,189000000.0,Petrol,15.0
Mercedes,Benz,2011.0,42500.0,Black,2996.0,Automatic,7.0,199000000.0,Petrol,14.0
Bmw,X5,2024.0,12500.0,Black,2998.0,Automatic,5.0,1425000000.0,Petrol,1.0
Bmw,M4,2022.0,7500.0,Yellow,2993.0,Automatic,4.0,1750000000.0,Petrol,3.0
Bmw,218I,2015.0,57500.0,Red,1499.0,Automatic,7.0,215000000.0,Petrol,10.0
Jaguar,F,2014.0,7500.0,White,3000.0,Automatic,2.0,1275000000.0,Petrol,11.0
Toyota,Land,2011.0,47500.0,White,4461.0,Automatic,8.0,875000000.0,Diesel,14.0
Lexus,Rx,2022.0,37500.0,White,1998.0,Automatic,5.0,979000000.0,Petrol,3.0
Toyota,Avanza,2020.0,52500.0,Black,1329.0,Automatic,7.0,158000000.0,Petrol,5.0
Bmw,320I,2018.0,67500.0,White,1995.0,Automatic,5.0,369000000.0,Petrol,7.0
Ford,Mustang,2023.0,7500.0,Blue,2264.0,Automatic,4.0,1350000000.0,Petrol,2.0
Hyundai,Stargazer,2023.0,12500.0,White,1497.0,Automatic,7.0,210000000.0,Petrol,2.0
Toyota,Agya,2023.0,47500.0,Black,1200.0,Automatic,5.0,149000000.0,Petrol,2.0
Mercedes,Benz,2009.0,72500.0,Black,2996.0,Automatic,5.0,189000000.0,Petrol,16.0
Bmw,X4,2016.0,52500.0,Black,1998.0,Automatic,5.0,450000000.0,Petrol,9.0
Mini,Cooper,2018.0,17500.0,Green,1500.0,Automatic,4.0,459000000.0,Petrol,7.0
Hyundai,Stargazer,2023.0,12500.0,Black,1497.0,Automatic,7.0,227000000.0,Petrol,2.0
Mercedes,Benz,2013.0,32500.0,Black,2996.0,Automatic,5.0,315000000.0,Petrol,12.0
Mercedes,Benz,2017.0,42500.0,White,1991.0,Automatic,5.0,435000000.0,Petrol,8.0
Suzuki,Baleno,2020.0,52500.0,Grey,1373.0,Automatic,5.0,153000000.0,Petrol,5.0
Chevrolet,Trailblazer,2017.0,97500.0,Black,2499.0,Automatic,7.0,229000000.0,Diesel,8.0
Mg,Zs,2021.0,37500.0,Silver,1498.0,Automatic,5.0,159000000.0,Petrol,4.0
Mg,5,2023.0,17500.0,Yellow,1498.0,Automatic,5.0,235000000.0,Petrol,2.0
Mitsubishi,Colt,2014.0,132500.0,Yellow,3908.0,Manual,3.0,210000000.0,Diesel,11.0
Mitsubishi,Colt,2016.0,107500.0,Yellow,3908.0,Manual,3.0,175000000.0,Diesel,9.0
Toyota,Kijang,2016.0,117500.0,Grey,2393.0,Automatic,8.0,285000000.0,Diesel,9.0
Suzuki,Ertiga,2020.0,77500.0,Black,1462.0,Manual,7.0,164000000.0,Petrol,5.0
Honda,Hr,2022.0,37500.0,Black,1498.0,Automatic,5.0,310000000.0,Petrol,3.0
Mercedes,Benz,2011.0,42500.0,Black,2987.0,Automatic,7.0,199000000.0,Petrol,14.0
Toyota,Kijang,2022.0,22500.0,Black,1998.0,Automatic,7.0,357000000.0,Petrol,3.0
Toyota,Rush,2022.0,32500.0,Silver,1496.0,Automatic,7.0,218000000.0,Petrol,3.0
Toyota,Calya,2022.0,22500.0,Black,1197.0,Automatic,7.0,125000000.0,Petrol,3.0
Bmw,428I,2014.0,67500.0,Black,1997.0,Automatic,5.0,460000000.0,Petrol,11.0
Toyota,Kijang,2018.0,37500.0,Black,2393.0,Automatic,8.0,320000000.0,Diesel,7.0
Honda,Odyssey,2014.0,82500.0,Black,2354.0,Automatic,7.0,265000000.0,Petrol,11.0
Honda,Accord,2008.0,152500.0,Black,2354.0,Automatic,5.0,110000000.0,Petrol,17.0
Nissan,Elgrand,2011.0,67500.0,Silver,3498.0,Automatic,7.0,190000000.0,Petrol,14.0
Toyota,Fortuner,2025.0,12500.0,Black,2755.0,Automatic,7.0,585000000.0,Diesel,0.0
Suzuki,Xl7,2021.0,37500.0,White,1500.0,Automatic,7.0,195000000.0,Petrol,4.0
Toyota,Alphard,2024.0,2500.0,Black,2500.0,Automatic,7.0,1445000000.0,Petrol,1.0
Mercedes,Benz,2019.0,7500.0,White,1991.0,Automatic,5.0,530000000.0,Petrol,6.0
Lexus,Rx,2018.0,47500.0,White,1998.0,Automatic,5.0,700000000.0,Petrol,7.0
Lexus,Lx,2014.0,47500.0,White,5663.0,Automatic,8.0,900000000.0,Petrol,11.0
Mitsubishi,Xpander,2024.0,12500.0,Black,1499.0,Automatic,7.0,266000000.0,Petrol,1.0
Mercedes,Benz,2019.0,7500.0,Black,1497.0,Automatic,5.0,440000000.0,Petrol,6.0
Lexus,Rx,2022.0,17500.0,White,1998.0,Automatic,5.0,975000000.0,Petrol,3.0
Mercedes,Benz,2019.0,12500.0,Black,2999.0,Automatic,5.0,925000000.0,Petrol,6.0
Mercedes,Benz,2017.0,12500.0,White,1991.0,Automatic,2.0,875000000.0,Petrol,8.0
Mercedes,Benz,2022.0,7500.0,Black,1999.0,Automatic,5.0,719000000.0,Petrol,3.0
Mercedes,Benz,2017.0,17500.0,Black,1596.0,Automatic,5.0,341000000.0,Petrol,8.0
Jeep,Wrangler,2014.0,22500.0,White,3604.0,Automatic,5.0,795000000.0,Petrol,11.0
Jeep,Wrangler,2020.0,7500.0,Red,1995.0,Automatic,4.0,1625000000.0,Petrol,5.0
Daihatsu,Ayla,2019.0,67500.0,White,1197.0,Automatic,5.0,97000000.0,Petrol,6.0
Honda,Wr,2024.0,17500.0,Grey,1498.0,Automatic,5.0,225000000.0,Petrol,1.0
Mercedes,Benz,2014.0,67500.0,Grey,1595.0,Automatic,5.0,245000000.0,Petrol,11.0
Toyota,Rush,2023.0,17500.0,Silver,1496.0,Automatic,7.0,199000000.0,Petrol,2.0
Honda,Hr,2015.0,72500.0,Red,1799.0,Automatic,5.0,212000000.0,Petrol,10.0
Nissan,Elgrand,2011.0,122500.0,Silver,3498.0,Automatic,7.0,145000000.0,Petrol,14.0
Suzuki,Baleno,2020.0,47500.0,Grey,1373.0,Automatic,5.0,153000000.0,Petrol,5.0
Bmw,840I,2021.0,7500.0,Black,2998.0,Automatic,4.0,1850000000.0,Petrol,4.0
Bmw,523I,2012.0,57500.0,Black,2996.0,Automatic,5.0,210000000.0,Petrol,13.0
Mazda,2,2016.0,67500.0,Red,1496.0,Automatic,5.0,153000000.0,Petrol,9.0
Mercedes,Benz,2023.0,2500.0,Blue,1991.0,Automatic,4.0,2999000000.0,Petrol,2.0
Hyundai,Creta,2025.0,2500.0,White,1482.0,Automatic,5.0,428000000.0,Petrol,0.0
Subaru,Crosstrek,2023.0,27500.0,Silver,1995.0,Automatic,5.0,359000000.0,Petrol,2.0
Bmw,430I,2023.0,2500.0,Blue,1998.0,Automatic,4.0,1175000000.0,Petrol,2.0
Toyota,Alphard,2023.0,17500.0,White,2494.0,Automatic,7.0,835000000.0,Petrol,2.0
Toyota,Alphard,2016.0,57500.0,Black,2493.0,Automatic,7.0,500000000.0,Petrol,9.0
Toyota,Alphard,2018.0,47500.0,White,2494.0,Automatic,7.0,595000000.0,Petrol,7.0
Hyundai,Santa,2024.0,2500.0,White,2497.0,Automatic,6.0,720000000.0,Petrol,1.0
Honda,Cr,2024.0,27500.0,Grey,1993.0,Automatic,5.0,599000000.0,Hybrid,1.0
Hyundai,Stargazer,2023.0,12500.0,Grey,1497.0,Automatic,7.0,226000000.0,Petrol,2.0
Honda,Brio,2021.0,27500.0,Silver,1199.0,Automatic,5.0,139000000.0,Petrol,4.0
Honda,Brio,2024.0,12500.0,Green,1199.0,Automatic,5.0,150000000.0,Petrol,1.0
Hyundai,Stargazer,2023.0,17500.0,White,1497.0,Automatic,7.0,195000000.0,Petrol,2.0
Honda,Brio,2015.0,87500.0,Grey,1198.0,Automatic,5.0,94000000.0,Petrol,10.0
Honda,Hr,2018.0,52500.0,Grey,1497.0,Automatic,5.0,177000000.0,Petrol,7.0
Toyota,Fortuner,2021.0,72500.0,White,2393.0,Automatic,7.0,409000000.0,Diesel,4.0
Wuling,Alvez,2023.0,32500.0,Red,1485.0,Automatic,5.0,189000000.0,Petrol,2.0
Toyota,Sienta,2016.0,57500.0,Black,1497.0,Automatic,7.0,156000000.0,Petrol,9.0
Toyota,Fortuner,2024.0,17500.0,White,2755.0,Automatic,7.0,535000000.0,Diesel,1.0
Toyota,Fortuner,2018.0,27500.0,Brown,2393.0,Automatic,7.0,372000000.0,Diesel,7.0
Toyota,Raize,2021.0,52085.0,Grey,998.0,Automatic,5.0,190000000.0,Petrol,4.0
Toyota,Kijang,2018.0,52500.0,White,1998.0,Automatic,8.0,238000000.0,Petrol,7.0
Toyota,Kijang,2024.0,17500.0,Black,1987.0,Automatic,8.0,375000000.0,Petrol,1.0
Mercedes,Benz,2020.0,7500.0,Black,2999.0,Automatic,5.0,1675000000.0,Petrol,5.0
Wuling,Alvez,2023.0,27500.0,Red,1485.0,Automatic,5.0,189000000.0,Petrol,2.0
Nissan,Kicks,2020.0,82500.0,White,1198.0,Automatic,5.0,185000000.0,Petrol,5.0
Dfsk,Glory,2020.0,7500.0,White,1498.0,Automatic,7.0,155000000.0,Petrol,5.0
Mitsubishi,Mirage,2016.0,37500.0,Black,1193.0,Automatic,5.0,109000000.0,Petrol,9.0
Honda,Br,2022.0,47500.0,White,1498.0,Automatic,7.0,205000000.0,Petrol,3.0
Mercedes,Benz,2010.0,117500.0,Silver,1796.0,Automatic,5.0,169000000.0,Petrol,15.0
Bmw,X5,2023.0,17500.0,Black,2998.0,Automatic,5.0,1150000000.0,Petrol,2.0
Mercedes,Benz,2018.0,7500.0,Black,2999.0,Automatic,5.0,850000000.0,Petrol,7.0
Suzuki,Ertiga,2014.0,142500.0,Silver,1373.0,Automatic,7.0,95000000.0,Petrol,11.0
Land,Rover,2022.0,22500.0,Black,1997.0,Automatic,5.0,2250000000.0,Petrol,3.0
Toyota,Kijang,2024.0,27500.0,Black,1987.0,Automatic,8.0,430000000.0,Petrol,1.0
Mitsubishi,Xpander,2021.0,42500.0,Black,1499.0,Automatic,7.0,215000000.0,Petrol,4.0
Mitsubishi,Xpander,2020.0,57500.0,White,1499.0,Automatic,7.0,205000000.0,Petrol,5.0
Toyota,Alphard,2014.0,72500.0,Black,2362.0,Automatic,7.0,229000000.0,Petrol,11.0
Mazda,Biante,2014.0,62500.0,White,1997.0,Automatic,7.0,125000000.0,Petrol,11.0
Mitsubishi,Xpander,2020.0,42500.0,Black,1499.0,Automatic,7.0,205000000.0,Petrol,5.0
Toyota,Yaris,2021.0,27500.0,Orange,1496.0,Automatic,5.0,195000000.0,Petrol,4.0
Toyota,Calya,2019.0,57500.0,Silver,1197.0,Automatic,7.0,99500000.0,Petrol,6.0
Honda,Hr,2019.0,62500.0,Black,1497.0,Automatic,5.0,195000000.0,Petrol,6.0
Mercedes,Benz,2023.0,17500.0,White,1332.0,Automatic,7.0,655000000.0,Petrol,2.0
Toyota,Land,2012.0,77500.0,White,4461.0,Automatic,8.0,775000000.0,Diesel,13.0
Mercedes,Benz,2017.0,22500.0,Black,1991.0,Automatic,5.0,445000000.0,Petrol,8.0
Honda,Hr,2017.0,37500.0,White,1497.0,Automatic,5.0,168000000.0,Petrol,8.0
Mitsubishi,Xpander,2023.0,7500.0,Black,1499.0,Automatic,7.0,245000000.0,Petrol,2.0
Mitsubishi,Pajero,2020.0,57500.0,White,2442.0,Automatic,7.0,380000000.0,Diesel,5.0
Mitsubishi,Xpander,2023.0,57500.0,Black,1499.0,Automatic,7.0,217000000.0,Petrol,2.0
Audi,A6,2014.0,32500.0,Black,1984.0,Automatic,5.0,218000000.0,Petrol,11.0
Honda,Cr,2022.0,22500.0,Black,1498.0,Automatic,5.0,368000000.0,Petrol,3.0
Mitsubishi,Outlander,2015.0,92500.0,White,1998.0,Automatic,5.0,162000000.0,Petrol,10.0
Toyota,Land,2017.0,32500.0,Black,4461.0,Automatic,7.0,1595000000.0,Diesel,8.0
Daihatsu,Sigra,2020.0,82500.0,Black,1197.0,Automatic,7.0,115000000.0,Petrol,5.0
Hyundai,Stargazer,2023.0,22500.0,Grey,1497.0,Automatic,7.0,207000000.0,Petrol,2.0
Audi,Q7,2022.0,2500.0,Black,2995.0,Automatic,7.0,1247000000.0,Petrol,3.0
Toyota,Land,2024.0,12500.0,White,3346.0,Automatic,7.0,2195000000.0,Diesel,1.0
Bmw,X3,2018.0,27500.0,Black,1998.0,Automatic,5.0,493000000.0,Petrol,7.0
Honda,Cr,2017.0,67500.0,White,1498.0,Automatic,5.0,270000000.0,Petrol,8.0
Suzuki,Ertiga,2017.0,122500.0,Black,1373.0,Automatic,7.0,144000000.0,Petrol,8.0
Honda,Hr,2018.0,27500.0,Black,1497.0,Automatic,5.0,190000000.0,Petrol,7.0
Toyota,Sienta,2017.0,72500.0,Brown,1497.0,Manual,7.0,135000000.0,Petrol,8.0
Bmw,520I,2019.0,22500.0,Black,1998.0,Automatic,5.0,438000000.0,Petrol,6.0
Mini,Countryman,2019.0,32500.0,Red,1499.0,Automatic,5.0,409000000.0,Petrol,6.0
Nissan,Elgrand,2011.0,122500.0,Silver,3498.0,Automatic,7.0,149000000.0,Petrol,14.0
Toyota,Alphard,2022.0,17500.0,Black,2494.0,Automatic,7.0,766000000.0,Petrol,3.0
Toyota,Vellfire,2018.0,47500.0,White,2494.0,Automatic,7.0,576000000.0,Petrol,7.0
Infiniti,Fx37,2012.0,97500.0,White,3696.0,Automatic,5.0,224000000.0,Petrol,13.0
Peugeot,5008,2021.0,27500.0,Black,1598.0,Automatic,7.0,375000000.0,Petrol,4.0
Suzuki,Ignis,2019.0,52500.0,Blue,1197.0,Automatic,5.0,118000000.0,Petrol,6.0
Honda,Jazz,2016.0,63097.0,Grey,1497.0,Automatic,5.0,179000000.0,Petrol,9.0
Honda,Mobilio,2021.0,35081.0,Black,1496.0,Automatic,7.0,174000000.0,Petrol,4.0
Honda,Mobilio,2017.0,33112.0,Silver,1496.0,Automatic,7.0,138000000.0,Petrol,8.0
Honda,City,2021.0,59314.0,Orange,1498.0,Automatic,5.0,206000000.0,Petrol,4.0
Daihatsu,Ayla,2022.0,31593.0,Yellow,1197.0,Automatic,5.0,119000000.0,Petrol,3.0
Mitsubishi,Xpander,2019.0,54892.0,Black,1499.0,Automatic,7.0,193000000.0,Petrol,6.0
Mitsubishi,Xpander,2017.0,66896.0,Silver,1499.0,Automatic,7.0,179000000.0,Petrol,8.0
Bmw,330I,2021.0,17500.0,White,1998.0,Automatic,5.0,690000000.0,Petrol,4.0
Suzuki,Baleno,2019.0,72500.0,White,1373.0,Automatic,5.0,161000000.0,Petrol,6.0
Mazda,Cx,2015.0,52500.0,Red,2488.0,Automatic,5.0,195000000.0,Petrol,10.0
Toyota,Vellfire,2018.0,77500.0,Black,2494.0,Automatic,7.0,545000000.0,Petrol,7.0
Hyundai,Stargazer,2023.0,17500.0,White,1497.0,Automatic,7.0,177000000.0,Petrol,2.0
Mercedes,Benz,2022.0,27500.0,Grey,1496.0,Automatic,5.0,635000000.0,Petrol,3.0
Honda,Jazz,2012.0,112500.0,White,1497.0,Automatic,5.0,99000000.0,Petrol,13.0
Land,Rover,2023.0,22500.0,Black,1997.0,Automatic,5.0,2250000000.0,Petrol,2.0
Daihatsu,Xenia,2019.0,87500.0,Black,1329.0,Manual,7.0,136500000.0,Petrol,6.0
Mercedes,Benz,2015.0,32500.0,White,2996.0,Automatic,5.0,535000000.0,Petrol,10.0
Mercedes,Benz,2019.0,42500.0,Black,2996.0,Automatic,7.0,885000000.0,Petrol,6.0
Honda,Brio,2020.0,47500.0,Black,1199.0,Automatic,5.0,150000000.0,Petrol,5.0
Suzuki,Ertiga,2014.0,142500.0,Silver,1373.0,Automatic,7.0,98000000.0,Petrol,11.0
Suzuki,Ignis,2019.0,80000.0,Blue,1197.0,Automatic,5.0,120000000.0,Petrol,6.0
Land,Rover,2010.0,67500.0,White,5000.0,Automatic,5.0,404000000.0,Petrol,15.0
Honda,Civic,2018.0,82500.0,Grey,1498.0,Automatic,5.0,285000000.0,Petrol,7.0
Hyundai,Staria,2021.0,52500.0,Black,2199.0,Automatic,7.0,495000000.0,Diesel,4.0
Toyota,Vellfire,2010.0,127500.0,Black,2362.0,Automatic,7.0,180000000.0,Petrol,15.0
Toyota,Kijang,2024.0,27500.0,Black,1987.0,Automatic,8.0,435000000.0,Petrol,1.0
Bmw,535I,2011.0,37500.0,White,2979.0,Automatic,5.0,280000000.0,Petrol,14.0
Toyota,Alphard,2024.0,2500.0,Black,2500.0,Automatic,7.0,1495000000.0,Petrol,1.0
Mercedes,Benz,2022.0,7500.0,Black,2999.0,Automatic,5.0,1825000000.0,Petrol,3.0
Mercedes,Benz,2021.0,7500.0,Black,2999.0,Automatic,7.0,1095000000.0,Petrol,4.0
Toyota,Land,2024.0,7500.0,Black,3346.0,Automatic,5.0,2185000000.0,Diesel,1.0
Bmw,X3,2019.0,32500.0,Black,1998.0,Automatic,5.0,449000000.0,Petrol,6.0
Bmw,735I,2023.0,2500.0,Grey,2998.0,Automatic,5.0,1795000000.0,Petrol,2.0
Honda,Freed,2013.0,112500.0,Grey,1497.0,Automatic,7.0,128000000.0,Petrol,12.0
Daihatsu,Terios,2020.0,42500.0,Black,1496.0,Automatic,7.0,170000000.0,Petrol,5.0
Mercedes,Benz,2011.0,17500.0,Black,5439.0,Automatic,5.0,2750000000.0,Petrol,14.0
Mercedes,Benz,2024.0,7500.0,Black,2925.0,Automatic,5.0,4400000000.0,Diesel,1.0
Wuling,Almaz,2021.0,27500.0,Black,1451.0,Automatic,7.0,185000000.0,Petrol,4.0
Mini,Cooper,2017.0,2500.0,Blue,1500.0,Automatic,5.0,385000000.0,Petrol,8.0
Hyundai,Staria,2022.0,32500.0,Black,2199.0,Automatic,7.0,585000000.0,Diesel,3.0
Mazda,Cx,2020.0,32500.0,Black,1998.0,Automatic,5.0,330000000.0,Petrol,5.0
Lexus,Nx,2018.0,27500.0,White,1998.0,Automatic,5.0,499000000.0,Petrol,7.0
Mercedes,Benz,2020.0,7500.0,Black,2999.0,Automatic,5.0,1750000000.0,Petrol,5.0
Mercedes,Benz,2015.0,42500.0,Silver,1595.0,Automatic,5.0,225000000.0,Petrol,10.0
Bmw,320I,2015.0,52500.0,Grey,1998.0,Automatic,5.0,273000000.0,Petrol,10.0
Mercedes,Benz,2018.0,22500.0,White,1991.0,Automatic,5.0,368000000.0,Petrol,7.0
Land,Rover,2023.0,2500.0,Black,2997.0,Automatic,7.0,5350000000.0,Hybrid,2.0
Mazda,Cx,2023.0,17500.0,White,2488.0,Automatic,5.0,475000000.0,Petrol,2.0
Mitsubishi,Pajero,2021.0,27500.0,Black,2442.0,Automatic,7.0,510000000.0,Diesel,4.0
Mitsubishi,Xpander,2020.0,57500.0,White,1499.0,Automatic,7.0,205000000.0,Petrol,5.0
Bmw,520I,2020.0,27500.0,Black,1998.0,Automatic,5.0,579000000.0,Petrol,5.0
Lexus,Rx,2011.0,82500.0,White,2671.0,Automatic,5.0,213000000.0,Petrol,14.0
Hyundai,Creta,2022.0,47500.0,Black,1497.0,Automatic,5.0,269000000.0,Petrol,3.0
Toyota,Veloz,2023.0,47500.0,Silver,1496.0,Automatic,7.0,228000000.0,Petrol,2.0
Honda,Cr,2017.0,117500.0,Green,1997.0,Automatic,5.0,220000000.0,Petrol,8.0
Honda,Hr,2022.0,7500.0,Black,1498.0,Automatic,5.0,336000000.0,Petrol,3.0
Mitsubishi,Outlander,2016.0,82500.0,Orange,1998.0,Automatic,5.0,149000000.0,Petrol,9.0
Toyota,Alphard,2018.0,52500.0,Black,2494.0,Automatic,7.0,730000000.0,Petrol,7.0
Nissan,X,2017.0,87500.0,Black,2488.0,Automatic,7.0,172000000.0,Petrol,8.0
Toyota,Fortuner,2022.0,57500.0,Black,2393.0,Automatic,7.0,470000000.0,Diesel,3.0
Toyota,Calya,2023.0,22500.0,White,1197.0,Automatic,7.0,119000000.0,Petrol,2.0
Hyundai,Stargazer,2023.0,37500.0,White,1497.0,Automatic,7.0,199000000.0,Petrol,2.0
Toyota,Alphard,2014.0,87500.0,White,2362.0,Automatic,7.0,250000000.0,Petrol,11.0
Toyota,Avanza,2024.0,13700.0,White,1329.0,Manual,7.0,185000000.0,Petrol,1.0
Bmw,530I,2018.0,32500.0,Black,1998.0,Automatic,5.0,459000000.0,Petrol,7.0
Mercedes,Benz,2021.0,12500.0,Black,2999.0,Automatic,7.0,1399000000.0,Petrol,4.0
Honda,Brio,2013.0,77500.0,Silver,1339.0,Manual,5.0,80000000.0,Petrol,12.0
Mercedes,Benz,2022.0,17500.0,White,1999.0,Automatic,5.0,752000000.0,Petrol,3.0
Mercedes,Benz,2015.0,27500.0,Black,1991.0,Automatic,5.0,358000000.0,Petrol,10.0
Bmw,X3,2024.0,2500.0,Grey,1998.0,Automatic,5.0,925000000.0,Petrol,1.0
Honda,Cr,2018.0,76000.0,Silver,1498.0,Automatic,5.0,293000000.0,Petrol,7.0
Toyota,Kijang,2024.0,7500.0,Black,1987.0,Automatic,8.0,375000000.0,Petrol,1.0
Toyota,Kijang,2023.0,7500.0,Grey,1998.0,Automatic,8.0,369000000.0,Petrol,2.0
Toyota,Fortuner,2018.0,37500.0,Brown,2393.0,Automatic,7.0,372000000.0,Diesel,7.0
Toyota,Kijang,2018.0,72500.0,Silver,1998.0,Automatic,8.0,220000000.0,Petrol,7.0
Honda,Cr,2013.0,107500.0,White,2354.0,Automatic,5.0,149000000.0,Petrol,12.0
Toyota,Kijang,2024.0,27500.0,Black,1987.0,Automatic,8.0,435000000.0,Hybrid,1.0
Nissan,X,2017.0,77500.0,Black,2488.0,Automatic,7.0,172000000.0,Petrol,8.0
Toyota,Camry,2017.0,82500.0,Black,2494.0,Automatic,5.0,199000000.0,Petrol,8.0
Daihatsu,Ayla,2019.0,67500.0,White,1197.0,Automatic,5.0,108000000.0,Petrol,6.0
Nissan,March,2011.0,72500.0,White,1198.0,Automatic,5.0,65000000.0,Petrol,14.0
Nissan,Grand,2013.0,117500.0,Black,1498.0,Automatic,7.0,98000000.0,Petrol,12.0
Mazda,Cx,2018.0,42500.0,Grey,1998.0,Automatic,5.0,230000000.0,Petrol,7.0
Suzuki,Ertiga,2024.0,37500.0,Black,1462.0,Automatic,7.0,190000000.0,Hybrid,1.0
Honda,Hr,2024.0,17500.0,Grey,1498.0,Automatic,5.0,325000000.0,Petrol,1.0
Peugeot,2008,2022.0,22500.0,Orange,1199.0,Automatic,5.0,206000000.0,Petrol,3.0
Toyota,Kijang,2023.0,37500.0,Black,1998.0,Automatic,7.0,461000000.0,Petrol,2.0
Mazda,Cx,2023.0,17500.0,Red,1496.0,Automatic,5.0,257000000.0,Petrol,2.0
Toyota,Fortuner,2017.0,37500.0,Black,2393.0,Automatic,7.0,360000000.0,Diesel,8.0
Hyundai,Santa,2023.0,12500.0,Black,2497.0,Automatic,7.0,395000000.0,Petrol,2.0
Toyota,Kijang,2023.0,27500.0,Black,1998.0,Automatic,7.0,350000000.0,Petrol,2.0
Suzuki,Ertiga,2023.0,22500.0,White,1462.0,Automatic,7.0,198000000.0,Hybrid,2.0
Bmw,320I,2014.0,77500.0,White,1997.0,Automatic,5.0,220000000.0,Petrol,11.0
Lexus,Nx,2023.0,7500.0,Grey,2494.0,Automatic,5.0,919000000.0,Petrol,2.0
Chery,Omoda,2023.0,32500.0,Grey,1498.0,Automatic,5.0,235000000.0,Petrol,2.0
Toyota,Veloz,2023.0,48100.0,Silver,1496.0,Automatic,7.0,228000000.0,Petrol,2.0
Mercedes,Benz,2021.0,12500.0,Black,1991.0,Automatic,4.0,687000000.0,Petrol,4.0
Toyota,Voxy,2022.0,27500.0,Black,1986.0,Automatic,7.0,379000000.0,Petrol,3.0
Mercedes,Benz,2023.0,12500.0,Black,1999.0,Automatic,5.0,785000000.0,Petrol,2.0
Toyota,Kijang,2024.0,7500.0,Silver,1987.0,Automatic,8.0,460000000.0,Petrol,1.0
Mercedes,Benz,2017.0,22500.0,White,1991.0,Automatic,5.0,380000000.0,Petrol,8.0
Suzuki,Grand,2013.0,157500.0,Black,2393.0,Automatic,5.0,110000000.0,Petrol,12.0
Honda,Br,2023.0,2500.0,White,1498.0,Automatic,7.0,250000000.0,Petrol,2.0
Suzuki,Xl7,2021.0,75930.0,Orange,1500.0,Automatic,7.0,198000000.0,Petrol,4.0
Mitsubishi,Xpander,2019.0,69050.0,Grey,1499.0,Automatic,7.0,194000000.0,Petrol,6.0
Daihatsu,Terios,2016.0,86635.0,Silver,1495.0,Automatic,7.0,155000000.0,Petrol,9.0
Hyundai,Creta,2024.0,17500.0,Black,1497.0,Automatic,5.0,301000000.0,Petrol,1.0
Mercedes,Benz,2014.0,107500.0,White,2143.0,Automatic,5.0,489000000.0,Diesel,11.0
Suzuki,Xl7,2021.0,47500.0,Brown,1500.0,Automatic,7.0,190000000.0,Petrol,4.0
Bmw,325I,2010.0,47500.0,Grey,2996.0,Automatic,5.0,170000000.0,Petrol,15.0
Mercedes,Benz,2020.0,7500.0,Black,1991.0,Automatic,5.0,595000000.0,Petrol,5.0
Mercedes,Benz,2019.0,7500.0,Black,1991.0,Automatic,5.0,530000000.0,Petrol,6.0
Mercedes,Benz,2019.0,17500.0,White,1497.0,Automatic,5.0,425000000.0,Petrol,6.0
Mercedes,Benz,2023.0,27500.0,White,2999.0,Automatic,5.0,1850000000.0,Petrol,2.0
Mercedes,Benz,2022.0,12500.0,Black,2999.0,Automatic,5.0,1825000000.0,Petrol,3.0
Mazda,3,2023.0,17500.0,Grey,1998.0,Automatic,5.0,378000000.0,Petrol,2.0
Honda,Wr,2024.0,17500.0,Black,1498.0,Automatic,5.0,225000000.0,Petrol,1.0
Toyota,Alphard,2014.0,87500.0,White,2362.0,Automatic,7.0,250000000.0,Petrol,11.0
Fiat,500,2015.0,47500.0,Black,1368.0,Automatic,5.0,195000000.0,Petrol,10.0
Daihatsu,Xenia,2018.0,112500.0,White,1329.0,Manual,7.0,120000000.0,Petrol,7.0
Chery,Omoda,2023.0,2500.0,Grey,1498.0,Automatic,5.0,265000000.0,Petrol,2.0
Honda,Freed,2014.0,112500.0,Black,1497.0,Automatic,7.0,145000000.0,Petrol,11.0
Toyota,Kijang,2022.0,22500.0,White,1998.0,Automatic,8.0,278000000.0,Petrol,3.0
Nissan,Livina,2019.0,52500.0,Grey,1499.0,Automatic,7.0,165000000.0,Petrol,6.0
Bmw,X5,2023.0,7500.0,Black,2998.0,Automatic,5.0,1150000000.0,Petrol,2.0
Honda,Cr,2017.0,102500.0,Silver,1498.0,Automatic,5.0,263000000.0,Petrol,8.0
Bmw,M4,2023.0,2500.0,Yellow,2993.0,Automatic,4.0,1995000000.0,Petrol,2.0
Honda,Civic,2018.0,57500.0,Black,1498.0,Automatic,5.0,301000000.0,Petrol,7.0
Lexus,Lm,2023.0,47500.0,Grey,2487.0,Automatic,4.0,1795000000.0,Hybrid,2.0
Mercedes,Benz,2023.0,7500.0,Grey,1999.0,Automatic,7.0,1075000000.0,Petrol,2.0
Toyota,Kijang,2023.0,32500.0,Black,1998.0,Automatic,8.0,379000000.0,Petrol,2.0
Mercedes,Benz,2023.0,17500.0,White,2999.0,Automatic,5.0,1850000000.0,Petrol,2.0
Toyota,Alphard,2021.0,42500.0,Black,2494.0,Automatic,7.0,788000000.0,Petrol,4.0
Toyota,Agya,2019.0,42500.0,Grey,1197.0,Automatic,5.0,117000000.0,Petrol,6.0
Mitsubishi,Pajero,2014.0,137500.0,Black,2477.0,Automatic,7.0,239000000.0,Diesel,11.0
Mercedes,Benz,2010.0,72500.0,Black,1796.0,Automatic,5.0,129000000.0,Petrol,15.0
Bmw,320I,2020.0,17500.0,Grey,1995.0,Automatic,5.0,975000000.0,Petrol,5.0
Suzuki,Ignis,2017.0,102500.0,Black,1197.0,Automatic,5.0,96000000.0,Petrol,8.0
Toyota,Agya,2019.0,42500.0,Grey,1197.0,Automatic,5.0,117000000.0,Petrol,6.0
Mercedes,Benz,2017.0,37500.0,Grey,1596.0,Automatic,5.0,349000000.0,Petrol,8.0
Mercedes,Benz,2010.0,57500.0,Black,3498.0,Automatic,5.0,249000000.0,Petrol,15.0
Land,Rover,2018.0,32500.0,White,2995.0,Automatic,5.0,995000000.0,Petrol,7.0
Toyota,Yaris,2016.0,82500.0,Black,1497.0,Automatic,5.0,145000000.0,Petrol,9.0
Toyota,Avanza,2008.0,52500.0,Black,1298.0,Manual,7.0,99000000.0,Petrol,17.0
Porsche,Macan,2015.0,27500.0,Black,1984.0,Automatic,5.0,645000000.0,Petrol,10.0
Mitsubishi,Triton,2019.0,122500.0,White,2477.0,Manual,5.0,175000000.0,Diesel,6.0
Bmw,530I,2018.0,37500.0,White,1998.0,Automatic,5.0,399000000.0,Petrol,7.0
Daihatsu,Sigra,2017.0,187500.0,White,1197.0,Automatic,7.0,91500000.0,Petrol,8.0
Toyota,Avanza,2021.0,112500.0,White,1496.0,Automatic,7.0,160000000.0,Petrol,4.0
Toyota,Kijang,2024.0,22500.0,White,1987.0,Automatic,8.0,438000000.0,Petrol,1.0
Audi,R8,2012.0,7500.0,White,4163.0,Automatic,2.0,2350000000.0,Petrol,13.0
Hyundai,H,2017.0,117500.0,Silver,2359.0,Automatic,7.0,200000000.0,Petrol,8.0
Mercedes,Benz,2017.0,17500.0,Black,2996.0,Automatic,5.0,745000000.0,Petrol,8.0
Hyundai,H,2018.0,87500.0,Black,2359.0,Automatic,7.0,250000000.0,Petrol,7.0
Mitsubishi,Pajero,2016.0,97500.0,Black,2477.0,Automatic,7.0,380000000.0,Diesel,9.0
Toyota,Veloz,2023.0,48120.0,Silver,1496.0,Automatic,7.0,228000000.0,Petrol,2.0
Mini,Countryman,2014.0,12500.0,Blue,1598.0,Automatic,5.0,320000000.0,Petrol,11.0
Audi,A4,2012.0,47500.0,White,1984.0,Automatic,5.0,155000000.0,Petrol,13.0
Mercedes,Benz,2016.0,42500.0,Black,2143.0,Automatic,5.0,385000000.0,Petrol,9.0
Bmw,M4,2018.0,2500.0,Blue,2993.0,Automatic,4.0,1550000000.0,Petrol,7.0
Porsche,Macan,2016.0,22500.0,Black,1984.0,Automatic,5.0,595000000.0,Petrol,9.0
Honda,Hr,2020.0,62500.0,Grey,1497.0,Automatic,5.0,199000000.0,Petrol,5.0
Lexus,Rx,2018.0,72500.0,Black,1998.0,Automatic,5.0,585000000.0,Petrol,7.0
Toyota,Fortuner,2018.0,62500.0,White,2393.0,Automatic,7.0,349000000.0,Diesel,7.0
Honda,Hr,2023.0,12500.0,Grey,1498.0,Automatic,5.0,299000000.0,Petrol,2.0
Toyota,Yaris,2023.0,22500.0,White,1496.0,Automatic,5.0,320000000.0,Hybrid,2.0
Daihatsu,Terios,2023.0,27500.0,Black,1496.0,Automatic,7.0,168000000.0,Petrol,2.0
Honda,Br,2024.0,2500.0,Brown,1498.0,Automatic,7.0,240000000.0,Petrol,1.0
Lexus,Es,2023.0,2500.0,Red,2487.0,Automatic,5.0,980000000.0,Hybrid,2.0
Toyota,Camry,2018.0,67500.0,Black,2494.0,Automatic,5.0,196000000.0,Petrol,7.0
Honda,Cr,2019.0,62500.0,White,1498.0,Automatic,5.0,325000000.0,Petrol,6.0
Bmw,528I,2016.0,47500.0,Black,1997.0,Automatic,5.0,270000000.0,Petrol,9.0
Mazda,2,2016.0,47500.0,Black,1496.0,Automatic,5.0,147000000.0,Petrol,9.0
Toyota,Fortuner,2024.0,22500.0,Black,2755.0,Automatic,7.0,528000000.0,Diesel,1.0
Mercedes,Benz,2022.0,32500.0,Black,2999.0,Automatic,5.0,1775000000.0,Petrol,3.0
Honda,Brio,2019.0,47500.0,Yellow,1199.0,Automatic,5.0,136000000.0,Petrol,6.0
Nissan,Serena,2014.0,112500.0,Silver,1997.0,Automatic,7.0,145000000.0,Petrol,11.0
Mitsubishi,Xpander,2021.0,77500.0,Black,1499.0,Automatic,7.0,207000000.0,Petrol,4.0
Toyota,Veloz,2022.0,47500.0,White,1496.0,Automatic,7.0,225000000.0,Petrol,3.0
Bmw,320I,2017.0,62500.0,Black,1995.0,Automatic,5.0,343000000.0,Petrol,8.0
Honda,Accord,2018.0,112500.0,Black,2356.0,Automatic,5.0,209000000.0,Petrol,7.0
Toyota,Calya,2023.0,18072.0,Brown,1197.0,Automatic,7.0,138000000.0,Petrol,2.0
Daihatsu,Rocky,2021.0,28240.0,Red,998.0,Automatic,5.0,177000000.0,Petrol,4.0
Honda,Mobilio,2018.0,73998.0,Black,1496.0,Automatic,7.0,159000000.0,Petrol,7.0
Daihatsu,Sigra,2023.0,4435.0,Silver,1197.0,Automatic,7.0,130000000.0,Petrol,2.0
Mercedes,Benz,2021.0,17500.0,Black,2999.0,Automatic,7.0,1095000000.0,Petrol,4.0
Mercedes,Benz,2017.0,42500.0,Black,1596.0,Automatic,5.0,335000000.0,Petrol,8.0
Mitsubishi,Pajero,2023.0,17500.0,Black,2442.0,Automatic,7.0,475000000.0,Diesel,2.0
Bmw,320I,2014.0,67500.0,White,1997.0,Automatic,5.0,220000000.0,Petrol,11.0
Honda,Cr,2023.0,12500.0,Black,1993.0,Automatic,5.0,645000000.0,Hybrid,2.0
Honda,Civic,2019.0,38000.0,Black,1498.0,Automatic,5.0,290000000.0,Petrol,6.0
Toyota,Corolla,2021.0,62500.0,Black,1798.0,Automatic,5.0,260000000.0,Petrol,4.0
Toyota,Camry,2021.0,42500.0,Black,2487.0,Automatic,5.0,330000000.0,Petrol,4.0
Toyota,Voxy,2018.0,87500.0,Black,1986.0,Automatic,7.0,253000000.0,Petrol,7.0
Nissan,Grand,2014.0,42500.0,Grey,1498.0,Manual,7.0,89000000.0,Petrol,11.0
Toyota,Alphard,2020.0,52500.0,Black,2494.0,Automatic,7.0,755000000.0,Petrol,5.0
Daihatsu,Xenia,2023.0,77500.0,Grey,1329.0,Automatic,7.0,185000000.0,Petrol,2.0
Honda,Civic,2023.0,12500.0,White,1498.0,Automatic,5.0,439000000.0,Petrol,2.0
Honda,Hr,2018.0,77500.0,White,1497.0,Automatic,5.0,180000000.0,Petrol,7.0
Toyota,Vellfire,2015.0,87500.0,White,2493.0,Automatic,7.0,505000000.0,Petrol,10.0
Nissan,Serena,2015.0,92500.0,Silver,1997.0,Automatic,7.0,150000000.0,Petrol,10.0
Mini,Countryman,2020.0,22500.0,White,1499.0,Automatic,5.0,500000000.0,Petrol,5.0
Toyota,Yaris,2016.0,92500.0,Black,1497.0,Automatic,5.0,143000000.0,Petrol,9.0
Hyundai,H,2018.0,82500.0,Black,2359.0,Automatic,8.0,250000000.0,Petrol,7.0
Toyota,Land,1997.0,177500.0,Grey,4164.0,Automatic,8.0,1300000000.0,Diesel,28.0
Toyota,Vellfire,2010.0,127500.0,Black,2362.0,Automatic,7.0,188000000.0,Petrol,15.0
Bmw,X3,2013.0,112500.0,White,1997.0,Automatic,5.0,199000000.0,Diesel,12.0
Toyota,Sienta,2017.0,67500.0,Brown,1497.0,Manual,7.0,135000000.0,Petrol,8.0
Bmw,320I,2014.0,47500.0,White,1997.0,Automatic,5.0,220000000.0,Petrol,11.0
Honda,Brio,2017.0,62500.0,Blue,1199.0,Automatic,5.0,122000000.0,Petrol,8.0
Bmw,320I,2013.0,72500.0,Blue,1997.0,Automatic,5.0,229000000.0,Petrol,12.0
Honda,City,2004.0,157500.0,Silver,1497.0,Manual,5.0,62000000.0,Petrol,21.0
Mini,Countryman,2022.0,7500.0,Red,1499.0,Automatic,5.0,545000000.0,Petrol,3.0
Toyota,Calya,2022.0,27500.0,Grey,1197.0,Automatic,7.0,129000000.0,Petrol,3.0
Honda,Br,2017.0,47500.0,White,1497.0,Automatic,7.0,147000000.0,Petrol,8.0
Mercedes,Benz,2018.0,27500.0,White,1991.0,Automatic,5.0,420000000.0,Petrol,7.0
Mercedes,Benz,2022.0,17500.0,Grey,1332.0,Automatic,7.0,555000000.0,Petrol,3.0
Lexus,Lm,2021.0,47500.0,Black,3456.0,Automatic,7.0,1025000000.0,Petrol,4.0
Lexus,Lm,2023.0,47500.0,Grey,2487.0,Automatic,4.0,1785000000.0,Hybrid,2.0
Bmw,M4,2023.0,7500.0,Yellow,2993.0,Automatic,4.0,1995000000.0,Petrol,2.0
Mini,Countryman,2022.0,17500.0,Red,1499.0,Automatic,5.0,625000000.0,Petrol,3.0
Lexus,Lm,2024.0,2500.0,Grey,2487.0,Automatic,7.0,1975000000.0,Hybrid,1.0
Mercedes,Benz,2022.0,7500.0,Black,1991.0,Automatic,7.0,1085000000.0,Petrol,3.0
Mercedes,Benz,2023.0,22500.0,White,1991.0,Automatic,5.0,699000000.0,Petrol,2.0
Mercedes,Benz,2021.0,32500.0,Black,2999.0,Automatic,7.0,1100000000.0,Petrol,4.0
Mercedes,Benz,2016.0,72500.0,Black,1991.0,Automatic,5.0,369000000.0,Petrol,9.0
Nissan,Serena,2024.0,22500.0,White,1433.0,Automatic,7.0,460000000.0,Petrol,1.0
Toyota,Voxy,2019.0,52500.0,White,1986.0,Automatic,7.0,290000000.0,Petrol,6.0
Toyota,Yaris,2022.0,27500.0,Black,1495.0,Automatic,5.0,209000000.0,Petrol,3.0
Honda,Cr,2018.0,82500.0,Grey,1498.0,Automatic,5.0,300000000.0,Petrol,7.0
Toyota,Land,2012.0,97500.0,Black,4461.0,Automatic,8.0,850000000.0,Diesel,13.0
Ford,Mustang,2016.0,12500.0,Black,2261.0,Automatic,4.0,1250000000.0,Petrol,9.0
Mitsubishi,Pajero,2018.0,117500.0,Brown,2442.0,Automatic,7.0,360000000.0,Diesel,7.0
Toyota,Kijang,2016.0,82500.0,Silver,1998.0,Automatic,8.0,212000000.0,Petrol,9.0
Honda,Hr,2016.0,117500.0,Black,1799.0,Automatic,5.0,205000000.0,Petrol,9.0
Toyota,Yaris,2018.0,72500.0,Red,1496.0,Automatic,5.0,150000000.0,Petrol,7.0
Honda,Hr,2018.0,32500.0,Grey,1497.0,Automatic,5.0,188000000.0,Petrol,7.0
Honda,Freed,2013.0,147500.0,White,1497.0,Automatic,7.0,128000000.0,Petrol,12.0
Toyota,Corolla,2020.0,57500.0,White,1798.0,Automatic,5.0,280000000.0,Hybrid,5.0
Hyundai,Creta,2022.0,47500.0,Blue,1497.0,Automatic,5.0,240000000.0,Petrol,3.0
Honda,Hr,2018.0,102500.0,Red,1497.0,Automatic,5.0,190000000.0,Petrol,7.0
Honda,Cr,2020.0,92500.0,Grey,1498.0,Automatic,5.0,320000000.0,Petrol,5.0
Toyota,Kijang,2019.0,82500.0,White,1998.0,Automatic,8.0,225000000.0,Petrol,6.0
Mitsubishi,Xpander,2018.0,67500.0,White,1499.0,Automatic,7.0,189000000.0,Petrol,7.0
Hyundai,Palisade,2023.0,27500.0,Black,2199.0,Automatic,7.0,750000000.0,Diesel,2.0
Toyota,Calya,2020.0,42500.0,Grey,1197.0,Automatic,7.0,123000000.0,Petrol,5.0
Toyota,Fortuner,2018.0,67500.0,Black,2393.0,Automatic,7.0,355000000.0,Diesel,7.0
Lexus,Rx,2021.0,57500.0,Grey,1998.0,Automatic,5.0,785000000.0,Petrol,4.0
Mercedes,Benz,2019.0,12500.0,Red,1991.0,Automatic,5.0,768000000.0,Petrol,6.0
Mercedes,Benz,2019.0,7500.0,Yellow,1332.0,Automatic,5.0,415000000.0,Petrol,6.0
Lexus,Nx,2015.0,97500.0,Black,1998.0,Automatic,5.0,353000000.0,Petrol,10.0
Mercedes,Benz,2018.0,32500.0,Black,1991.0,Automatic,5.0,365000000.0,Petrol,7.0
Toyota,Sienta,2017.0,57500.0,Grey,1497.0,Automatic,7.0,162000000.0,Petrol,8.0
Subaru,Wrx,2024.0,2500.0,Blue,2387.0,Automatic,5.0,780000000.0,Petrol,1.0
Bmw,530I,2020.0,22500.0,White,1998.0,Automatic,5.0,639000000.0,Petrol,5.0
Bmw,X3,2011.0,102500.0,Silver,1995.0,Automatic,5.0,165000000.0,Diesel,14.0
Nissan,Serena,2013.0,82500.0,Silver,1997.0,Automatic,7.0,169000000.0,Petrol,12.0
Bmw,630I,2019.0,17500.0,White,1998.0,Automatic,5.0,980000000.0,Petrol,6.0
Lamborghini,Gallardo,2011.0,2500.0,Green,5204.0,Automatic,4.0,2650000000.0,Petrol,14.0
Bmw,520D,2013.0,52500.0,White,1995.0,Automatic,5.0,185000000.0,Diesel,12.0
Bmw,X1,2015.0,57500.0,Black,1995.0,Automatic,5.0,220000000.0,Petrol,10.0
Bmw,X5,2019.0,12500.0,Grey,2998.0,Automatic,5.0,680000000.0,Petrol,6.0
Bmw,X1,2019.0,22500.0,Black,1499.0,Automatic,5.0,350000000.0,Petrol,6.0
Daihatsu,Sigra,2020.0,22500.0,White,1197.0,Manual,7.0,113000000.0,Petrol,5.0
Honda,Cr,2018.0,57723.0,Grey,1498.0,Automatic,5.0,310000000.0,Petrol,7.0
Honda,Cr,2019.0,63047.0,Grey,1498.0,Automatic,5.0,330000000.0,Petrol,6.0
Honda,Cr,2021.0,39661.0,White,1498.0,Automatic,5.0,358000000.0,Petrol,4.0
Honda,Cr,2021.0,46263.0,Grey,1498.0,Automatic,5.0,415000000.0,Petrol,4.0
Honda,Cr,2019.0,77512.0,White,1498.0,Automatic,5.0,325000000.0,Petrol,6.0
Toyota,Rush,2023.0,17500.0,Silver,1496.0,Automatic,7.0,224000000.0,Petrol,2.0
Audi,A1,2011.0,37500.0,Blue,1390.0,Automatic,5.0,255000000.0,Petrol,14.0
Suzuki,Xl7,2022.0,17500.0,Orange,1500.0,Automatic,7.0,210000000.0,Petrol,3.0
Toyota,Agya,2019.0,37500.0,White,1197.0,Manual,5.0,115000000.0,Petrol,6.0
Ferrari,360,2002.0,12500.0,Silver,3585.0,Automatic,2.0,2650000000.0,Petrol,23.0
Honda,Cr,2012.0,107500.0,White,2354.0,Automatic,5.0,115000000.0,Petrol,13.0
Toyota,Vellfire,2017.0,77500.0,Black,2494.0,Automatic,7.0,470000000.0,Petrol,8.0
Hyundai,Santa,2016.0,112500.0,Red,2359.0,Automatic,7.0,180000000.0,Petrol,9.0
Toyota,Sienta,2020.0,27500.0,White,1497.0,Automatic,7.0,168000000.0,Petrol,5.0
Suzuki,Ertiga,2023.0,27500.0,Black,1462.0,Automatic,7.0,190000000.0,Hybrid,2.0
Honda,Br,2016.0,82500.0,Silver,1497.0,Automatic,7.0,140000000.0,Petrol,9.0
Mitsubishi,Pajero,2023.0,22500.0,White,2442.0,Automatic,7.0,495000000.0,Diesel,2.0
Mazda,Cx,2022.0,37500.0,Red,1496.0,Automatic,5.0,248000000.0,Petrol,3.0
Honda,Cr,2018.0,77500.0,Silver,1498.0,Automatic,5.0,315000000.0,Petrol,7.0
Suzuki,Ertiga,2023.0,22500.0,White,1462.0,Automatic,7.0,210000000.0,Hybrid,2.0
Mercedes,Benz,2020.0,7500.0,Black,2999.0,Automatic,5.0,1810000000.0,Petrol,5.0
Mitsubishi,Pajero,2023.0,7500.0,White,2442.0,Automatic,7.0,510000000.0,Diesel,2.0
Nissan,Elgrand,2011.0,122500.0,Silver,3498.0,Automatic,7.0,177000000.0,Petrol,14.0
Honda,Accord,2013.0,117500.0,White,2356.0,Automatic,5.0,157000000.0,Petrol,12.0
Hyundai,Creta,2022.0,7500.0,Red,1497.0,Automatic,5.0,270000000.0,Petrol,3.0
Suzuki,Xl7,2022.0,27500.0,Black,1500.0,Automatic,7.0,198000000.0,Petrol,3.0
Honda,Cr,2021.0,37500.0,Black,1498.0,Automatic,5.0,410000000.0,Petrol,4.0
Honda,Cr,2019.0,87500.0,Black,1498.0,Automatic,5.0,267000000.0,Petrol,6.0
Toyota,Kijang,2017.0,107500.0,Black,1998.0,Automatic,8.0,233000000.0,Petrol,8.0
Toyota,Fortuner,2018.0,67500.0,Black,2393.0,Automatic,7.0,358000000.0,Diesel,7.0
Honda,Br,2024.0,2500.0,Grey,1498.0,Automatic,7.0,250000000.0,Petrol,1.0
Toyota,Fortuner,2011.0,52500.0,White,2694.0,Automatic,7.0,175000000.0,Petrol,14.0
Honda,Accord,2013.0,77500.0,Grey,2356.0,Automatic,5.0,167000000.0,Petrol,12.0
Mercedes,Benz,2015.0,72500.0,White,2996.0,Automatic,5.0,350000000.0,Petrol,10.0
Lexus,Lm,2022.0,17500.0,White,3456.0,Automatic,7.0,1399000000.0,Petrol,3.0
Mercedes,Benz,2019.0,27500.0,Yellow,1332.0,Automatic,5.0,570000000.0,Petrol,6.0
Toyota,Camry,2017.0,87500.0,Black,2494.0,Automatic,5.0,220000000.0,Petrol,8.0
Toyota,Rush,2023.0,22500.0,White,1496.0,Automatic,7.0,233000000.0,Petrol,2.0
Honda,Jazz,2008.0,167500.0,Grey,1497.0,Automatic,5.0,102000000.0,Petrol,17.0
Mercedes,Benz,2014.0,17500.0,White,1595.0,Automatic,5.0,305000000.0,Petrol,11.0
Toyota,Fortuner,2020.0,42500.0,Black,2393.0,Automatic,7.0,390000000.0,Diesel,5.0
Toyota,Yaris,2021.0,27500.0,Orange,1496.0,Automatic,5.0,198000000.0,Petrol,4.0
Toyota,Kijang,2021.0,67500.0,Black,2393.0,Automatic,7.0,425000000.0,Diesel,4.0
Toyota,Yaris,2023.0,27500.0,Black,1496.0,Automatic,5.0,318000000.0,Hybrid,2.0
Honda,Civic,2020.0,47500.0,Red,1498.0,Automatic,5.0,360000000.0,Petrol,5.0
Honda,Brio,2021.0,27500.0,Black,1199.0,Automatic,5.0,165000000.0,Petrol,4.0
Toyota,Yaris,2016.0,42500.0,White,1497.0,Automatic,5.0,160000009.0,Petrol,9.0
Honda,Br,2023.0,7500.0,White,1498.0,Automatic,7.0,255000009.0,Petrol,2.0
Toyota,Alphard,2022.0,22500.0,Black,2494.0,Automatic,7.0,855000000.0,Petrol,3.0
Toyota,Alphard,2015.0,112500.0,Black,2494.0,Automatic,7.0,400000000.0,Petrol,10.0
Mazda,Cx,2019.0,60000.0,Black,2488.0,Automatic,7.0,425000000.0,Petrol,6.0
Toyota,Veloz,2022.0,52500.0,Silver,1496.0,Automatic,7.0,223000000.0,Petrol,3.0
Toyota,Alphard,2021.0,37500.0,White,2494.0,Automatic,7.0,770000000.0,Petrol,4.0
Mercedes,Benz,2019.0,12500.0,Black,2999.0,Automatic,5.0,1200000000.0,Petrol,6.0
Ferrari,California,2015.0,2500.0,Red,3855.0,Automatic,4.0,3688000000.0,Petrol,10.0
Toyota,Fortuner,2011.0,122500.0,Black,2694.0,Automatic,7.0,225000000.0,Petrol,14.0
Toyota,Kijang,2011.0,112500.0,Black,1998.0,Automatic,7.0,135000000.0,Petrol,14.0
Toyota,Avanza,2012.0,62500.0,White,1495.0,Automatic,7.0,115000000.0,Petrol,13.0
Toyota,Fortuner,2015.0,157500.0,White,2494.0,Automatic,7.0,265000000.0,Diesel,10.0
Mitsubishi,Xpander,2019.0,77500.0,Silver,1499.0,Automatic,7.0,179000000.0,Petrol,6.0
Toyota,Vellfire,2013.0,137500.0,Black,2362.0,Automatic,7.0,235000000.0,Petrol,12.0
Toyota,Raize,2021.0,42500.0,White,998.0,Automatic,5.0,183000000.0,Petrol,4.0
Daihatsu,Terios,2019.0,53808.0,Silver,1496.0,Automatic,7.0,185000000.0,Petrol,6.0
Suzuki,Xl7,2023.0,19554.0,Grey,1500.0,Automatic,7.0,213000000.0,Hybrid,2.0
Honda,Wr,2024.0,7500.0,Black,1498.0,Automatic,5.0,245000000.0,Petrol,1.0
Mitsubishi,Xpander,2018.0,52500.0,White,1499.0,Automatic,7.0,170000000.0,Petrol,7.0
Toyota,Veloz,2023.0,42500.0,Silver,1496.0,Automatic,7.0,228000000.0,Petrol,2.0
Hyundai,Palisade,2023.0,42500.0,White,2199.0,Automatic,7.0,699000000.0,Diesel,2.0
Honda,Cr,2023.0,7500.0,White,1993.0,Automatic,5.0,615000000.0,Hybrid,2.0
Mazda,Biante,2015.0,102500.0,White,1997.0,Automatic,7.0,135000000.0,Petrol,10.0
Honda,Brio,2019.0,27500.0,Silver,1199.0,Automatic,5.0,145000000.0,Petrol,6.0
Kia,Seltos,2020.0,32500.0,Black,1353.0,Automatic,5.0,213000000.0,Petrol,5.0
Ford,Everest,2024.0,12500.0,Grey,1996.0,Automatic,7.0,799000000.0,Diesel,1.0
Toyota,Fortuner,2021.0,52500.0,Black,2393.0,Automatic,7.0,445000000.0,Diesel,4.0
Hyundai,Stargazer,2024.0,12500.0,Black,1497.0,Automatic,7.0,225000000.0,Petrol,1.0
Honda,Br,2024.0,7500.0,Grey,1498.0,Automatic,7.0,253000000.0,Petrol,1.0
Kia,Grand,2023.0,27500.0,Black,2151.0,Automatic,7.0,588000000.0,Diesel,2.0
Honda,Cr,2022.0,47500.0,Silver,1498.0,Automatic,5.0,395000000.0,Petrol,3.0
Toyota,Kijang,2022.0,32500.0,White,1998.0,Automatic,7.0,277000000.0,Petrol,3.0
Mg,Hs,2021.0,37500.0,Red,1490.0,Automatic,5.0,209000000.0,Petrol,4.0
Ford,Ecosport,2015.0,27500.0,Orange,1499.0,Automatic,5.0,109000000.0,Petrol,10.0
Toyota,Harrier,2014.0,97500.0,Black,1986.0,Automatic,5.0,290000000.0,Petrol,11.0
Toyota,Rush,2021.0,42500.0,Black,1495.0,Automatic,7.0,199000000.0,Petrol,4.0
Toyota,Fortuner,2024.0,12500.0,Black,2755.0,Automatic,7.0,538000000.0,Diesel,1.0
Honda,Cr,2023.0,17500.0,White,1993.0,Automatic,5.0,590000000.0,Hybrid,2.0
Honda,City,2021.0,57500.0,Silver,1498.0,Automatic,5.0,195000000.0,Petrol,4.0
Bmw,X7,2024.0,7500.0,Black,2998.0,Automatic,7.0,1850000000.0,Petrol,1.0
Mercedes,Benz,2020.0,7500.0,Red,1991.0,Automatic,5.0,495000000.0,Petrol,5.0
Mercedes,Benz,2021.0,12500.0,Black,2999.0,Automatic,5.0,1700000000.0,Petrol,4.0
Hyundai,Staria,2022.0,27500.0,Black,2199.0,Automatic,7.0,585000000.0,Diesel,3.0
Mercedes,Benz,2019.0,7500.0,Black,1991.0,Automatic,5.0,525000000.0,Petrol,6.0
Bmw,X5,2024.0,2500.0,Grey,2998.0,Automatic,5.0,1450000000.0,Petrol,1.0
Subaru,Wrx,2023.0,12500.0,White,2387.0,Automatic,5.0,690000000.0,Petrol,2.0
Nissan,Serena,2019.0,57500.0,Black,1997.0,Automatic,7.0,240000000.0,Petrol,6.0
Toyota,Calya,2024.0,2500.0,Grey,1197.0,Manual,7.0,135000000.0,Petrol,1.0
Suzuki,Apv,2015.0,137500.0,White,1500.0,Manual,7.0,98000000.0,Petrol,10.0
Lexus,Rx,2013.0,102500.0,Black,2672.0,Automatic,5.0,215000000.0,Petrol,12.0
Land,Rover,2023.0,7500.0,White,2996.0,Automatic,5.0,5000000000.0,Hybrid,2.0
Mercedes,Benz,2018.0,62500.0,Black,2996.0,Automatic,7.0,799000000.0,Petrol,7.0
Bmw,X5,2022.0,27500.0,Black,2998.0,Automatic,5.0,975000000.0,Petrol,3.0
Bmw,740Li,2017.0,37500.0,Black,2979.0,Automatic,5.0,650000000.0,Petrol,8.0
Cadillac,Escalade,2010.0,62500.0,Black,6162.0,Automatic,7.0,385000000.0,Petrol,15.0
Toyota,Rush,2011.0,77500.0,Black,1495.0,Manual,5.0,99000000.0,Petrol,14.0
Honda,Brio,2023.0,22500.0,Black,1199.0,Automatic,5.0,155000000.0,Petrol,2.0
Mercedes,Benz,2023.0,12500.0,Black,1991.0,Automatic,5.0,765000000.0,Petrol,2.0
Bmw,320I,2022.0,22500.0,Black,1995.0,Automatic,5.0,515000000.0,Petrol,3.0
Mercedes,Benz,2019.0,17500.0,Black,2999.0,Automatic,5.0,965000000.0,Petrol,6.0
Daihatsu,Sirion,2021.0,40656.0,Red,1329.0,Automatic,5.0,157000000.0,Petrol,4.0
Daihatsu,Terios,2022.0,45814.0,Silver,1496.0,Automatic,7.0,194000000.0,Petrol,3.0
Daihatsu,Terios,2016.0,78183.0,White,1495.0,Automatic,7.0,149000000.0,Petrol,9.0
Daihatsu,Terios,2023.0,11173.0,White,1496.0,Automatic,7.0,218000000.0,Petrol,2.0
Toyota,Rush,2021.0,52500.0,Black,1496.0,Automatic,7.0,195000000.0,Petrol,4.0
Toyota,Fortuner,2014.0,167500.0,White,2494.0,Automatic,7.0,295000000.0,Diesel,11.0
Toyota,Alphard,2010.0,107500.0,White,2362.0,Automatic,7.0,195000000.0,Petrol,15.0
Bmw,X5,2015.0,37500.0,Silver,2979.0,Automatic,5.0,480000000.0,Petrol,10.0
Bmw,X5,2024.0,32500.0,Black,2998.0,Automatic,5.0,1370000000.0,Petrol,1.0
Mercedes,Benz,2022.0,2500.0,Black,1991.0,Automatic,5.0,895000000.0,Petrol,3.0
Hyundai,Palisade,2023.0,47500.0,Black,2199.0,Automatic,7.0,765000000.0,Diesel,2.0
Toyota,Fortuner,2014.0,168000.0,White,2494.0,Automatic,7.0,295000000.0,Diesel,11.0
Bmw,M135I,2013.0,12500.0,White,2979.0,Automatic,5.0,618000000.0,Petrol,12.0
Toyota,Rush,2021.0,42500.0,Red,1495.0,Automatic,7.0,199000000.0,Petrol,4.0
Mercedes,Benz,2009.0,12500.0,Black,3498.0,Automatic,5.0,225000000.0,Petrol,16.0
Mercedes,Benz,2019.0,27500.0,Grey,1332.0,Automatic,5.0,480000000.0,Petrol,6.0
Bmw,M6,2006.0,37500.0,Black,4999.0,Automatic,4.0,1875000000.0,Petrol,19.0
Bmw,320I,2020.0,57500.0,White,1995.0,Automatic,5.0,489000000.0,Petrol,5.0
Toyota,Alphard,2022.0,37500.0,White,2494.0,Automatic,7.0,843000000.0,Petrol,3.0
Bmw,318I,1993.0,62500.0,Green,1766.0,Manual,5.0,980000000.0,Petrol,32.0
Mercedes,Benz,2018.0,87500.0,Brown,1595.0,Automatic,5.0,295000000.0,Petrol,7.0
Mazda,2,2013.0,87500.0,White,1498.0,Automatic,5.0,85000000.0,Petrol,12.0
Land,Rover,2010.0,102500.0,Grey,4196.0,Automatic,5.0,390000000.0,Petrol,15.0
Toyota,Vellfire,2017.0,62500.0,Grey,2494.0,Automatic,7.0,568000000.0,Petrol,8.0
Toyota,Avanza,2020.0,62500.0,Black,1496.0,Automatic,7.0,169000000.0,Petrol,5.0
Porsche,Panamera,2013.0,12500.0,Black,2997.0,Automatic,4.0,948000000.0,Petrol,12.0
Honda,Cr,2013.0,112500.0,White,2354.0,Automatic,5.0,149000000.0,Petrol,12.0
Toyota,Raize,2021.0,57500.0,Yellow,998.0,Automatic,5.0,197000000.0,Petrol,4.0
Toyota,Veloz,2022.0,52500.0,White,1496.0,Automatic,7.0,190000000.0,Petrol,3.0
Toyota,Alphard,2013.0,72500.0,Black,2362.0,Automatic,7.0,225000000.0,Petrol,12.0
Wuling,Cortez,2019.0,112500.0,White,1451.0,Automatic,7.0,135000000.0,Petrol,6.0
Daihatsu,Terios,2022.0,27897.0,Silver,1496.0,Automatic,7.0,203000000.0,Petrol,3.0
Toyota,Agya,2021.0,39522.0,Grey,1197.0,Automatic,5.0,131000000.0,Petrol,4.0
Mercedes,Benz,2022.0,12500.0,Black,2999.0,Automatic,7.0,1175000000.0,Petrol,3.0
Toyota,Alphard,2022.0,22500.0,Black,2494.0,Automatic,7.0,725000000.0,Petrol,3.0
Suzuki,Xl7,2023.0,12500.0,Grey,1500.0,Automatic,7.0,193000000.0,Petrol,2.0
Suzuki,S,2024.0,7500.0,Grey,998.0,Automatic,4.0,120000000.0,Petrol,1.0
Daihatsu,Sigra,2021.0,27500.0,White,1197.0,Automatic,7.0,125000000.0,Petrol,4.0
Toyota,Agya,2021.0,37500.0,Grey,1197.0,Automatic,5.0,131000000.0,Petrol,4.0
Toyota,Fortuner,2014.0,117500.0,Black,2694.0,Automatic,7.0,225000000.0,Petrol,11.0
Toyota,Agya,2019.0,41685.0,Grey,1197.0,Automatic,5.0,125000000.0,Petrol,6.0
Bmw,320I,2014.0,112500.0,Black,1997.0,Automatic,5.0,320000000.0,Petrol,11.0
Toyota,Veloz,2022.0,17500.0,White,1496.0,Automatic,7.0,228000000.0,Petrol,3.0
Honda,City,2021.0,47500.0,White,1498.0,Automatic,5.0,207000000.0,Petrol,4.0
Toyota,Rush,2017.0,92500.0,Black,1495.0,Automatic,7.0,168000000.0,Petrol,8.0
Suzuki,Sx4,2019.0,57500.0,Grey,1500.0,Automatic,5.0,178000000.0,Petrol,6.0
Toyota,Alphard,2017.0,102500.0,Black,2494.0,Automatic,7.0,465000000.0,Petrol,8.0
Mazda,Cx,2018.0,27500.0,White,2488.0,Automatic,7.0,369000000.0,Petrol,7.0
Lexus,Lm,2020.0,32500.0,Others,3456.0,Automatic,4.0,1475000000.0,Petrol,5.0
Lamborghini,Gallardo,2011.0,7500.0,Green,5204.0,Automatic,4.0,3400000000.0,Petrol,14.0
Honda,Brio,2019.0,82500.0,Black,1199.0,Automatic,5.0,110000000.0,Petrol,6.0
Honda,Brio,2019.0,82500.0,Black,1199.0,Automatic,5.0,119000000.0,Petrol,6.0
Mazda,Cx,2012.0,77500.0,White,2000.0,Automatic,5.0,135000000.0,Petrol,13.0
Mazda,Biante,2013.0,92500.0,Black,1997.0,Automatic,7.0,115000000.0,Petrol,12.0
Mazda,Cx,2022.0,22500.0,Red,2488.0,Automatic,5.0,420000000.0,Petrol,3.0
Ferrari,Portofino,2019.0,2500.0,Red,3855.0,Automatic,4.0,10500000000.0,Petrol,6.0
Lamborghini,Gallardo,2013.0,2500.0,Others,5204.0,Automatic,4.0,3500000000.0,Petrol,12.0
Mazda,Cx,2016.0,77500.0,White,2488.0,Automatic,5.0,200000000.0,Petrol,9.0
Land,Rover,2022.0,37500.0,Blue,2995.0,Automatic,5.0,2785000000.0,Petrol,3.0
Toyota,Yaris,2015.0,72500.0,Black,1497.0,Automatic,5.0,125000000.0,Petrol,10.0
Mclaren,765Lt,2022.0,2500.0,Blue,3994.0,Automatic,2.0,13800000000.0,Petrol,3.0
Mazda,Cx,2015.0,92500.0,White,2488.0,Automatic,5.0,189000000.0,Petrol,10.0
Honda,Hr,2017.0,57500.0,Black,1799.0,Automatic,5.0,200000000.0,Petrol,8.0
Bmw,X5,2016.0,57500.0,White,2979.0,Automatic,5.0,390000000.0,Petrol,9.0
Hyundai,Stargazer,2022.0,37500.0,White,1497.0,Automatic,7.0,198000000.0,Petrol,3.0
Hyundai,Stargazer,2022.0,32500.0,Black,1497.0,Automatic,7.0,198000000.0,Petrol,3.0
Bmw,X1,2012.0,47500.0,White,1995.0,Automatic,5.0,143000000.0,Petrol,13.0
Mazda,Cx,2016.0,72500.0,White,2488.0,Automatic,5.0,200000000.0,Petrol,9.0
Toyota,Harrier,2003.0,142500.0,Grey,2994.0,Automatic,5.0,89000000.0,Petrol,22.0
Lexus,Lx,2011.0,97500.0,White,5663.0,Automatic,8.0,598000000.0,Petrol,14.0
Bmw,523I,2008.0,142500.0,Black,2497.0,Automatic,5.0,129000000.0,Petrol,17.0
Bmw,X5,2016.0,92500.0,White,2979.0,Automatic,5.0,390000000.0,Petrol,9.0
Mazda,Cx,2013.0,112500.0,Grey,3726.0,Automatic,7.0,169000000.0,Petrol,12.0
Bmw,320I,2014.0,82500.0,Black,1997.0,Automatic,5.0,232000000.0,Petrol,11.0
Nissan,Elgrand,2013.0,112500.0,Black,2488.0,Automatic,7.0,199000000.0,Petrol,12.0
Toyota,Vellfire,2013.0,102500.0,White,2362.0,Automatic,7.0,335000000.0,Petrol,12.0
Honda,Accord,2008.0,132500.0,Black,2354.0,Automatic,5.0,99000000.0,Petrol,17.0
Toyota,Avanza,2020.0,62500.0,Black,1329.0,Automatic,7.0,169000000.0,Petrol,5.0
Honda,Hr,2017.0,57500.0,Black,1799.0,Automatic,5.0,205000000.0,Petrol,8.0
Mercedes,Benz,2016.0,32500.0,Grey,1595.0,Automatic,5.0,275000000.0,Petrol,9.0
Toyota,Raize,2021.0,57500.0,Yellow,998.0,Automatic,5.0,195000000.0,Petrol,4.0
Suzuki,Ertiga,2023.0,92500.0,Black,1462.0,Automatic,7.0,174000000.0,Hybrid,2.0
Mitsubishi,Colt,2007.0,297500.0,Yellow,3908.0,Manual,3.0,96500000.0,Diesel,18.0
Hino,Dutro,2012.0,297500.0,White,4009.0,Manual,2.0,115500000.0,Diesel,13.0
Toyota,Avanza,2020.0,87500.0,Black,1329.0,Manual,7.0,138000000.0,Petrol,5.0
Toyota,Harrier,2003.0,142500.0,Grey,2994.0,Automatic,5.0,89000000.0,Petrol,22.0
Toyota,Hiace,2025.0,2500.0,White,2755.0,Manual,12.0,648000000.0,Diesel,0.0
Mercedes,Benz,2019.0,7500.0,White,1991.0,Automatic,5.0,950000000.0,Petrol,6.0
Jeep,Wrangler,2022.0,17500.0,Black,2000.0,Automatic,5.0,1725000000.0,Petrol,3.0
Honda,Jazz,2016.0,27500.0,Grey,1497.0,Automatic,5.0,179000000.0,Petrol,9.0
Toyota,Agya,2021.0,37500.0,Grey,1197.0,Automatic,5.0,131000000.0,Petrol,4.0
Toyota,Veloz,2022.0,17500.0,White,1496.0,Automatic,7.0,228000000.0,Petrol,3.0
Toyota,Kijang,2024.0,17500.0,White,1987.0,Automatic,8.0,439000000.0,Petrol,1.0
Mazda,2,2019.0,67500.0,Grey,1496.0,Automatic,5.0,175000000.0,Petrol,6.0
Honda,Cr,2019.0,77500.0,White,1498.0,Automatic,5.0,325000000.0,Petrol,6.0
Honda,Cr,2020.0,57500.0,Black,1498.0,Automatic,5.0,349000000.0,Petrol,5.0
Honda,Cr,2021.0,47500.0,Grey,1498.0,Automatic,5.0,415000000.0,Petrol,4.0
Honda,Cr,2021.0,37500.0,White,1498.0,Automatic,5.0,358000000.0,Petrol,4.0
Toyota,Kijang,2021.0,47500.0,White,1998.0,Automatic,8.0,265000000.0,Petrol,4.0
Honda,Hr,2021.0,52500.0,Black,1497.0,Automatic,5.0,220000000.0,Petrol,4.0
Toyota,Kijang,2022.0,27500.0,Black,1998.0,Automatic,7.0,357000000.0,Petrol,3.0
Honda,Cr,2018.0,57500.0,Grey,1498.0,Automatic,5.0,310000000.0,Petrol,7.0
Toyota,Yaris,2023.0,27500.0,Orange,1496.0,Automatic,5.0,295000000.0,Petrol,2.0
Toyota,Avanza,2021.0,42500.0,Silver,1496.0,Automatic,7.0,191000000.0,Petrol,4.0
Daihatsu,Terios,2016.0,77500.0,White,1495.0,Automatic,7.0,149000000.0,Petrol,9.0
Honda,Brio,2022.0,17500.0,White,1199.0,Automatic,5.0,149000000.0,Petrol,3.0
Honda,Civic,2017.0,66000.0,Black,1498.0,Automatic,5.0,299000000.0,Petrol,8.0
Toyota,Rush,2018.0,57000.0,Black,1495.0,Automatic,7.0,179000000.0,Petrol,7.0
Mitsubishi,Pajero,2019.0,78000.0,Black,2442.0,Automatic,7.0,341000000.0,Diesel,6.0
Toyota,Agya,2017.0,124000.0,Silver,998.0,Automatic,5.0,88000000.0,Petrol,8.0
Mazda,Cx,2016.0,77500.0,White,2488.0,Automatic,5.0,197000000.0,Petrol,9.0
Hyundai,Palisade,2023.0,1450.0,Blue,2199.0,Automatic,7.0,855000000.0,Diesel,2.0
Suzuki,Ertiga,2018.0,72500.0,Grey,1462.0,Automatic,7.0,130000000.0,Petrol,7.0
Toyota,Kijang,2023.0,7500.0,White,1998.0,Automatic,7.0,495000000.0,Hybrid,2.0
Suzuki,Grand,2024.0,17500.0,Black,1462.0,Automatic,5.0,285000000.0,Hybrid,1.0
Chery,Omoda,2023.0,2500.0,White,1498.0,Automatic,5.0,285000000.0,Petrol,2.0
Toyota,Calya,2024.0,7500.0,Silver,1197.0,Automatic,7.0,147000000.0,Petrol,1.0
Bmw,X5,2017.0,72500.0,White,2979.0,Automatic,5.0,525000000.0,Petrol,8.0
Toyota,Yaris,2022.0,37500.0,White,1495.0,Automatic,5.0,209000000.0,Petrol,3.0
Toyota,Voxy,2018.0,52500.0,Black,1986.0,Automatic,7.0,268000000.0,Petrol,7.0
Mitsubishi,Xpander,2023.0,12500.0,Green,1499.0,Automatic,7.0,259000000.0,Petrol,2.0
Kia,Seltos,2022.0,22500.0,White,1353.0,Automatic,5.0,249000000.0,Petrol,3.0
Hyundai,Creta,2023.0,17500.0,White,1497.0,Automatic,5.0,289000000.0,Petrol,2.0
Honda,Wr,2023.0,22500.0,Red,1498.0,Automatic,5.0,249000000.0,Petrol,2.0
Honda,Civic,2018.0,52500.0,Black,1498.0,Automatic,5.0,295000000.0,Petrol,7.0
Honda,Br,2023.0,22500.0,Grey,1498.0,Automatic,7.0,245000000.0,Petrol,2.0
Toyota,Avanza,2021.0,12500.0,White,1496.0,Automatic,7.0,169000000.0,Petrol,4.0
Chery,Omoda,2023.0,12500.0,Grey,1498.0,Automatic,5.0,255000000.0,Petrol,2.0
Chevrolet,Trax,2019.0,52500.0,White,1364.0,Automatic,5.0,165000000.0,Petrol,6.0
Bmw,528I,2012.0,92500.0,Black,2996.0,Automatic,5.0,215000000.0,Petrol,13.0
Daihatsu,Sigra,2021.0,27500.0,Grey,1197.0,Manual,7.0,127000000.0,Petrol,4.0
Bmw,320I,2018.0,47500.0,Silver,1995.0,Automatic,5.0,338000000.0,Petrol,7.0
Toyota,Alphard,2017.0,72500.0,Black,2494.0,Automatic,7.0,478000000.0,Petrol,8.0
Bmw,535I,2011.0,62500.0,White,2979.0,Automatic,5.0,288000000.0,Petrol,14.0
Bmw,X5,2019.0,27500.0,Black,2998.0,Automatic,5.0,745000000.0,Petrol,6.0
Mercedes,Benz,2022.0,17500.0,Black,1991.0,Automatic,5.0,825000000.0,Petrol,3.0
Chevrolet,Trax,2017.0,57500.0,Brown,1399.0,Automatic,5.0,136000000.0,Petrol,8.0
Bmw,740Li,2018.0,22500.0,Black,2998.0,Automatic,5.0,680000000.0,Petrol,7.0
Toyota,Alphard,2021.0,57500.0,Black,2494.0,Automatic,7.0,709000000.0,Petrol,4.0
Jeep,Wrangler,2014.0,57500.0,Brown,3604.0,Automatic,5.0,799000000.0,Petrol,11.0
Toyota,Avanza,2020.0,97500.0,Red,1329.0,Automatic,7.0,174000000.0,Petrol,5.0
Honda,Br,2024.0,2500.0,Black,1498.0,Automatic,7.0,260000000.0,Petrol,1.0
Toyota,Voxy,2021.0,52500.0,Black,1986.0,Automatic,7.0,340000000.0,Petrol,4.0
Toyota,Alphard,2019.0,62500.0,Black,2494.0,Automatic,7.0,625000000.0,Petrol,6.0
Toyota,Yaris,2023.0,22500.0,White,1496.0,Automatic,5.0,320000000.0,Hybrid,2.0
Mercedes,Benz,2017.0,17500.0,Black,2996.0,Automatic,7.0,788000000.0,Petrol,8.0
Toyota,Fortuner,2022.0,62500.0,Black,2755.0,Automatic,7.0,505000000.0,Diesel,3.0
Honda,Cr,2017.0,47500.0,Others,1498.0,Automatic,5.0,243000000.0,Petrol,8.0
Mercedes,Benz,2019.0,17500.0,White,1497.0,Automatic,5.0,365000000.0,Petrol,6.0
Mini,Cabrio,2016.0,32500.0,Blue,1998.0,Automatic,4.0,675000000.0,Petrol,9.0
Mercedes,Benz,2019.0,2500.0,White,1991.0,Automatic,5.0,950000000.0,Petrol,6.0
Jeep,Wrangler,2022.0,7500.0,Black,2000.0,Automatic,5.0,1725000000.0,Petrol,3.0
Bmw,535I,2011.0,37500.0,White,2979.0,Automatic,5.0,288000000.0,Petrol,14.0
Mercedes,Benz,2014.0,42500.0,Black,2996.0,Automatic,5.0,335000000.0,Petrol,11.0
Bmw,528I,2015.0,47500.0,Black,1997.0,Automatic,5.0,275000000.0,Petrol,10.0
Suzuki,Baleno,2023.0,32500.0,Black,1462.0,Automatic,5.0,180000000.0,Petrol,2.0
Lexus,Lx,2024.0,7500.0,Black,3445.0,Automatic,7.0,3150000000.0,Petrol,1.0
Lexus,Nx,2019.0,32500.0,Grey,1998.0,Automatic,5.0,490000000.0,Petrol,6.0
Bmw,320I,2014.0,52500.0,Black,1997.0,Automatic,5.0,230000000.0,Petrol,11.0
Bmw,320D,2013.0,37500.0,Silver,1995.0,Automatic,5.0,230000000.0,Diesel,12.0
Toyota,Fortuner,2014.0,137500.0,White,2494.0,Automatic,7.0,235000000.0,Diesel,11.0
Audi,Q7,2015.0,60000.0,Blue,2995.0,Automatic,7.0,450000000.0,Petrol,10.0
Suzuki,Xl7,2024.0,6339.0,Grey,1500.0,Automatic,7.0,203000000.0,Petrol,1.0
Suzuki,Ertiga,2022.0,38327.0,Silver,1462.0,Automatic,7.0,189000000.0,Petrol,3.0
Suzuki,Sx4,2019.0,57895.0,Grey,1500.0,Automatic,5.0,178000000.0,Petrol,6.0
Toyota,Avanza,2014.0,107500.0,White,1298.0,Automatic,7.0,110000000.0,Petrol,11.0
Mercedes,Benz,2015.0,42500.0,Black,2996.0,Automatic,5.0,395000000.0,Petrol,10.0
Mercedes,Benz,2016.0,57500.0,Black,2996.0,Automatic,5.0,435000000.0,Petrol,9.0
Mercedes,Benz,2016.0,27500.0,Black,1991.0,Automatic,5.0,325000000.0,Petrol,9.0
Honda,Hr,2018.0,77500.0,White,1497.0,Automatic,5.0,170000000.0,Petrol,7.0
Mercedes,Benz,2015.0,37500.0,White,2143.0,Automatic,5.0,325000000.0,Diesel,10.0
Honda,Cr,2018.0,72500.0,White,1498.0,Automatic,5.0,295000000.0,Petrol,7.0
Mercedes,Benz,2019.0,7500.0,White,1991.0,Automatic,4.0,765000000.0,Petrol,6.0
Honda,City,2021.0,37500.0,White,1498.0,Automatic,5.0,205000000.0,Petrol,4.0
Lexus,Rx,2012.0,87500.0,White,2672.0,Automatic,5.0,225000000.0,Petrol,13.0
Toyota,Alphard,2015.0,67500.0,Black,2362.0,Automatic,7.0,490000000.0,Petrol,10.0
Honda,Hr,2021.0,27500.0,Black,1497.0,Automatic,5.0,220000000.0,Petrol,4.0
Hyundai,Stargazer,2023.0,12500.0,Silver,1497.0,Automatic,7.0,190000000.0,Petrol,2.0
Bmw,730Li,2018.0,42500.0,Black,1998.0,Automatic,5.0,650000000.0,Petrol,7.0
Toyota,Calya,2020.0,52500.0,Silver,1197.0,Automatic,7.0,116000000.0,Petrol,5.0
Toyota,Fortuner,2017.0,37500.0,Black,2393.0,Automatic,7.0,365000000.0,Diesel,8.0
Honda,Hr,2023.0,12500.0,Black,1498.0,Automatic,5.0,299000000.0,Petrol,2.0
Mitsubishi,Xpander,2020.0,42500.0,Grey,1499.0,Automatic,7.0,190000000.0,Petrol,5.0
Toyota,Fortuner,2022.0,32500.0,White,2755.0,Automatic,7.0,460000000.0,Diesel,3.0
Mazda,Cx,2014.0,127500.0,Grey,2488.0,Automatic,5.0,153000000.0,Petrol,11.0
Honda,Accord,2022.0,7500.0,White,1498.0,Automatic,5.0,485000000.0,Petrol,3.0
Mercedes,Benz,2014.0,67500.0,Black,2996.0,Automatic,5.0,335000000.0,Petrol,11.0
Mitsubishi,Xpander,2024.0,12500.0,Silver,1499.0,Automatic,7.0,230000000.0,Petrol,1.0
Honda,Hr,2018.0,62500.0,Grey,1799.0,Automatic,5.0,219000000.0,Petrol,7.0
Honda,Cr,2021.0,42500.0,Grey,1498.0,Automatic,5.0,395000000.0,Petrol,4.0
Honda,Civic,2017.0,67500.0,Black,1498.0,Automatic,5.0,260000000.0,Petrol,8.0
Toyota,Yaris,2021.0,62500.0,Black,1496.0,Automatic,5.0,189000000.0,Petrol,4.0
Toyota,Veloz,2022.0,22500.0,Black,1496.0,Automatic,7.0,205000000.0,Petrol,3.0
Toyota,Calya,2023.0,27500.0,White,1197.0,Automatic,7.0,119000000.0,Petrol,2.0
Toyota,Voxy,2019.0,67500.0,Black,1986.0,Automatic,7.0,269000000.0,Petrol,6.0
Suzuki,Ertiga,2017.0,82500.0,Purple,1373.0,Automatic,7.0,135000000.0,Petrol,8.0
Honda,Mobilio,2017.0,62500.0,White,1496.0,Automatic,7.0,125000000.0,Petrol,8.0
Honda,City,2022.0,22500.0,White,1498.0,Automatic,5.0,209000000.0,Petrol,3.0
Suzuki,Ertiga,2017.0,92500.0,Grey,1373.0,Automatic,7.0,129000000.0,Petrol,8.0
Toyota,Etios,2016.0,22500.0,White,1197.0,Manual,5.0,95000000.0,Petrol,9.0
Mitsubishi,Xpander,2019.0,77500.0,Silver,1499.0,Automatic,7.0,190000000.0,Petrol,6.0
Honda,Cr,2020.0,162500.0,Black,1993.0,Automatic,5.0,240000000.0,Petrol,5.0
Toyota,Fortuner,2011.0,297500.0,Black,2694.0,Automatic,7.0,150000000.0,Petrol,14.0
Toyota,Land,2018.0,47500.0,Black,4461.0,Automatic,8.0,1575000000.0,Diesel,7.0
Toyota,Kijang,2019.0,150985.0,Black,2393.0,Automatic,8.0,275000000.0,Diesel,6.0
Mitsubishi,Xpander,2019.0,52500.0,Grey,1499.0,Automatic,7.0,195000000.0,Petrol,6.0
Mercedes,Benz,2017.0,22500.0,Black,1991.0,Automatic,5.0,315000000.0,Petrol,8.0
Mercedes,Benz,2018.0,32500.0,Black,2999.0,Automatic,5.0,795000000.0,Petrol,7.0
Toyota,Calya,2024.0,17500.0,Black,1197.0,Automatic,7.0,120000000.0,Petrol,1.0
Bmw,X1,2012.0,52500.0,White,1995.0,Automatic,5.0,138000000.0,Petrol,13.0
Toyota,Kijang,2016.0,82500.0,Silver,1998.0,Automatic,8.0,199000000.0,Petrol,9.0
Mercedes,Benz,2017.0,42500.0,Grey,1991.0,Automatic,5.0,475000000.0,Petrol,8.0
Mercedes,Benz,2015.0,72500.0,Silver,1595.0,Automatic,5.0,225000000.0,Petrol,10.0
Mazda,6,2021.0,37500.0,Red,2488.0,Automatic,5.0,430000000.0,Petrol,4.0
Porsche,Macan,2016.0,37500.0,Black,1984.0,Automatic,5.0,650000000.0,Petrol,9.0
Bmw,X1,2012.0,82500.0,White,1995.0,Automatic,5.0,143000000.0,Petrol,13.0
Toyota,Calya,2024.0,17500.0,Black,1197.0,Automatic,7.0,122000000.0,Petrol,1.0
Jeep,Wrangler,2023.0,7500.0,Red,2000.0,Automatic,5.0,1795000000.0,Petrol,2.0
Toyota,Fortuner,2021.0,57500.0,Black,2393.0,Automatic,7.0,410000000.0,Diesel,4.0
Toyota,Yaris,2019.0,82500.0,Grey,1496.0,Automatic,5.0,177000000.0,Petrol,6.0
Bmw,528I,2015.0,77500.0,Black,1997.0,Automatic,5.0,275000000.0,Petrol,10.0
Hyundai,H,2018.0,82500.0,Black,2359.0,Automatic,8.0,250000000.0,Petrol,7.0
Mitsubishi,Pajero,2024.0,2500.0,Black,2442.0,Automatic,7.0,540000000.0,Diesel,1.0
Nissan,X,2018.0,92500.0,Black,2488.0,Automatic,7.0,205000000.0,Petrol,7.0
Mazda,Cx,2023.0,52500.0,White,2488.0,Automatic,5.0,435000000.0,Petrol,2.0
Mercedes,Benz,2022.0,2500.0,Black,1991.0,Automatic,5.0,1100000000.0,Petrol,3.0
Bmw,M4,2023.0,2500.0,Grey,2993.0,Automatic,4.0,2375000000.0,Petrol,2.0
Mercedes,Benz,2019.0,17500.0,Black,1991.0,Automatic,5.0,695000000.0,Petrol,6.0
Honda,City,2022.0,37500.0,Grey,1498.0,Automatic,5.0,218000000.0,Petrol,3.0
Honda,Hr,2016.0,117500.0,White,1497.0,Automatic,5.0,170000000.0,Petrol,9.0
Toyota,Alphard,2010.0,112500.0,Silver,2362.0,Automatic,7.0,170000000.0,Petrol,15.0
Toyota,Fortuner,2021.0,107500.0,Black,2694.0,Automatic,7.0,330000000.0,Petrol,4.0
Toyota,Voxy,2021.0,47500.0,White,1986.0,Automatic,7.0,335000000.0,Petrol,4.0
Mitsubishi,Pajero,2022.0,22500.0,White,2442.0,Automatic,7.0,480000000.0,Diesel,3.0
Toyota,Etios,2016.0,25015.0,White,1197.0,Manual,5.0,95000000.0,Petrol,9.0
Lexus,Lx,2025.0,2500.0,Black,3445.0,Automatic,4.0,3500000000.0,Petrol,0.0
Land,Rover,2015.0,37500.0,White,1999.0,Automatic,5.0,380000000.0,Petrol,10.0
Toyota,Alphard,2023.0,7500.0,Black,2500.0,Automatic,7.0,1395000000.0,Hybrid,2.0
Bmw,X5,2024.0,17500.0,Black,2998.0,Automatic,5.0,1375000000.0,Petrol,1.0
Mercedes,Benz,2020.0,2500.0,Black,2999.0,Automatic,5.0,1675000000.0,Petrol,5.0
Chery,Tiggo,2024.0,17500.0,Black,1498.0,Automatic,5.0,170000000.0,Petrol,1.0
Toyota,Rush,2021.0,37500.0,Maroon,1495.0,Automatic,7.0,199000000.0,Petrol,4.0
Honda,Brio,2020.0,47500.0,Grey,1199.0,Automatic,5.0,144000000.0,Petrol,5.0
Honda,Cr,2018.0,82500.0,White,1498.0,Automatic,5.0,269000000.0,Petrol,7.0
Honda,Hr,2023.0,48000.0,Black,1498.0,Automatic,5.0,300000000.0,Petrol,2.0
Toyota,C,2019.0,57500.0,Red,1798.0,Automatic,5.0,285000000.0,Hybrid,6.0
Toyota,Kijang,2018.0,142500.0,Black,1998.0,Automatic,7.0,268000000.0,Petrol,7.0
Toyota,Alphard,2022.0,12500.0,Black,2494.0,Automatic,7.0,785000000.0,Petrol,3.0
Mazda,Cx,2024.0,22500.0,Red,2488.0,Automatic,5.0,475000000.0,Petrol,1.0
Mercedes,Benz,2009.0,62500.0,Silver,3498.0,Automatic,5.0,169000000.0,Petrol,16.0
Wuling,Almaz,2019.0,67500.0,Black,1451.0,Automatic,7.0,157000000.0,Petrol,6.0
Honda,Jazz,2018.0,67500.0,Grey,1497.0,Automatic,5.0,206000000.0,Petrol,7.0
Honda,Jazz,2021.0,42500.0,Black,1497.0,Automatic,5.0,235000000.0,Petrol,4.0
Mercedes,Benz,2015.0,62500.0,Black,2996.0,Automatic,5.0,300000000.0,Petrol,10.0
Suzuki,Sx4,2018.0,37500.0,White,1500.0,Automatic,5.0,170000000.0,Petrol,7.0
Toyota,Fortuner,2022.0,42500.0,Black,2755.0,Automatic,7.0,478000000.0,Diesel,3.0
Lexus,Nx,2015.0,72500.0,Black,1998.0,Automatic,5.0,300000000.0,Petrol,10.0
Mazda,Biante,2014.0,112500.0,Black,1997.0,Automatic,7.0,139000000.0,Petrol,11.0
Toyota,Corolla,2017.0,142500.0,Black,1798.0,Automatic,5.0,175000000.0,Petrol,8.0
Lexus,Es,2015.0,72500.0,Black,2500.0,Automatic,5.0,289000000.0,Hybrid,10.0
Toyota,Yaris,2015.0,72500.0,Black,1497.0,Automatic,5.0,128000000.0,Petrol,10.0
Lexus,Es,2021.0,17500.0,Grey,2487.0,Automatic,5.0,695000000.0,Hybrid,4.0
Mazda,Cx,2021.0,27500.0,Silver,1998.0,Automatic,5.0,360000000.0,Petrol,4.0
Mini,Countryman,2019.0,32500.0,Silver,1499.0,Automatic,5.0,424000000.0,Petrol,6.0
Toyota,Avanza,2021.0,72500.0,White,1496.0,Automatic,7.0,193000000.0,Petrol,4.0
Toyota,Yaris,2023.0,22500.0,White,1496.0,Automatic,5.0,332000000.0,Petrol,2.0
Toyota,Alphard,2019.0,22500.0,Black,2494.0,Automatic,7.0,699000000.0,Petrol,6.0
Honda,Br,2022.0,32500.0,Grey,1498.0,Automatic,7.0,220000000.0,Petrol,3.0
Toyota,Alphard,2012.0,82500.0,White,2362.0,Automatic,7.0,219000000.0,Petrol,13.0
Hyundai,Stargazer,2022.0,37500.0,Black,1497.0,Automatic,7.0,196000000.0,Petrol,3.0
Hyundai,Creta,2023.0,32500.0,Red,1497.0,Automatic,5.0,287000000.0,Petrol,2.0
Toyota,Veloz,2022.0,57500.0,Black,1496.0,Automatic,7.0,243000000.0,Petrol,3.0
Toyota,Avanza,2024.0,37500.0,Black,1496.0,Automatic,7.0,238000000.0,Petrol,1.0
Toyota,Veloz,2022.0,72500.0,Silver,1496.0,Automatic,7.0,224000000.0,Petrol,3.0
Toyota,Alphard,2018.0,42500.0,Black,2494.0,Automatic,7.0,700000000.0,Petrol,7.0
Hyundai,Creta,2023.0,2500.0,Red,1497.0,Automatic,5.0,305000000.0,Petrol,2.0
Mercedes,Benz,2010.0,117500.0,Silver,1796.0,Automatic,5.0,180000000.0,Petrol,15.0
Honda,Cr,2022.0,27500.0,White,1498.0,Automatic,5.0,450000000.0,Petrol,3.0
Honda,Odyssey,2021.0,37500.0,Black,2356.0,Automatic,7.0,620000000.0,Petrol,4.0
Toyota,Voxy,2024.0,7500.0,White,1986.0,Automatic,7.0,500000000.0,Petrol,1.0
Kia,Grand,2024.0,2500.0,Black,2151.0,Automatic,7.0,870000000.0,Diesel,1.0
Honda,Cr,2022.0,37500.0,Grey,1498.0,Automatic,5.0,450000000.0,Petrol,3.0
Mitsubishi,Pajero,2018.0,72500.0,White,2442.0,Automatic,7.0,380000000.0,Diesel,7.0
Toyota,Fortuner,2022.0,17500.0,Black,2755.0,Automatic,7.0,510000000.0,Diesel,3.0
Toyota,Kijang,2019.0,87500.0,White,1998.0,Automatic,8.0,225000000.0,Petrol,6.0
Toyota,Avanza,2021.0,117500.0,White,1329.0,Manual,7.0,143000000.0,Petrol,4.0
Suzuki,Grand,2013.0,152500.0,Black,2393.0,Manual,5.0,110000000.0,Petrol,12.0
Toyota,Kijang,2023.0,22500.0,Black,1998.0,Automatic,8.0,355000000.0,Petrol,2.0
Bmw,X1,2021.0,22500.0,Black,1499.0,Automatic,5.0,437000000.0,Petrol,4.0
Lexus,Rx,2012.0,157500.0,White,2672.0,Automatic,5.0,178000000.0,Petrol,13.0
Dfsk,Glory,2019.0,72500.0,Red,1498.0,Automatic,7.0,107000000.0,Petrol,6.0
Honda,Brio,2017.0,57500.0,Black,1199.0,Automatic,5.0,132000000.0,Petrol,8.0
Honda,Hr,2017.0,122500.0,Grey,1799.0,Automatic,5.0,185000000.0,Petrol,8.0
Suzuki,Xl7,2023.0,17500.0,Brown,1500.0,Manual,7.0,224000000.0,Hybrid,2.0
Mitsubishi,Xpander,2019.0,75240.0,Silver,1499.0,Automatic,7.0,192000000.0,Petrol,6.0
Mitsubishi,Xpander,2023.0,25830.0,Black,1499.0,Automatic,7.0,213000000.0,Petrol,2.0
Mitsubishi,Xpander,2023.0,24074.0,Black,1499.0,Automatic,7.0,213000000.0,Petrol,2.0
Mitsubishi,Xpander,2023.0,24775.0,Black,1499.0,Automatic,7.0,213000000.0,Petrol,2.0
Mitsubishi,Xpander,2021.0,44872.0,Grey,1499.0,Automatic,7.0,228000000.0,Petrol,4.0
Toyota,Yaris,2013.0,92500.0,White,1497.0,Automatic,5.0,128000000.0,Petrol,12.0
Toyota,Alphard,2024.0,2500.0,White,2500.0,Automatic,7.0,1350000000.0,Petrol,1.0
Hyundai,Palisade,2023.0,7500.0,Black,2199.0,Automatic,7.0,785000000.0,Diesel,2.0
Rolls,Royce,2011.0,7500.0,Black,6600.0,Automatic,5.0,4250000000.0,Petrol,14.0
Ford,Mustang,2019.0,12500.0,Orange,2261.0,Automatic,4.0,999000000.0,Petrol,6.0
Toyota,Camry,2022.0,27500.0,Black,2487.0,Automatic,5.0,410000000.0,Petrol,3.0
Mercedes,Benz,2017.0,22500.0,White,2996.0,Automatic,5.0,635000000.0,Petrol,8.0
Mazda,Cx,2022.0,22500.0,Red,2488.0,Automatic,5.0,415000000.0,Petrol,3.0
Mazda,Cx,2023.0,17500.0,Black,2488.0,Automatic,5.0,440000000.0,Petrol,2.0
Toyota,Alphard,2015.0,37500.0,White,2362.0,Automatic,7.0,505000000.0,Petrol,10.0
Toyota,Land,2024.0,2500.0,Brown,2800.0,Automatic,5.0,1845000000.0,Diesel,1.0
Bmw,530I,2018.0,22500.0,White,1998.0,Automatic,5.0,435000000.0,Petrol,7.0
Toyota,Alphard,2024.0,2500.0,Black,2500.0,Automatic,7.0,1350000000.0,Petrol,1.0
Toyota,Alphard,2023.0,2500.0,Black,2500.0,Automatic,7.0,1275000000.0,Petrol,2.0
Honda,Br,2016.0,72500.0,White,1497.0,Automatic,7.0,160000000.0,Petrol,9.0
Mitsubishi,Xpander,2018.0,117500.0,Black,1499.0,Automatic,7.0,160000000.0,Petrol,7.0
Mg,5,2023.0,32500.0,Black,1498.0,Automatic,5.0,238000000.0,Petrol,2.0
Suzuki,Baleno,2020.0,57500.0,Grey,1373.0,Automatic,5.0,169000000.0,Petrol,5.0
Mitsubishi,Xpander,2023.0,22500.0,Black,1499.0,Automatic,7.0,213000000.0,Petrol,2.0
Suzuki,Ertiga,2022.0,37500.0,Silver,1462.0,Automatic,7.0,189000000.0,Petrol,3.0
Toyota,Yaris,2022.0,27500.0,Grey,1495.0,Automatic,5.0,220000000.0,Petrol,3.0
Toyota,Calya,2022.0,22500.0,Silver,1197.0,Automatic,7.0,118000000.0,Petrol,3.0
Honda,Hr,2018.0,82500.0,Silver,1497.0,Automatic,5.0,168000000.0,Petrol,7.0
Nissan,Grand,2013.0,112500.0,Black,1498.0,Automatic,7.0,90000000.0,Petrol,12.0
Mercedes,Benz,2022.0,12500.0,White,1991.0,Automatic,5.0,855000000.0,Petrol,3.0
Mercedes,Benz,2014.0,7500.0,White,1991.0,Automatic,4.0,495000000.0,Petrol,11.0
Mitsubishi,Xpander,2018.0,47500.0,Black,1499.0,Automatic,7.0,155000000.0,Petrol,7.0
Honda,Br,2023.0,32500.0,Grey,1498.0,Automatic,7.0,191000000.0,Petrol,2.0
Suzuki,Ertiga,2023.0,27500.0,Black,1462.0,Automatic,7.0,188000000.0,Hybrid,2.0
Daihatsu,Terios,2022.0,47500.0,Silver,1496.0,Automatic,7.0,194000000.0,Petrol,3.0
Hyundai,Palisade,2023.0,12500.0,Blue,2199.0,Automatic,7.0,740000000.0,Diesel,2.0
Mitsubishi,Xpander,2022.0,77500.0,Black,1499.0,Automatic,7.0,215000000.0,Petrol,3.0
Bmw,320I,2023.0,17500.0,Black,1995.0,Automatic,5.0,658000000.0,Petrol,2.0
Mitsubishi,Pajero,2018.0,107500.0,White,2442.0,Automatic,7.0,370000000.0,Diesel,7.0
Toyota,Avanza,2020.0,42500.0,White,1329.0,Automatic,7.0,170000000.0,Petrol,5.0
Honda,Cr,2019.0,87500.0,Grey,1498.0,Automatic,5.0,300000000.0,Petrol,6.0
Daihatsu,Xenia,2022.0,42500.0,Grey,1329.0,Automatic,7.0,170000000.0,Petrol,3.0
Toyota,Rush,2023.0,22500.0,Black,1496.0,Automatic,7.0,230000000.0,Petrol,2.0
Nissan,X,2012.0,117500.0,Grey,2488.0,Automatic,7.0,110000000.0,Petrol,13.0
Mitsubishi,Pajero,2019.0,92500.0,Black,2442.0,Automatic,7.0,318000000.0,Diesel,6.0
Daihatsu,Xenia,2018.0,107500.0,White,1329.0,Manual,7.0,120000000.0,Petrol,7.0
Mercedes,Benz,2020.0,27500.0,Black,2999.0,Automatic,7.0,1068000000.0,Petrol,5.0
Toyota,Vellfire,2014.0,117500.0,White,2362.0,Automatic,7.0,265000000.0,Petrol,11.0
Kia,Seltos,2020.0,42500.0,Grey,1353.0,Automatic,5.0,190000000.0,Petrol,5.0
Mercedes,Benz,2014.0,7500.0,Black,4663.0,Automatic,5.0,925000000.0,Petrol,11.0
Daihatsu,Rocky,2021.0,42500.0,White,1198.0,Automatic,5.0,168000000.0,Petrol,4.0
Honda,Brio,2016.0,92500.0,White,1199.0,Automatic,5.0,175000000.0,Petrol,9.0
Toyota,Avanza,2016.0,102500.0,Black,1329.0,Manual,7.0,123000000.0,Petrol,9.0
Bmw,X1,2012.0,122500.0,Black,1995.0,Automatic,5.0,155000000.0,Petrol,13.0
Mercedes,Benz,2018.0,32500.0,Black,1991.0,Automatic,5.0,425000000.0,Petrol,7.0
Toyota,Rush,2021.0,72500.0,Black,1495.0,Automatic,7.0,194000000.0,Petrol,4.0
Toyota,Fortuner,2021.0,67500.0,Grey,2393.0,Automatic,7.0,400000000.0,Diesel,4.0
Toyota,Kijang,2017.0,92500.0,White,1998.0,Automatic,8.0,240000000.0,Petrol,8.0
Bmw,320I,2017.0,72500.0,Black,1995.0,Automatic,5.0,300000000.0,Petrol,8.0
Wuling,Almaz,2019.0,37500.0,Grey,1451.0,Automatic,5.0,155000000.0,Petrol,6.0
Mitsubishi,Xpander,2021.0,57500.0,White,1499.0,Automatic,7.0,225000000.0,Petrol,4.0
Honda,Hr,2016.0,77500.0,White,1497.0,Automatic,5.0,190000000.0,Petrol,9.0
Toyota,Calya,2024.0,17500.0,Black,1197.0,Manual,7.0,130000000.0,Petrol,1.0
Honda,Brio,2019.0,52500.0,White,1199.0,Automatic,5.0,145000000.0,Petrol,6.0
Honda,Civic,2017.0,52500.0,White,1498.0,Automatic,5.0,310000000.0,Petrol,8.0
Honda,Hr,2016.0,37500.0,White,1497.0,Automatic,5.0,175000000.0,Petrol,9.0
Nissan,Grand,2014.0,72500.0,Silver,1498.0,Automatic,7.0,112000000.0,Petrol,11.0
Toyota,Kijang,2020.0,92500.0,White,1998.0,Automatic,8.0,230000000.0,Petrol,5.0
Toyota,Kijang,2022.0,52500.0,Black,1998.0,Automatic,8.0,365000000.0,Petrol,3.0
Bmw,X5,2015.0,37500.0,White,2979.0,Automatic,5.0,435000000.0,Petrol,10.0
Mercedes,Benz,2014.0,67500.0,Black,1796.0,Automatic,5.0,295000000.0,Petrol,11.0
Bmw,X5,2021.0,22500.0,Black,2998.0,Automatic,5.0,817000000.0,Petrol,4.0
Bmw,X5,2021.0,27500.0,White,2998.0,Automatic,5.0,826000000.0,Petrol,4.0
Bmw,530I,2021.0,12500.0,White,1998.0,Automatic,5.0,588000000.0,Petrol,4.0
Honda,Accord,2020.0,62500.0,Black,1498.0,Automatic,5.0,345000000.0,Petrol,5.0
Toyota,Camry,2017.0,67500.0,Black,2494.0,Automatic,5.0,210000000.0,Petrol,8.0
Honda,Hr,2021.0,67500.0,Black,1497.0,Automatic,5.0,200000000.0,Petrol,4.0
Toyota,Kijang,2022.0,72500.0,Black,1998.0,Automatic,8.0,329000000.0,Petrol,3.0
Toyota,Camry,2021.0,37500.0,Black,2487.0,Automatic,5.0,425000000.0,Petrol,4.0
Toyota,Kijang,2010.0,122500.0,Silver,2494.0,Automatic,8.0,175000000.0,Diesel,15.0
Toyota,Kijang,2019.0,72500.0,Black,1998.0,Automatic,7.0,285000000.0,Petrol,6.0
Toyota,Camry,2022.0,42500.0,Black,2487.0,Automatic,5.0,450000000.0,Petrol,3.0
Toyota,Voxy,2023.0,32500.0,Black,1986.0,Automatic,5.0,450000000.0,Petrol,2.0
Toyota,Veloz,2022.0,42500.0,Black,1496.0,Manual,7.0,195000000.0,Petrol,3.0
Nissan,Livina,2021.0,47500.0,Black,1499.0,Automatic,7.0,188000000.0,Petrol,4.0
Honda,Accord,2014.0,117500.0,Black,2356.0,Automatic,5.0,160000000.0,Petrol,11.0
Toyota,Camry,2010.0,102500.0,Black,2362.0,Automatic,5.0,130000000.0,Petrol,15.0
Toyota,Kijang,2022.0,42500.0,Black,1998.0,Automatic,7.0,345000000.0,Petrol,3.0
Mitsubishi,Pajero,2019.0,57500.0,Black,2442.0,Automatic,7.0,370000000.0,Diesel,6.0
Hyundai,Stargazer,2023.0,32500.0,Grey,1497.0,Automatic,7.0,210000000.0,Petrol,2.0
Toyota,Kijang,2019.0,37500.0,Grey,1998.0,Automatic,7.0,285000000.0,Petrol,6.0
Honda,Br,2021.0,42500.0,White,1498.0,Automatic,7.0,194000000.0,Petrol,4.0
Mitsubishi,Triton,2019.0,72500.0,Silver,2477.0,Manual,5.0,319000000.0,Diesel,6.0
Honda,Hr,2017.0,82500.0,Black,1497.0,Automatic,5.0,168000000.0,Petrol,8.0
Ford,Everest,2014.0,127500.0,Black,2499.0,Automatic,7.0,200000000.0,Diesel,11.0
Toyota,Kijang,2019.0,147500.0,Grey,1998.0,Automatic,8.0,255000000.0,Petrol,6.0
Hyundai,Stargazer,2023.0,17500.0,Black,1497.0,Automatic,7.0,210000000.0,Petrol,2.0
Honda,Br,2022.0,47500.0,Black,1498.0,Automatic,7.0,224000000.0,Petrol,3.0
Honda,Hr,2018.0,87500.0,Grey,1497.0,Automatic,5.0,175000000.0,Petrol,7.0
Toyota,Rush,2021.0,42500.0,Maroon,1495.0,Manual,7.0,199000000.0,Petrol,4.0
Honda,Hr,2017.0,37500.0,Grey,1497.0,Automatic,5.0,180000000.0,Petrol,8.0
Porsche,Cayenne,2010.0,42500.0,White,4806.0,Automatic,5.0,750000000.0,Petrol,15.0
Nissan,Kicks,2020.0,89000.0,Black,1198.0,Automatic,5.0,185000000.0,Petrol,5.0
Bentley,Continental,2012.0,2500.0,White,5998.0,Automatic,5.0,1350000000.0,Petrol,13.0
Lexus,Rx,2021.0,17500.0,Black,1998.0,Automatic,5.0,895000000.0,Petrol,4.0
Porsche,911,2023.0,2500.0,Yellow,3800.0,Automatic,4.0,7350000000.0,Petrol,2.0
Daihatsu,Ayla,2019.0,67500.0,White,1197.0,Automatic,5.0,113000000.0,Petrol,6.0
Nissan,Kicks,2020.0,81000.0,White,1198.0,Automatic,5.0,185000000.0,Petrol,5.0
Bmw,520I,2020.0,47500.0,Black,1998.0,Automatic,5.0,579000000.0,Petrol,5.0
Mitsubishi,Pajero,2023.0,27500.0,Brown,2442.0,Automatic,7.0,551000000.0,Diesel,2.0
Toyota,Avanza,2024.0,7500.0,Silver,1496.0,Manual,7.0,200000000.0,Petrol,1.0
Honda,Wr,2023.0,12500.0,Red,1498.0,Automatic,5.0,230000000.0,Petrol,2.0
Hyundai,Stargazer,2023.0,15659.0,Silver,1497.0,Automatic,7.0,195000000.0,Petrol,2.0
Hyundai,Stargazer,2022.0,38142.0,White,1497.0,Automatic,7.0,202000000.0,Petrol,3.0
Nissan,March,2018.0,35905.0,White,1198.0,Manual,5.0,98000000.0,Petrol,7.0
Nissan,X,2018.0,74802.0,Black,2488.0,Automatic,7.0,185000000.0,Petrol,7.0
Nissan,Serena,2019.0,54024.0,White,1997.0,Automatic,7.0,228000000.0,Petrol,6.0
Wuling,Cortez,2018.0,70499.0,Black,1798.0,Manual,7.0,131000000.0,Petrol,7.0
Bmw,330I,2022.0,14413.0,Black,1998.0,Automatic,5.0,715000000.0,Petrol,3.0
Toyota,Veloz,2022.0,27500.0,Silver,1496.0,Automatic,7.0,214000000.0,Petrol,3.0
Hyundai,Stargazer,2024.0,22500.0,White,1497.0,Automatic,7.0,265000000.0,Petrol,1.0
Mitsubishi,Xpander,2023.0,27500.0,Black,1499.0,Automatic,7.0,213000000.0,Petrol,2.0
Mitsubishi,Pajero,2018.0,57500.0,White,2442.0,Automatic,7.0,344000000.0,Diesel,7.0
Toyota,Raize,2024.0,7500.0,White,1198.0,Automatic,5.0,223000000.0,Petrol,1.0
Hyundai,Creta,2024.0,12500.0,Black,1497.0,Automatic,5.0,306000000.0,Petrol,1.0
Hyundai,Stargazer,2024.0,7500.0,Grey,1497.0,Automatic,7.0,235000000.0,Petrol,1.0
Hyundai,Stargazer,2023.0,12500.0,Grey,1497.0,Automatic,7.0,209000000.0,Petrol,2.0
Chevrolet,Trax,2019.0,72500.0,Brown,1364.0,Automatic,5.0,150000000.0,Petrol,6.0
Honda,Jazz,2016.0,87500.0,Red,1497.0,Automatic,5.0,178000000.0,Petrol,9.0
Toyota,Veloz,2022.0,32500.0,Black,1496.0,Automatic,7.0,235000000.0,Petrol,3.0
Mazda,2,2022.0,47500.0,Red,1496.0,Automatic,5.0,210000000.0,Petrol,3.0
Hyundai,Creta,2022.0,52500.0,Grey,1497.0,Automatic,5.0,255000000.0,Petrol,3.0
Honda,Brio,2020.0,72500.0,Orange,1199.0,Automatic,5.0,148000000.0,Petrol,5.0
Honda,Hr,2022.0,27500.0,Grey,1498.0,Automatic,5.0,315000000.0,Petrol,3.0
Honda,Brio,2023.0,37500.0,Grey,1199.0,Automatic,5.0,159000000.0,Petrol,2.0
Mazda,Cx,2014.0,102500.0,Grey,2488.0,Automatic,5.0,160000000.0,Petrol,11.0
Bmw,520I,2023.0,3000.0,Black,1998.0,Automatic,5.0,795000000.0,Petrol,2.0
Mercedes,Benz,2023.0,2500.0,White,1332.0,Automatic,5.0,615000000.0,Petrol,2.0
Mercedes,Benz,2023.0,2500.0,Black,1496.0,Automatic,5.0,720000000.0,Petrol,2.0
Hyundai,Creta,2022.0,52500.0,Grey,1497.0,Automatic,5.0,249000000.0,Petrol,3.0
Honda,Brio,2023.0,22500.0,Grey,1199.0,Automatic,5.0,155000000.0,Petrol,2.0
Daihatsu,Sigra,2024.0,7500.0,Grey,1197.0,Automatic,7.0,137000000.0,Petrol,1.0
Mitsubishi,Pajero,2022.0,62500.0,White,2442.0,Automatic,7.0,459000000.0,Diesel,3.0
Toyota,Raize,2021.0,27500.0,White,998.0,Automatic,5.0,193000000.0,Petrol,4.0
Mitsubishi,Xpander,2019.0,47500.0,Silver,1499.0,Automatic,7.0,191000000.0,Petrol,6.0
Suzuki,Sx4,2019.0,62500.0,White,1500.0,Automatic,5.0,178000000.0,Petrol,6.0
Suzuki,Ertiga,2018.0,42500.0,White,1373.0,Manual,7.0,135000000.0,Petrol,7.0
Honda,Brio,2021.0,42500.0,Grey,1199.0,Automatic,5.0,162000000.0,Petrol,4.0
Toyota,Raize,2023.0,17500.0,Grey,998.0,Automatic,5.0,198000000.0,Petrol,2.0
Toyota,Avanza,2024.0,2500.0,White,1496.0,Automatic,7.0,217000000.0,Petrol,1.0
Toyota,Kijang,2019.0,42500.0,Silver,1998.0,Automatic,8.0,243000000.0,Petrol,6.0
Toyota,Hiace,2024.0,22500.0,White,2982.0,Manual,16.0,525000000.0,Diesel,1.0
Toyota,Calya,2020.0,42500.0,Silver,1197.0,Automatic,7.0,118000000.0,Petrol,5.0
Toyota,Voxy,2019.0,42500.0,Black,1986.0,Automatic,7.0,295000000.0,Petrol,6.0
Dfsk,Glory,2019.0,37500.0,Black,1498.0,Automatic,7.0,135000000.0,Petrol,6.0
Mitsubishi,Xpander,2023.0,17500.0,White,1499.0,Automatic,7.0,257000000.0,Petrol,2.0
Mazda,Biante,2012.0,152500.0,White,1997.0,Automatic,7.0,119000000.0,Petrol,13.0
Toyota,Alphard,2012.0,122500.0,Black,2362.0,Automatic,7.0,205000000.0,Petrol,13.0
Honda,Hr,2023.0,32500.0,Black,1498.0,Automatic,5.0,299000000.0,Petrol,2.0
Kia,Sonet,2023.0,17500.0,Black,1497.0,Automatic,5.0,229000000.0,Petrol,2.0
Hyundai,Stargazer,2022.0,2500.0,White,1497.0,Automatic,7.0,203000000.0,Petrol,3.0
Lexus,Rx,2013.0,77000.0,Black,2672.0,Automatic,5.0,266000000.0,Petrol,12.0
Honda,Hr,2015.0,82500.0,White,1497.0,Automatic,5.0,152000000.0,Petrol,10.0
Toyota,Kijang,2019.0,37500.0,Silver,1998.0,Automatic,8.0,243000000.0,Petrol,6.0
Kia,Sonet,2023.0,12500.0,Black,1497.0,Automatic,5.0,229000000.0,Petrol,2.0
Toyota,Fortuner,2017.0,92500.0,Black,2393.0,Automatic,7.0,388000000.0,Diesel,8.0
Bmw,320I,2017.0,47500.0,White,1995.0,Automatic,5.0,330000000.0,Petrol,8.0
Jeep,Wrangler,2011.0,82500.0,Silver,3778.0,Automatic,5.0,550000000.0,Petrol,14.0
Toyota,Veloz,2022.0,72500.0,Silver,1496.0,Automatic,7.0,210000000.0,Petrol,3.0
Mitsubishi,Pajero,2023.0,17500.0,Black,2442.0,Automatic,7.0,495000000.0,Diesel,2.0
Toyota,Sienta,2021.0,57500.0,Black,1497.0,Automatic,7.0,186000000.0,Petrol,4.0
Daihatsu,Terios,2023.0,12500.0,White,1496.0,Automatic,7.0,218000000.0,Petrol,2.0
Daihatsu,Sirion,2021.0,42500.0,Silver,1329.0,Automatic,5.0,153000000.0,Petrol,4.0
Wuling,Cortez,2018.0,72500.0,Black,1798.0,Manual,7.0,123000000.0,Petrol,7.0
Honda,Br,2024.0,2500.0,Brown,1498.0,Automatic,7.0,248000000.0,Petrol,1.0
Toyota,Avanza,2015.0,82500.0,Black,1495.0,Automatic,7.0,140000000.0,Petrol,10.0
Toyota,Kijang,2023.0,32500.0,Black,1998.0,Automatic,7.0,435000000.0,Hybrid,2.0
Toyota,Alphard,2022.0,17500.0,White,2494.0,Automatic,7.0,820000000.0,Petrol,3.0
Porsche,911,2012.0,22500.0,White,3800.0,Automatic,4.0,2400000000.0,Petrol,13.0
Honda,Cr,2019.0,87500.0,Grey,1498.0,Automatic,5.0,323000000.0,Petrol,6.0
Mitsubishi,Pajero,2023.0,57500.0,Black,2442.0,Automatic,7.0,459000000.0,Diesel,2.0
Bmw,320I,2014.0,42500.0,White,1997.0,Automatic,5.0,232000000.0,Petrol,11.0
Porsche,Cayman,2013.0,7500.0,White,2706.0,Automatic,2.0,1175000000.0,Petrol,12.0
Toyota,Veloz,2021.0,32500.0,Black,1496.0,Automatic,7.0,201000000.0,Petrol,4.0
Toyota,Agya,2022.0,17500.0,Grey,1197.0,Automatic,5.0,130000000.0,Petrol,3.0
Toyota,Vellfire,2018.0,62500.0,White,2494.0,Automatic,7.0,606000000.0,Petrol,7.0
Lexus,Rx,2023.0,7500.0,Grey,2500.0,Automatic,5.0,1345000000.0,Hybrid,2.0
Honda,Freed,2014.0,142500.0,Silver,1497.0,Automatic,7.0,125000000.0,Petrol,11.0
Toyota,Alphard,2016.0,72500.0,Black,2494.0,Automatic,7.0,450000000.0,Petrol,9.0
Toyota,Fortuner,2021.0,62500.0,White,2393.0,Automatic,7.0,420000000.0,Diesel,4.0
Daihatsu,Ayla,2022.0,62500.0,White,1197.0,Automatic,5.0,120000000.0,Petrol,3.0
Mercedes,Benz,2016.0,37500.0,Black,2996.0,Automatic,5.0,499000000.0,Petrol,9.0
Honda,Cr,2015.0,137500.0,White,1997.0,Automatic,5.0,165000000.0,Petrol,10.0
Toyota,Rush,2021.0,37500.0,White,1496.0,Automatic,7.0,215000000.0,Petrol,4.0
Mercedes,Benz,2014.0,37500.0,Black,2996.0,Automatic,7.0,460000000.0,Petrol,11.0
Lamborghini,Urus,2018.0,2500.0,Red,3996.0,Automatic,5.0,8200000000.0,Petrol,7.0
Mercedes,Benz,2016.0,47500.0,Grey,1991.0,Automatic,5.0,347000000.0,Petrol,9.0
Audi,A4,2011.0,52500.0,White,1798.0,Automatic,5.0,128000000.0,Petrol,14.0
Mitsubishi,Pajero,2016.0,77500.0,Black,2442.0,Automatic,7.0,358000000.0,Diesel,9.0
Toyota,Alphard,2021.0,27500.0,Black,2494.0,Automatic,7.0,708000000.0,Petrol,4.0
Honda,Cr,2018.0,82500.0,White,1498.0,Automatic,5.0,273000000.0,Petrol,7.0
Mercedes,Benz,2024.0,2500.0,White,1496.0,Automatic,5.0,810000000.0,Petrol,1.0
Mercedes,Benz,2018.0,17500.0,Black,1991.0,Automatic,5.0,395000000.0,Petrol,7.0
Toyota,Raize,2021.0,62500.0,Silver,998.0,Automatic,5.0,192000000.0,Petrol,4.0
Bmw,X5,2015.0,42500.0,White,2979.0,Automatic,5.0,339000000.0,Petrol,10.0
Peugeot,Rcz,2012.0,42500.0,White,1598.0,Automatic,4.0,339000000.0,Petrol,13.0
Suzuki,Ignis,2020.0,67500.0,Orange,1197.0,Automatic,5.0,133000000.0,Petrol,5.0
Mazda,2,2015.0,87500.0,Red,1496.0,Automatic,5.0,135000000.0,Petrol,10.0
Mazda,Cx,2018.0,72500.0,Red,2488.0,Automatic,5.0,285000000.0,Petrol,7.0
Kia,Seltos,2020.0,42500.0,Blue,1353.0,Automatic,5.0,180000000.0,Diesel,5.0
Mazda,2,2018.0,52500.0,Black,1495.0,Automatic,5.0,175000000.0,Petrol,7.0
Suzuki,Xl7,2024.0,12500.0,White,1500.0,Automatic,7.0,248000000.0,Hybrid,1.0
Toyota,Alphard,2022.0,37500.0,Black,2494.0,Automatic,7.0,767000000.0,Petrol,3.0
Toyota,Kijang,2024.0,17500.0,White,1987.0,Automatic,8.0,450000000.0,Hybrid,1.0
Mitsubishi,Pajero,2022.0,17500.0,Grey,2442.0,Automatic,7.0,476000000.0,Diesel,3.0
Wuling,Almaz,2019.0,42500.0,Black,1451.0,Automatic,5.0,145000000.0,Petrol,6.0
Toyota,Fortuner,2019.0,59531.0,Black,2393.0,Automatic,7.0,382000000.0,Diesel,6.0
Toyota,Voxy,2019.0,59824.0,Black,1986.0,Automatic,7.0,290000000.0,Petrol,6.0
Toyota,Voxy,2018.0,55289.0,Black,1986.0,Automatic,7.0,275000000.0,Petrol,7.0
Hyundai,Creta,2022.0,37797.0,White,1497.0,Automatic,5.0,262000000.0,Petrol,3.0
Toyota,Sienta,2018.0,65526.0,Orange,1497.0,Automatic,7.0,169000000.0,Petrol,7.0
Daihatsu,Terios,2020.0,52500.0,White,1496.0,Automatic,7.0,185000000.0,Petrol,5.0
Honda,Hr,2017.0,52500.0,Grey,1497.0,Automatic,5.0,165000000.0,Petrol,8.0
Nissan,X,2018.0,107500.0,Silver,2488.0,Automatic,7.0,175000000.0,Petrol,7.0
Bmw,M4,2023.0,17500.0,Yellow,2993.0,Automatic,4.0,1900000000.0,Petrol,2.0
Toyota,Alphard,2017.0,27500.0,Black,2494.0,Automatic,7.0,375000000.0,Petrol,8.0
Mini,Cooper,2018.0,22500.0,White,1500.0,Automatic,4.0,430000000.0,Petrol,7.0
Bmw,528I,2015.0,52500.0,White,1997.0,Automatic,5.0,314000000.0,Petrol,10.0
Bmw,X5,2021.0,27500.0,White,2998.0,Automatic,5.0,799999000.0,Petrol,4.0
Bmw,330I,2020.0,27500.0,Grey,1998.0,Automatic,5.0,598900000.0,Petrol,5.0
Bmw,X5,2017.0,32500.0,White,2979.0,Automatic,5.0,462000000.0,Petrol,8.0
Bmw,X1,2020.0,27500.0,White,1499.0,Automatic,5.0,399000000.0,Petrol,5.0
Bmw,330I,2020.0,27500.0,Grey,1998.0,Automatic,5.0,572000000.0,Petrol,5.0
Bmw,530I,2017.0,77500.0,White,1998.0,Automatic,5.0,490000000.0,Petrol,8.0
Mercedes,Benz,2018.0,42500.0,Black,1991.0,Automatic,5.0,465000000.0,Petrol,7.0
Mercedes,Benz,2018.0,27500.0,White,2996.0,Automatic,5.0,559000000.0,Petrol,7.0
Mercedes,Benz,2015.0,22500.0,White,2996.0,Automatic,4.0,515000000.0,Petrol,10.0
Mercedes,Benz,2014.0,22500.0,White,1595.0,Automatic,5.0,299000000.0,Petrol,11.0
Mercedes,Benz,2015.0,27500.0,White,2996.0,Automatic,5.0,588000000.0,Petrol,10.0
Mercedes,Benz,2019.0,22500.0,White,1497.0,Automatic,5.0,442000000.0,Petrol,6.0
Mercedes,Benz,2015.0,22500.0,Black,2996.0,Automatic,7.0,499000000.0,Petrol,10.0
Mercedes,Benz,2019.0,27500.0,Grey,1497.0,Automatic,5.0,458000000.0,Petrol,6.0
Mercedes,Benz,2019.0,37500.0,Black,1991.0,Automatic,5.0,527000000.0,Petrol,6.0
Mercedes,Benz,2013.0,42500.0,White,1991.0,Automatic,5.0,277000000.0,Petrol,12.0
Mercedes,Benz,2020.0,27500.0,Black,2999.0,Automatic,7.0,1080000000.0,Petrol,5.0
Mercedes,Benz,2022.0,12500.0,Grey,1991.0,Automatic,5.0,777000000.0,Petrol,3.0
Mercedes,Benz,2014.0,27500.0,Black,1595.0,Automatic,5.0,275000000.0,Petrol,11.0
Suzuki,Baleno,2019.0,57500.0,Red,1373.0,Automatic,5.0,160000000.0,Petrol,6.0
Mercedes,Benz,2011.0,27500.0,Black,1796.0,Automatic,4.0,345000000.0,Petrol,14.0
Suzuki,Sx4,2017.0,67500.0,Grey,1500.0,Automatic,5.0,145000000.0,Petrol,8.0
Mini,Cabrio,2016.0,17500.0,Blue,1998.0,Automatic,4.0,595000000.0,Petrol,9.0
Mercedes,Benz,2020.0,7500.0,Black,1991.0,Automatic,5.0,725000000.0,Petrol,5.0
Mercedes,Benz,2020.0,12500.0,Black,1991.0,Automatic,8.0,775000000.0,Petrol,5.0
Honda,Br,2024.0,2500.0,Brown,1498.0,Automatic,7.0,242000000.0,Petrol,1.0
Ferrari,California,2012.0,7500.0,Yellow,4297.0,Automatic,4.0,2575000000.0,Petrol,13.0
Toyota,Harrier,2008.0,122500.0,Black,2362.0,Automatic,5.0,135000000.0,Petrol,17.0
Mercedes,Benz,2020.0,17500.0,Black,1991.0,Automatic,5.0,725000000.0,Petrol,5.0
Mercedes,Benz,2018.0,42500.0,White,2996.0,Automatic,5.0,525000000.0,Petrol,7.0
Mercedes,Benz,2017.0,17500.0,Silver,1991.0,Automatic,5.0,330000000.0,Petrol,8.0
Lexus,Lx,2025.0,2500.0,Black,3445.0,Automatic,7.0,4250000000.0,Hybrid,0.0
Toyota,Veloz,2022.0,52500.0,Silver,1496.0,Automatic,7.0,232000000.0,Petrol,3.0
Toyota,Rush,2014.0,92500.0,White,1495.0,Automatic,5.0,125000000.0,Petrol,11.0
Daihatsu,Sigra,2021.0,53140.0,Grey,1197.0,Manual,7.0,123000000.0,Petrol,4.0
Lexus,Lx,2016.0,52500.0,Black,5663.0,Automatic,8.0,1295000000.0,Petrol,9.0
Daihatsu,Terios,2024.0,2500.0,Black,1496.0,Automatic,7.0,193000000.0,Petrol,1.0
Mercedes,Benz,2016.0,42500.0,Grey,1991.0,Automatic,5.0,348000000.0,Petrol,9.0
Toyota,Kijang,2024.0,27500.0,Silver,1987.0,Automatic,8.0,390000000.0,Petrol,1.0
Bmw,530I,2017.0,37500.0,Blue,1998.0,Automatic,5.0,430000000.0,Petrol,8.0
Honda,Br,2022.0,42500.0,White,1498.0,Automatic,7.0,225000000.0,Petrol,3.0
Bmw,Z4,2022.0,2500.0,Black,1998.0,Automatic,2.0,1300000000.0,Petrol,3.0
Mercedes,Benz,2017.0,27500.0,Black,1991.0,Automatic,5.0,355000000.0,Petrol,8.0
Mercedes,Benz,2021.0,17500.0,Black,2999.0,Automatic,7.0,1125000000.0,Petrol,4.0
Mercedes,Benz,2012.0,27500.0,Black,1796.0,Automatic,2.0,499000000.0,Petrol,13.0
Porsche,718,2024.0,2500.0,Blue,1988.0,Automatic,2.0,2400000000.0,Petrol,1.0
Honda,Brio,2020.0,47500.0,Grey,1199.0,Automatic,5.0,146000000.0,Petrol,5.0
Kia,Sonet,2023.0,37500.0,White,1497.0,Automatic,5.0,220000000.0,Petrol,2.0
Mini,Countryman,2020.0,12500.0,White,1998.0,Automatic,5.0,595000000.0,Petrol,5.0
Toyota,Fortuner,2020.0,67500.0,White,2393.0,Automatic,7.0,410000000.0,Diesel,5.0
Hyundai,Santa,2024.0,2500.0,Black,1598.0,Automatic,6.0,695000000.0,Hybrid,1.0
Mini,Cabrio,2021.0,2500.0,Green,1998.0,Automatic,4.0,875000000.0,Petrol,4.0
Mini,Countryman,2021.0,2500.0,Green,1499.0,Automatic,5.0,545000000.0,Petrol,4.0
Lamborghini,Aventador,2018.0,2500.0,Yellow,6498.0,Automatic,4.0,8750000000.0,Petrol,7.0
Rolls,Royce,2013.0,7500.0,Grey,6600.0,Automatic,5.0,6950000000.0,Petrol,12.0
Toyota,Alphard,2017.0,52500.0,Black,2494.0,Automatic,7.0,535000000.0,Petrol,8.0
Bmw,330I,2021.0,22500.0,Black,1998.0,Automatic,5.0,609000000.0,Petrol,4.0
Toyota,Alphard,2019.0,123000.0,White,2494.0,Automatic,7.0,600000000.0,Petrol,6.0
Honda,Mobilio,2018.0,62500.0,White,1496.0,Automatic,7.0,157000000.0,Petrol,7.0
Mitsubishi,Pajero,2016.0,37500.0,Black,2442.0,Automatic,7.0,349000000.0,Diesel,9.0
Toyota,Kijang,2024.0,22500.0,Black,1987.0,Automatic,8.0,369000000.0,Petrol,1.0
Mercedes,Benz,2015.0,42500.0,Black,1595.0,Automatic,5.0,250000000.0,Petrol,10.0
Mercedes,Benz,2015.0,37500.0,White,1595.0,Automatic,5.0,275000000.0,Petrol,10.0
Lexus,Nx,2019.0,37500.0,White,1998.0,Automatic,5.0,572000000.0,Petrol,6.0
Honda,Mobilio,2018.0,62500.0,Grey,1496.0,Automatic,7.0,149000000.0,Petrol,7.0
Lamborghini,Urus,2022.0,2500.0,Grey,3996.0,Automatic,5.0,8300000000.0,Petrol,3.0
Suzuki,Apv,2013.0,112500.0,Grey,1500.0,Automatic,8.0,90000000.0,Petrol,12.0
Ferrari,Sf90,2022.0,2500.0,Red,3990.0,Automatic,2.0,15000000000.0,Hybrid,3.0
Mercedes,Benz,2020.0,27500.0,White,1991.0,Automatic,5.0,638000000.0,Petrol,5.0
Toyota,Calya,2022.0,16484.0,Black,1197.0,Automatic,7.0,138000000.0,Petrol,3.0
Toyota,Sienta,2021.0,59708.0,Black,1497.0,Automatic,7.0,188000000.0,Petrol,4.0
Mercedes,Benz,2017.0,17500.0,Black,2996.0,Automatic,7.0,750000000.0,Petrol,8.0
Rolls,Royce,2011.0,7500.0,Black,6600.0,Automatic,5.0,4500000000.0,Petrol,14.0
Toyota,Agya,2020.0,28598.0,Grey,1197.0,Automatic,5.0,131000000.0,Petrol,5.0
Honda,Jazz,2018.0,77500.0,Black,1497.0,Automatic,5.0,206000000.0,Petrol,7.0
Mercedes,Benz,2016.0,12500.0,Blue,1991.0,Automatic,5.0,435000000.0,Petrol,9.0
Mercedes,Benz,2018.0,7500.0,Red,1596.0,Automatic,5.0,395000000.0,Petrol,7.0
Toyota,Veloz,2022.0,52500.0,Silver,1496.0,Automatic,7.0,232000000.0,Petrol,3.0
Mercedes,Benz,2014.0,22500.0,White,1991.0,Automatic,4.0,685000000.0,Petrol,11.0
Honda,Hr,2024.0,12500.0,Grey,1498.0,Automatic,5.0,329000000.0,Petrol,1.0
Mitsubishi,Pajero,2023.0,7500.0,Black,2442.0,Automatic,7.0,562000000.0,Diesel,2.0
Mercedes,Benz,2017.0,17500.0,Black,2996.0,Automatic,5.0,925999999.0,Petrol,8.0
Mitsubishi,Xpander,2023.0,7500.0,White,1499.0,Automatic,7.0,279000000.0,Petrol,2.0
Mitsubishi,Xpander,2023.0,22500.0,Black,1499.0,Automatic,7.0,260000000.0,Petrol,2.0
Toyota,Agya,2020.0,27500.0,Grey,1197.0,Automatic,5.0,131000000.0,Petrol,5.0
Lexus,Lx,2017.0,102500.0,Black,5663.0,Automatic,8.0,1150000000.0,Petrol,8.0
Toyota,Fortuner,2020.0,62500.0,Black,2393.0,Automatic,7.0,400000000.0,Diesel,5.0
Mitsubishi,Xpander,2021.0,42500.0,Black,1499.0,Automatic,7.0,227000000.0,Petrol,4.0
Honda,Brio,2020.0,62500.0,Black,1199.0,Automatic,5.0,159000000.0,Petrol,5.0
Honda,Br,2016.0,75330.0,White,1497.0,Automatic,7.0,164000000.0,Petrol,9.0
Hyundai,Creta,2022.0,37500.0,Red,1497.0,Automatic,5.0,263000000.0,Petrol,3.0
Bmw,520I,2017.0,22500.0,Maroon,1997.0,Automatic,5.0,319000000.0,Petrol,8.0
Toyota,Avanza,2014.0,72500.0,Black,1298.0,Automatic,7.0,110000000.0,Petrol,11.0
Honda,Hr,2021.0,52500.0,White,1497.0,Automatic,5.0,218900000.0,Petrol,4.0
Daihatsu,Sirion,2021.0,67500.0,Red,1329.0,Automatic,5.0,148000000.0,Petrol,4.0
Suzuki,Xl7,2024.0,7500.0,Grey,1500.0,Automatic,7.0,205000000.0,Petrol,1.0
Toyota,Avanza,2022.0,27500.0,Silver,1496.0,Automatic,7.0,203000000.0,Petrol,3.0
Mitsubishi,Xpander,2021.0,42500.0,Grey,1499.0,Automatic,7.0,228000000.0,Petrol,4.0
Hyundai,Creta,2022.0,37500.0,White,1497.0,Automatic,5.0,265000000.0,Petrol,3.0
Toyota,Sienta,2021.0,57500.0,Black,1497.0,Automatic,7.0,188000000.0,Petrol,4.0
Mitsubishi,Pajero,2023.0,27500.0,Black,2442.0,Automatic,7.0,478000000.0,Diesel,2.0
Mitsubishi,Xpander,2021.0,32500.0,White,1499.0,Automatic,7.0,207000000.0,Petrol,4.0
Daihatsu,Ayla,2021.0,37500.0,Red,998.0,Automatic,5.0,113000000.0,Petrol,4.0
Suzuki,Xl7,2021.0,37500.0,White,1500.0,Automatic,7.0,203000000.0,Petrol,4.0
Mitsubishi,Xpander,2023.0,22500.0,Black,1499.0,Automatic,7.0,215000000.0,Petrol,2.0
Mitsubishi,Xpander,2023.0,27500.0,Black,1499.0,Automatic,7.0,215000000.0,Petrol,2.0
Honda,Brio,2019.0,47500.0,Grey,1199.0,Automatic,5.0,138000000.0,Petrol,6.0
Honda,Brio,2019.0,87500.0,Silver,1199.0,Automatic,5.0,150000000.0,Petrol,6.0
Toyota,Fortuner,2022.0,67500.0,Black,2755.0,Automatic,7.0,479000000.0,Diesel,3.0
Daihatsu,Sirion,2011.0,117500.0,Purple,1298.0,Automatic,5.0,69000000.0,Petrol,14.0
Chery,Omoda,2023.0,17500.0,Grey,1498.0,Automatic,5.0,245000000.0,Petrol,2.0
Toyota,Veloz,2022.0,27500.0,Black,1496.0,Automatic,7.0,218000000.0,Petrol,3.0
Bmw,X3,2022.0,17500.0,White,1998.0,Automatic,5.0,820000000.0,Petrol,3.0
Daihatsu,Gran,2017.0,92500.0,Silver,1495.0,Manual,9.0,79000000.0,Petrol,8.0
Mini,Countryman,2017.0,27500.0,Red,1998.0,Automatic,5.0,380000000.0,Petrol,8.0
Porsche,Macan,2014.0,27500.0,Black,1984.0,Automatic,5.0,490000000.0,Petrol,11.0
Hyundai,Stargazer,2024.0,7500.0,Black,1497.0,Automatic,7.0,255000000.0,Petrol,1.0
Nissan,Fairlady,2010.0,17500.0,Black,3696.0,Automatic,2.0,1225000000.0,Petrol,15.0
Toyota,Avanza,2024.0,12500.0,Black,1496.0,Automatic,7.0,200000000.0,Petrol,1.0
Honda,Brio,2023.0,17500.0,Grey,1199.0,Automatic,5.0,162000000.0,Petrol,2.0
Mercedes,Benz,2011.0,27500.0,Black,1796.0,Automatic,2.0,460000000.0,Petrol,14.0
Honda,Mobilio,2018.0,57500.0,Grey,1496.0,Automatic,7.0,148000000.0,Petrol,7.0
Mercedes,Benz,2018.0,7500.0,Black,1991.0,Automatic,5.0,430000000.0,Petrol,7.0
Suzuki,Baleno,2019.0,52500.0,Grey,1373.0,Automatic,5.0,159000000.0,Petrol,6.0
Mitsubishi,Lancer,1993.0,117500.0,Black,1468.0,Automatic,4.0,70000000.0,Petrol,32.0
Mercedes,Benz,2010.0,62500.0,Black,3498.0,Automatic,5.0,265000000.0,Petrol,15.0
Mercedes,Benz,2000.0,77500.0,Black,2799.0,Automatic,5.0,98000000.0,Petrol,25.0
Mercedes,Benz,2004.0,32500.0,Black,2597.0,Automatic,5.0,220000000.0,Petrol,21.0
Bmw,330I,2019.0,47500.0,Black,1998.0,Automatic,5.0,625000000.0,Petrol,6.0
Suzuki,Sx4,2019.0,37500.0,Grey,1500.0,Automatic,5.0,181000000.0,Petrol,6.0
Bmw,645Ci,2004.0,37500.0,Blue,4398.0,Automatic,4.0,385000000.0,Petrol,21.0
Toyota,Raize,2022.0,27500.0,White,998.0,Automatic,5.0,195000000.0,Petrol,3.0
Honda,Brio,2019.0,57500.0,White,1199.0,Automatic,5.0,155000000.0,Petrol,6.0
Lexus,Rx,2018.0,32500.0,White,1998.0,Automatic,5.0,675000000.0,Petrol,7.0
Volkswagen,Scirocco,2014.0,37500.0,White,1390.0,Automatic,4.0,320000000.0,Petrol,11.0
Land,Rover,2023.0,7500.0,Black,1997.0,Automatic,5.0,2300000000.0,Petrol,2.0
Mazda,Cx,2018.0,67500.0,Black,2488.0,Automatic,5.0,285000000.0,Petrol,7.0
Honda,Br,2023.0,27500.0,Black,1498.0,Automatic,7.0,220000000.0,Petrol,2.0
Suzuki,Baleno,2019.0,62500.0,Black,1373.0,Automatic,5.0,153000000.0,Petrol,6.0
Mitsubishi,Pajero,2018.0,62500.0,White,2442.0,Automatic,7.0,368000000.0,Diesel,7.0
Suzuki,Ertiga,2022.0,37500.0,Silver,1462.0,Automatic,7.0,191000000.0,Petrol,3.0
Mercedes,Benz,2020.0,12500.0,Black,1991.0,Automatic,6.0,775000000.0,Petrol,5.0
Mercedes,Benz,2023.0,22500.0,Black,1999.0,Automatic,7.0,995000000.0,Petrol,2.0
Bmw,320I,2020.0,27500.0,Black,1995.0,Automatic,5.0,548000000.0,Petrol,5.0
Mercedes,Benz,2013.0,32500.0,Black,2996.0,Automatic,5.0,299000000.0,Petrol,12.0
Honda,Cr,2021.0,27500.0,White,1498.0,Automatic,5.0,425000000.0,Petrol,4.0
Suzuki,Grand,2024.0,17500.0,Black,1462.0,Automatic,5.0,289000000.0,Hybrid,1.0
Toyota,Fortuner,2019.0,82500.0,Black,2393.0,Automatic,7.0,389000000.0,Diesel,6.0
Honda,Cr,2019.0,77500.0,White,1498.0,Automatic,5.0,329000000.0,Petrol,6.0
Honda,Cr,2020.0,57500.0,Black,1498.0,Automatic,5.0,352000000.0,Petrol,5.0
Honda,Brio,2020.0,42500.0,Red,1199.0,Automatic,5.0,166000000.0,Petrol,5.0
Suzuki,Baleno,2020.0,62500.0,Red,1373.0,Automatic,5.0,170000000.0,Petrol,5.0
Mitsubishi,Xpander,2024.0,2500.0,Silver,1499.0,Automatic,7.0,264000000.0,Petrol,1.0
Toyota,Sienta,2020.0,27500.0,White,1497.0,Automatic,7.0,169000000.0,Petrol,5.0
Toyota,Fortuner,2019.0,57500.0,Black,2393.0,Automatic,7.0,382000000.0,Diesel,6.0
Bmw,520I,2024.0,2500.0,Blue,1998.0,Automatic,5.0,1050000000.0,Petrol,1.0
Bmw,X5,2024.0,2500.0,Black,2998.0,Automatic,5.0,1480000000.0,Petrol,1.0
Nissan,Serena,2024.0,7500.0,White,1433.0,Automatic,7.0,520000000.0,Petrol,1.0
Honda,Cr,2021.0,42500.0,White,1498.0,Automatic,5.0,400000000.0,Petrol,4.0
Honda,Hr,2019.0,87500.0,Grey,1799.0,Automatic,5.0,240000000.0,Petrol,6.0
Toyota,Avanza,2019.0,62500.0,White,1329.0,Automatic,7.0,135000000.0,Petrol,6.0
Lexus,Lm,2020.0,22500.0,Black,3456.0,Automatic,4.0,1125000000.0,Petrol,5.0
Bmw,730Li,2019.0,22500.0,Black,1998.0,Automatic,5.0,799000000.0,Petrol,6.0
Lexus,Lx,2016.0,62500.0,Black,5663.0,Automatic,8.0,1200000000.0,Petrol,9.0
Bmw,730Li,2022.0,12500.0,Black,1998.0,Automatic,5.0,1125000000.0,Petrol,3.0
Mazda,3,2024.0,2500.0,Red,1998.0,Automatic,5.0,475000000.0,Petrol,1.0
Jeep,Wrangler,2014.0,52500.0,Brown,3604.0,Automatic,5.0,780000000.0,Petrol,11.0
Jeep,Wrangler,2015.0,2500.0,White,2985.0,Automatic,4.0,900000000.0,Petrol,10.0
Daihatsu,Sirion,2021.0,42500.0,Red,1329.0,Automatic,5.0,157000000.0,Petrol,4.0
Honda,Jazz,2017.0,72500.0,Grey,1497.0,Automatic,5.0,186000000.0,Petrol,8.0
Honda,Jazz,2019.0,77500.0,Orange,1497.0,Automatic,5.0,213000000.0,Petrol,6.0
Lexus,Rx,2017.0,67500.0,Black,1998.0,Automatic,5.0,509000000.0,Petrol,8.0
Honda,Cr,2021.0,47500.0,Grey,1498.0,Automatic,5.0,419000000.0,Petrol,4.0
Toyota,Kijang,2019.0,42500.0,Silver,1998.0,Automatic,8.0,239000000.0,Petrol,6.0
Toyota,Kijang,2022.0,42500.0,Black,1998.0,Automatic,8.0,309000000.0,Diesel,3.0
Toyota,Kijang,2022.0,27500.0,White,1998.0,Automatic,8.0,285000000.0,Petrol,3.0
Daihatsu,Sigra,2022.0,7500.0,Grey,1197.0,Automatic,7.0,125000000.0,Petrol,3.0
Mercedes,Benz,2014.0,52500.0,White,1991.0,Automatic,5.0,275000000.0,Petrol,11.0
Mercedes,Benz,2012.0,72500.0,Black,2996.0,Automatic,5.0,175000000.0,Petrol,13.0
Gwm,Tank,2024.0,7500.0,Black,1998.0,Automatic,7.0,850000000.0,Petrol,1.0
Kia,Seltos,2020.0,47500.0,Black,1353.0,Automatic,5.0,212000000.0,Petrol,5.0
Bmw,530I,2017.0,37500.0,Black,1998.0,Automatic,5.0,430000000.0,Petrol,8.0
Bmw,320I,2016.0,47500.0,Black,1995.0,Automatic,5.0,305000000.0,Petrol,9.0
Bmw,320I,2016.0,7500.0,White,1995.0,Automatic,5.0,450000000.0,Petrol,9.0
Honda,Cr,2021.0,37500.0,Silver,1498.0,Automatic,5.0,381000000.0,Petrol,4.0
Toyota,Alphard,2019.0,72500.0,Brown,2494.0,Automatic,7.0,599000000.0,Petrol,6.0
Nissan,Kicks,2021.0,72500.0,White,1198.0,Automatic,5.0,228500000.0,Petrol,4.0
Kia,Sonet,2022.0,62500.0,Black,1497.0,Automatic,5.0,180000000.0,Petrol,3.0
Toyota,Vellfire,2019.0,197500.0,White,2494.0,Automatic,7.0,608000000.0,Petrol,6.0
Toyota,Agya,2023.0,12500.0,Red,1200.0,Automatic,5.0,177000000.0,Petrol,2.0
Daihatsu,Sigra,2024.0,12500.0,Silver,1197.0,Automatic,7.0,133000000.0,Petrol,1.0
Suzuki,Ertiga,2023.0,22500.0,Grey,1462.0,Manual,7.0,189000000.0,Hybrid,2.0
Mitsubishi,Triton,2021.0,107500.0,White,2477.0,Manual,5.0,208000000.0,Diesel,4.0
Honda,Jazz,2016.0,102500.0,Grey,1497.0,Automatic,5.0,163000000.0,Petrol,9.0
Toyota,Raize,2024.0,7500.0,Red,998.0,Automatic,5.0,201000000.0,Petrol,1.0
Toyota,Yaris,2022.0,27500.0,Grey,1495.0,Automatic,5.0,222000000.0,Petrol,3.0
Honda,Brio,2021.0,92500.0,Grey,1199.0,Automatic,5.0,156000000.0,Petrol,4.0
Daihatsu,Sigra,2023.0,17500.0,Red,1197.0,Manual,7.0,119000000.0,Petrol,2.0
Honda,Hr,2022.0,42500.0,Black,1498.0,Automatic,5.0,321000000.0,Petrol,3.0
Honda,Cr,2019.0,62500.0,Grey,1498.0,Automatic,5.0,335000000.0,Petrol,6.0
Bmw,M4,2023.0,2500.0,Grey,2993.0,Automatic,4.0,2150000000.0,Petrol,2.0
Suzuki,Baleno,2020.0,62500.0,Red,1373.0,Automatic,5.0,165000000.0,Petrol,5.0
Mercedes,Benz,2023.0,22500.0,Grey,1999.0,Automatic,5.0,749000000.0,Petrol,2.0
Toyota,Land,2025.0,2500.0,Black,2755.0,Automatic,5.0,2350000000.0,Diesel,0.0
Honda,Hr,2017.0,122500.0,Grey,1799.0,Automatic,5.0,187500000.0,Petrol,8.0
Toyota,Kijang,2022.0,27500.0,Black,1998.0,Automatic,7.0,359000000.0,Petrol,3.0
Honda,Cr,2018.0,57500.0,Grey,1498.0,Automatic,5.0,315000000.0,Petrol,7.0
Hyundai,Stargazer,2023.0,12500.0,Silver,1497.0,Automatic,7.0,214000000.0,Petrol,2.0
Toyota,Veloz,2023.0,12500.0,Silver,1496.0,Automatic,7.0,227000000.0,Petrol,2.0
Toyota,Avanza,2022.0,27500.0,Black,1329.0,Manual,7.0,165000000.0,Petrol,3.0
Toyota,Kijang,2024.0,12500.0,Black,2393.0,Automatic,8.0,369000000.0,Diesel,1.0
Mercedes,Benz,2023.0,7500.0,Black,1991.0,Automatic,5.0,800000000.0,Petrol,2.0
Hyundai,Stargazer,2022.0,7500.0,Grey,1497.0,Automatic,7.0,205000000.0,Petrol,3.0
Toyota,Fortuner,2019.0,67500.0,Black,2393.0,Automatic,7.0,410000000.0,Diesel,6.0
Hyundai,Stargazer,2023.0,32500.0,Black,1497.0,Automatic,7.0,215000000.0,Petrol,2.0
Mitsubishi,Pajero,2022.0,37500.0,Silver,2442.0,Automatic,7.0,560000000.0,Diesel,3.0
Toyota,Rush,2012.0,137500.0,Silver,1495.0,Automatic,5.0,105000000.0,Petrol,13.0
Mitsubishi,Pajero,2021.0,37500.0,Silver,2442.0,Automatic,7.0,460000000.0,Diesel,4.0
Mitsubishi,Pajero,2019.0,57500.0,Black,2442.0,Automatic,7.0,405000000.0,Diesel,6.0
Honda,Hr,2024.0,12500.0,White,1498.0,Automatic,5.0,350000000.0,Petrol,1.0
Honda,Cr,2019.0,52500.0,Black,1498.0,Automatic,5.0,295000000.0,Petrol,6.0
Wuling,Almaz,2022.0,22500.0,White,1451.0,Automatic,7.0,215000000.0,Petrol,3.0
Honda,Hr,2021.0,52500.0,Black,1497.0,Automatic,5.0,238000000.0,Petrol,4.0
Toyota,Kijang,2011.0,142000.0,Silver,1998.0,Automatic,7.0,125000000.0,Petrol,14.0
Honda,Cr,2018.0,62500.0,White,1498.0,Automatic,5.0,320000000.0,Petrol,7.0
Honda,Cr,2010.0,127500.0,Silver,2354.0,Automatic,5.0,100000000.0,Petrol,15.0
Honda,Br,2017.0,102500.0,Grey,1497.0,Automatic,7.0,156000000.0,Petrol,8.0
Daihatsu,Terios,2019.0,31000.0,Black,1496.0,Manual,7.0,180000000.0,Petrol,6.0
Ford,Everest,2011.0,152500.0,White,2499.0,Automatic,7.0,159000000.0,Diesel,14.0
Toyota,Kijang,2022.0,42500.0,Black,1998.0,Automatic,8.0,389000000.0,Petrol,3.0
Mitsubishi,Pajero,2023.0,17500.0,Black,2442.0,Automatic,7.0,575000000.0,Diesel,2.0
Mg,5,2023.0,7500.0,Grey,1498.0,Automatic,5.0,239000000.0,Petrol,2.0
Honda,Freed,2014.0,112500.0,Black,1497.0,Automatic,7.0,153000000.0,Petrol,11.0
Toyota,Agya,2023.0,27500.0,White,1200.0,Automatic,5.0,162500000.0,Petrol,2.0
Honda,Hr,2015.0,87500.0,Grey,1497.0,Automatic,5.0,160000000.0,Petrol,10.0
Toyota,Kijang,2023.0,22500.0,Black,1998.0,Automatic,7.0,370000000.0,Petrol,2.0
Toyota,Land,2023.0,7500.0,White,3346.0,Automatic,7.0,2275000000.0,Diesel,2.0
Bmw,320I,2017.0,72500.0,Black,1995.0,Automatic,5.0,300000000.0,Petrol,8.0
Toyota,Prius,2023.0,2500.0,Black,1987.0,Automatic,5.0,910000000.0,Hybrid,2.0
Mercedes,Benz,2012.0,97500.0,White,3498.0,Automatic,5.0,269000000.0,Petrol,13.0
Lexus,Lm,2022.0,32500.0,Black,3456.0,Automatic,7.0,1195000000.0,Petrol,3.0
Mitsubishi,Outlander,2013.0,122500.0,White,1998.0,Automatic,5.0,140000000.0,Petrol,12.0
Lexus,Lx,2023.0,12500.0,Black,3445.0,Automatic,4.0,2900000000.0,Petrol,2.0
Porsche,Macan,2016.0,27500.0,Black,1984.0,Automatic,5.0,575000000.0,Petrol,9.0
Porsche,Boxster,2013.0,17500.0,White,2706.0,Automatic,2.0,1150000000.0,Petrol,12.0
Lexus,Rx,2020.0,27500.0,Grey,1998.0,Automatic,5.0,825000000.0,Petrol,5.0
Mitsubishi,Pajero,2023.0,12500.0,Black,2442.0,Automatic,7.0,521000000.0,Diesel,2.0
Ford,Ecosport,2015.0,92500.0,Red,1499.0,Automatic,5.0,99000000.0,Petrol,10.0
Mazda,Cx,2017.0,62500.0,White,2488.0,Automatic,5.0,269000000.0,Petrol,8.0
Honda,Hr,2022.0,27500.0,Silver,1498.0,Automatic,5.0,295000000.0,Petrol,3.0
Toyota,Rush,2019.0,42500.0,Black,1495.0,Automatic,7.0,189000000.0,Petrol,6.0
Mercedes,Benz,2018.0,32500.0,Black,1595.0,Automatic,5.0,339000000.0,Petrol,7.0
Hyundai,Santa,2021.0,52500.0,Black,2151.0,Automatic,7.0,419000000.0,Diesel,4.0
Volkswagen,Tiguan,2021.0,32500.0,Black,1395.0,Automatic,5.0,339000000.0,Petrol,4.0
Suzuki,Carry,2019.0,62500.0,Silver,1493.0,Manual,3.0,85000000.0,Petrol,6.0
Toyota,Alphard,2023.0,22500.0,Black,2494.0,Automatic,7.0,950000000.0,Petrol,2.0
Toyota,Alphard,2018.0,62500.0,Grey,2494.0,Automatic,7.0,570000000.0,Petrol,7.0
Toyota,Kijang,2023.0,37500.0,Black,1998.0,Automatic,8.0,440000000.0,Petrol,2.0
Mazda,Cx,2023.0,7500.0,Maroon,3283.0,Automatic,5.0,665000000.0,Hybrid,2.0
Nissan,Kicks,2021.0,32500.0,Grey,1198.0,Automatic,5.0,209000000.0,Petrol,4.0
Toyota,Fortuner,2021.0,22500.0,Black,2393.0,Automatic,7.0,449000000.0,Diesel,4.0
Mclaren,650S,2015.0,7500.0,Green,3799.0,Automatic,2.0,5100000000.0,Petrol,10.0
Toyota,Vellfire,2020.0,82500.0,Black,2494.0,Automatic,7.0,625000000.0,Petrol,5.0
Toyota,Fortuner,2024.0,27500.0,Grey,2755.0,Automatic,7.0,525000000.0,Diesel,1.0
Mercedes,Benz,2011.0,92500.0,Black,1796.0,Automatic,5.0,144000000.0,Petrol,14.0
Mercedes,Benz,2011.0,132500.0,Grey,1796.0,Automatic,5.0,144000000.0,Petrol,14.0
Nissan,Teana,2014.0,122500.0,Black,2488.0,Automatic,5.0,159000000.0,Petrol,11.0
Porsche,911,2018.0,7500.0,Grey,2981.0,Automatic,2.0,3800000000.0,Petrol,7.0
Mercedes,Benz,2019.0,17500.0,Black,1991.0,Automatic,5.0,565000000.0,Petrol,6.0
Mercedes,Benz,2016.0,37500.0,Black,2996.0,Automatic,5.0,525000000.0,Petrol,9.0
Daihatsu,Gran,2018.0,67500.0,Black,1298.0,Manual,9.0,109000000.0,Petrol,7.0
Toyota,Kijang,2022.0,12500.0,White,1998.0,Automatic,7.0,360000000.0,Petrol,3.0
Mazda,Cx,2021.0,42500.0,Red,1496.0,Automatic,5.0,242000000.0,Petrol,4.0
Jeep,Wrangler,2015.0,37500.0,White,2985.0,Automatic,4.0,835000000.0,Petrol,10.0
Mercedes,Benz,2015.0,32500.0,White,1991.0,Automatic,5.0,355000000.0,Petrol,10.0
Lexus,Lm,2021.0,12500.0,Black,3456.0,Automatic,4.0,1225000000.0,Petrol,4.0
Bmw,M5,2012.0,12500.0,Grey,4395.0,Automatic,5.0,1100000000.0,Petrol,13.0
Land,Rover,2022.0,12500.0,Black,1997.0,Automatic,5.0,2250000000.0,Petrol,3.0
Land,Rover,2022.0,12500.0,Black,2996.0,Automatic,5.0,2775000000.0,Petrol,3.0
Lexus,Rx,2017.0,32500.0,White,1998.0,Automatic,5.0,595000000.0,Petrol,8.0
Mercedes,Benz,2022.0,7500.0,Grey,1991.0,Automatic,5.0,865000000.0,Petrol,3.0
Lexus,Nx,2023.0,12500.0,Grey,2494.0,Automatic,5.0,1145000000.0,Hybrid,2.0
Mercedes,Benz,2022.0,7500.0,Black,1332.0,Automatic,5.0,685000000.0,Petrol,3.0
Toyota,Alphard,2017.0,47500.0,Black,2494.0,Automatic,7.0,570000000.0,Petrol,8.0
Wuling,Cortez,2018.0,57500.0,Maroon,1798.0,Automatic,7.0,125000000.0,Petrol,7.0
Mazda,Cx,2022.0,32500.0,Red,1496.0,Automatic,5.0,260000000.0,Petrol,3.0
Honda,Br,2016.0,117500.0,Grey,1497.0,Automatic,7.0,140000000.0,Petrol,9.0
Lexus,Rx,2023.0,7500.0,Black,2500.0,Automatic,5.0,1350000000.0,Hybrid,2.0
Land,Rover,2022.0,7500.0,Black,2997.0,Automatic,5.0,5250000000.0,Hybrid,3.0
Toyota,Harrier,2014.0,92500.0,White,1986.0,Automatic,5.0,299000000.0,Petrol,11.0
Bmw,740Li,2019.0,17500.0,Grey,2998.0,Automatic,5.0,1099000000.0,Petrol,6.0
Mercedes,Benz,2017.0,37500.0,White,1991.0,Automatic,5.0,389000000.0,Petrol,8.0
Mitsubishi,Xforce,2023.0,12500.0,White,1499.0,Automatic,5.0,295000000.0,Petrol,2.0
Toyota,Kijang,2019.0,37500.0,Silver,1998.0,Automatic,8.0,239000000.0,Petrol,6.0
Toyota,Calya,2019.0,77500.0,Grey,1197.0,Automatic,7.0,109000000.0,Petrol,6.0
Mitsubishi,Xforce,2023.0,17500.0,White,1499.0,Automatic,5.0,279000000.0,Petrol,2.0
Hyundai,Stargazer,2023.0,27500.0,Silver,1497.0,Automatic,7.0,212000000.0,Petrol,2.0
Honda,Hr,2022.0,42500.0,Black,1498.0,Automatic,5.0,349000000.0,Petrol,3.0
Toyota,Land,2012.0,97500.0,Black,4461.0,Automatic,8.0,899000000.0,Diesel,13.0
Bmw,X7,2024.0,7500.0,Black,2998.0,Automatic,7.0,1900000000.0,Petrol,1.0
Toyota,Alphard,2016.0,62500.0,Black,2494.0,Automatic,7.0,465000000.0,Petrol,9.0
Mini,Cooper,2015.0,32500.0,Black,2000.0,Automatic,5.0,425000000.0,Petrol,10.0
Peugeot,2008,2022.0,47500.0,Orange,1199.0,Automatic,5.0,214000000.0,Petrol,3.0
Toyota,Hilux,2022.0,27500.0,White,2393.0,Automatic,5.0,413000000.0,Diesel,3.0
Honda,Cr,2019.0,62500.0,Grey,1498.0,Automatic,5.0,280000000.0,Petrol,6.0
Toyota,Fortuner,2017.0,77500.0,Silver,2393.0,Automatic,7.0,344000000.0,Diesel,8.0
Honda,Hr,2024.0,37500.0,Red,1498.0,Automatic,5.0,365000000.0,Petrol,1.0
Chery,Omoda,2023.0,27500.0,Grey,1498.0,Automatic,5.0,260000000.0,Petrol,2.0
Toyota,Rush,2021.0,32500.0,White,1496.0,Automatic,7.0,210000000.0,Petrol,4.0
Toyota,Avanza,2024.0,12500.0,Silver,1496.0,Automatic,7.0,204000000.0,Petrol,1.0
Suzuki,Baleno,2022.0,32500.0,Grey,1462.0,Automatic,5.0,194000000.0,Petrol,3.0
Toyota,Fortuner,2023.0,2500.0,Black,2393.0,Automatic,7.0,437000000.0,Diesel,2.0
Honda,Hr,2018.0,77500.0,White,1497.0,Automatic,5.0,205000000.0,Petrol,7.0
Mercedes,Benz,2019.0,32500.0,Black,2996.0,Automatic,5.0,839000000.0,Petrol,6.0
Lexus,Es,2020.0,7500.0,Black,2487.0,Automatic,5.0,590000000.0,Petrol,5.0
Wuling,Almaz,2019.0,71609.0,Grey,1451.0,Automatic,5.0,145000000.0,Petrol,6.0
Honda,Cr,2019.0,82500.0,Grey,1498.0,Automatic,5.0,323000000.0,Petrol,6.0
Mercedes,Benz,2012.0,22500.0,Black,5439.0,Automatic,5.0,2750000000.0,Petrol,13.0
Lexus,Rx,2024.0,2500.0,Black,2500.0,Automatic,5.0,1475000000.0,Hybrid,1.0
Toyota,Fortuner,2021.0,67500.0,Black,2393.0,Automatic,7.0,391000000.0,Diesel,4.0
Toyota,Kijang,2019.0,57500.0,White,2393.0,Automatic,8.0,229000000.0,Diesel,6.0
Toyota,Kijang,2022.0,27500.0,Black,1998.0,Automatic,7.0,295000000.0,Petrol,3.0
Honda,Cr,2019.0,52500.0,Black,1498.0,Automatic,5.0,320000000.0,Petrol,6.0
Toyota,Nav1,2014.0,122500.0,Black,1987.0,Automatic,7.0,125000000.0,Petrol,11.0
Toyota,Kijang,2013.0,122500.0,White,1998.0,Automatic,7.0,148000000.0,Petrol,12.0
Toyota,Kijang,2019.0,152500.0,Black,1998.0,Automatic,8.0,218000000.0,Petrol,6.0
Honda,Hr,2018.0,107500.0,Black,1497.0,Automatic,5.0,182000000.0,Petrol,7.0
Toyota,Avanza,2021.0,62500.0,Black,1329.0,Automatic,7.0,158000000.0,Petrol,4.0
Mercedes,Benz,2015.0,57500.0,White,1991.0,Automatic,5.0,330000000.0,Petrol,10.0
Honda,Hr,2020.0,77500.0,Grey,1497.0,Automatic,5.0,195000000.0,Petrol,5.0
Toyota,Avanza,2017.0,92500.0,Black,1329.0,Automatic,7.0,135000000.0,Petrol,8.0
Toyota,Harrier,2010.0,97500.0,Black,2362.0,Automatic,5.0,95000000.0,Petrol,15.0
Toyota,Alphard,2015.0,67500.0,White,2494.0,Automatic,7.0,450000000.0,Petrol,10.0
Mercedes,Benz,2018.0,32500.0,Black,2999.0,Automatic,5.0,875000000.0,Petrol,7.0
Mercedes,Benz,2017.0,22500.0,White,1991.0,Automatic,5.0,458000000.0,Petrol,8.0
Bmw,X1,2016.0,87500.0,White,1499.0,Automatic,5.0,285000000.0,Petrol,9.0
Mitsubishi,Xpander,2019.0,37500.0,Silver,1499.0,Automatic,7.0,190000000.0,Petrol,6.0
Honda,Cr,2020.0,92500.0,Grey,1498.0,Automatic,5.0,325000000.0,Petrol,5.0
Mitsubishi,Xpander,2020.0,77500.0,White,1499.0,Automatic,7.0,160000000.0,Petrol,5.0
Suzuki,Xl7,2022.0,52500.0,Black,1500.0,Automatic,7.0,195000000.0,Petrol,3.0
Honda,Hr,2018.0,97500.0,Black,1497.0,Automatic,5.0,175000000.0,Petrol,7.0
Toyota,Voxy,2019.0,62500.0,Black,1986.0,Automatic,7.0,310000000.0,Petrol,6.0
Suzuki,Baleno,2024.0,12500.0,Red,1462.0,Automatic,5.0,215000000.0,Petrol,1.0
Toyota,Kijang,2022.0,47500.0,Black,2393.0,Automatic,7.0,439000000.0,Diesel,3.0
Honda,Jazz,2018.0,42500.0,Black,1497.0,Automatic,5.0,205000000.0,Petrol,7.0
Toyota,Yaris,2019.0,52500.0,Black,1496.0,Automatic,5.0,160000000.0,Petrol,6.0
Daihatsu,Xenia,2021.0,47500.0,Black,1496.0,Manual,7.0,155000000.0,Petrol,4.0
Toyota,Veloz,2022.0,72500.0,Silver,1496.0,Automatic,7.0,215000000.0,Petrol,3.0
Toyota,Avanza,2024.0,7500.0,White,1496.0,Automatic,7.0,217000000.0,Petrol,1.0
Toyota,Fortuner,2018.0,42500.0,White,2393.0,Automatic,7.0,393000000.0,Diesel,7.0
Land,Rover,2013.0,47500.0,White,1999.0,Automatic,5.0,278000000.0,Petrol,12.0
Mercedes,Benz,2019.0,22500.0,Grey,1332.0,Automatic,5.0,607000000.0,Petrol,6.0
Honda,Cr,2023.0,7500.0,Blue,1993.0,Automatic,5.0,621000000.0,Hybrid,2.0
Toyota,Voxy,2019.0,42500.0,Black,1986.0,Automatic,7.0,290000000.0,Petrol,6.0
Lexus,Rx,2012.0,102500.0,Black,2672.0,Automatic,5.0,199000000.0,Petrol,13.0
Jeep,Wrangler,2011.0,67500.0,Black,3777.0,Automatic,5.0,799000000.0,Petrol,14.0
Honda,Hr,2022.0,12500.0,Grey,1498.0,Automatic,5.0,303000000.0,Petrol,3.0
Mercedes,Benz,2017.0,47500.0,Black,1991.0,Automatic,5.0,395000000.0,Petrol,8.0
Mercedes,Benz,2010.0,132500.0,Black,1699.0,Automatic,5.0,119000000.0,Petrol,15.0
Audi,A5,2022.0,2500.0,Red,1984.0,Automatic,5.0,965000000.0,Petrol,3.0
Bmw,328I,2013.0,77500.0,White,1997.0,Automatic,5.0,345000000.0,Petrol,12.0
Mercedes,Benz,2017.0,42500.0,White,1991.0,Automatic,5.0,468000000.0,Petrol,8.0
Mercedes,Benz,2014.0,37500.0,White,2996.0,Automatic,7.0,460000000.0,Petrol,11.0
Mercedes,Benz,2022.0,22500.0,Black,1991.0,Automatic,5.0,686000000.0,Petrol,3.0
Suzuki,S,2023.0,17500.0,Grey,998.0,Automatic,4.0,125000000.0,Petrol,2.0
Bmw,M5,2014.0,7500.0,Blue,4395.0,Automatic,5.0,1390000000.0,Petrol,11.0
Mazda,2,2012.0,97500.0,White,1498.0,Automatic,5.0,99000000.0,Petrol,13.0
Honda,Hr,2022.0,22500.0,Grey,1497.0,Automatic,5.0,279000000.0,Petrol,3.0
Mitsubishi,Pajero,2022.0,2500.0,Black,2442.0,Automatic,7.0,405000000.0,Diesel,3.0
Toyota,Alphard,2022.0,12500.0,Black,2494.0,Automatic,7.0,849000000.0,Petrol,3.0
Bmw,M3,2022.0,7500.0,Yellow,2979.0,Automatic,5.0,1699000000.0,Petrol,3.0
Honda,Br,2023.0,22500.0,Grey,1498.0,Automatic,7.0,247000000.0,Petrol,2.0
Toyota,Camry,2020.0,92500.0,Black,2494.0,Automatic,5.0,330000000.0,Petrol,5.0
Toyota,Calya,2021.0,72500.0,Black,1197.0,Automatic,7.0,125000000.0,Petrol,4.0
Toyota,Avanza,2021.0,52500.0,Black,1329.0,Manual,7.0,160000000.0,Petrol,4.0
Nissan,X,2011.0,117500.0,Silver,2488.0,Automatic,7.0,100000000.0,Petrol,14.0
Nissan,Grand,2012.0,132500.0,Grey,1498.0,Automatic,7.0,83000000.0,Petrol,13.0
Nissan,Serena,2012.0,152500.0,Silver,1998.0,Automatic,7.0,93000000.0,Petrol,13.0
Bmw,X1,2021.0,7500.0,White,1499.0,Automatic,5.0,495000000.0,Petrol,4.0
Mercedes,Benz,2019.0,27500.0,Black,3982.0,Automatic,5.0,4750000000.0,Petrol,6.0
Toyota,Crown,2013.0,7500.0,Black,3456.0,Automatic,5.0,1750000000.0,Petrol,12.0
Mini,Cooper,2019.0,27500.0,Green,1499.0,Automatic,4.0,510000000.0,Petrol,6.0
Bmw,640I,2013.0,27500.0,White,2979.0,Automatic,4.0,699000000.0,Petrol,12.0
Jeep,Wrangler,2013.0,42500.0,Green,3604.0,Automatic,5.0,875000000.0,Petrol,12.0
Mercedes,Benz,2018.0,37500.0,White,1991.0,Automatic,5.0,435000000.0,Petrol,7.0
Hummer,H3,2011.0,12500.0,Orange,3653.0,Automatic,5.0,990000000.0,Petrol,14.0
Mercedes,Benz,2011.0,32500.0,Grey,1796.0,Automatic,4.0,350000000.0,Petrol,14.0
Honda,Wr,2022.0,27500.0,White,1498.0,Automatic,5.0,224000000.0,Petrol,3.0
Hyundai,Creta,2022.0,22500.0,White,1497.0,Automatic,5.0,259000000.0,Petrol,3.0
Toyota,Fortuner,2024.0,22500.0,Black,2755.0,Automatic,7.0,529000000.0,Diesel,1.0
Toyota,Land,2023.0,7500.0,Black,3346.0,Automatic,7.0,2150000000.0,Diesel,2.0
Renault,Triber,2020.0,52500.0,Silver,999.0,Automatic,5.0,85000000.0,Petrol,5.0
Toyota,Kijang,2024.0,2500.0,Black,1987.0,Automatic,8.0,465000000.0,Hybrid,1.0
Bmw,X1,2023.0,2500.0,Black,1499.0,Automatic,5.0,710000000.0,Petrol,2.0
Toyota,Agya,2023.0,22500.0,Grey,1197.0,Automatic,5.0,137000000.0,Petrol,2.0
Honda,Hr,2018.0,67500.0,Black,1799.0,Automatic,5.0,239000000.0,Petrol,7.0
Toyota,Veloz,2023.0,47500.0,Silver,1496.0,Automatic,7.0,228000000.0,Petrol,2.0
Hyundai,Santa,2024.0,7500.0,Black,1598.0,Automatic,6.0,708000000.0,Hybrid,1.0
Toyota,Crown,2009.0,142500.0,Black,2995.0,Automatic,5.0,229000000.0,Petrol,16.0
Toyota,Fortuner,2012.0,157500.0,Black,2494.0,Automatic,7.0,215000000.0,Diesel,13.0
Honda,Cr,2021.0,102500.0,Black,1498.0,Automatic,5.0,270000000.0,Petrol,4.0
Peugeot,3008,2021.0,47500.0,Black,1598.0,Automatic,5.0,219000000.0,Petrol,4.0
Bmw,218I,2024.0,12500.0,Grey,1499.0,Automatic,5.0,550000000.0,Petrol,1.0
Suzuki,Baleno,2022.0,57500.0,Brown,1462.0,Automatic,5.0,162000000.0,Petrol,3.0
Volkswagen,Tiguan,2020.0,92500.0,Black,1395.0,Automatic,5.0,279000000.0,Petrol,5.0
Bmw,530I,2018.0,32500.0,Black,1998.0,Automatic,5.0,499000000.0,Petrol,7.0
Toyota,Fortuner,2019.0,62500.0,Black,2694.0,Automatic,7.0,320000000.0,Petrol,6.0
Bmw,320I,2023.0,22500.0,Blue,1995.0,Automatic,5.0,679000000.0,Petrol,2.0
Nissan,Serena,2019.0,92500.0,White,1997.0,Automatic,7.0,209000000.0,Petrol,6.0
Bmw,530I,2017.0,37500.0,Blue,1998.0,Automatic,5.0,435000000.0,Petrol,8.0
Toyota,Kijang,2021.0,62500.0,White,2393.0,Automatic,8.0,340000000.0,Diesel,4.0
Chery,Tiggo,2025.0,7500.0,Grey,1500.0,Automatic,5.0,229000000.0,Petrol,0.0
Toyota,Corolla,2019.0,62500.0,Silver,1798.0,Automatic,5.0,225000000.0,Petrol,6.0
Suzuki,Xl7,2023.0,22500.0,Black,1500.0,Automatic,7.0,209000000.0,Hybrid,2.0
Honda,Brio,2023.0,17500.0,Red,1199.0,Automatic,5.0,155000000.0,Petrol,2.0
Mazda,Cx,2019.0,32500.0,Grey,1998.0,Automatic,5.0,259000000.0,Petrol,6.0
Toyota,Fortuner,2023.0,12500.0,Black,2755.0,Automatic,7.0,508000000.0,Diesel,2.0
Toyota,Land,2023.0,2500.0,Black,3346.0,Automatic,7.0,2090000000.0,Diesel,2.0
Mini,Countryman,2018.0,17500.0,Red,1998.0,Automatic,5.0,440000000.0,Petrol,7.0
Mercedes,Benz,2017.0,32500.0,Black,3000.0,Automatic,5.0,475000000.0,Petrol,8.0
Mercedes,Benz,2019.0,22500.0,Black,1497.0,Automatic,5.0,365000000.0,Petrol,6.0
Toyota,Sienta,2021.0,27500.0,White,1497.0,Automatic,7.0,218000000.0,Petrol,4.0
Ford,Everest,2024.0,7500.0,Black,1996.0,Automatic,7.0,797000000.0,Diesel,1.0
Toyota,Kijang,2023.0,22500.0,Grey,1998.0,Automatic,8.0,311000000.0,Petrol,2.0
Mitsubishi,Eclipse,2019.0,42500.0,Red,1499.0,Automatic,5.0,249000000.0,Petrol,6.0
Toyota,Avanza,2024.0,13500.0,White,1329.0,Manual,7.0,188000000.0,Petrol,1.0
Honda,Br,2016.0,75330.0,White,1497.0,Automatic,7.0,159000000.0,Petrol,9.0
Mercedes,Benz,2012.0,22500.0,Silver,1796.0,Automatic,2.0,410000000.0,Petrol,13.0
Wuling,Almaz,2019.0,112500.0,Black,1451.0,Automatic,5.0,150000000.0,Petrol,6.0
Toyota,Fortuner,2013.0,127500.0,Black,2694.0,Automatic,7.0,195000000.0,Petrol,12.0
Mazda,Cx,2018.0,77500.0,Black,2488.0,Automatic,5.0,280000000.0,Petrol,7.0
Toyota,Kijang,2018.0,102500.0,Silver,1998.0,Automatic,8.0,220000000.0,Petrol,7.0
Toyota,Veloz,2022.0,47500.0,White,1496.0,Automatic,7.0,225000000.0,Petrol,3.0
Toyota,Fortuner,2017.0,37500.0,Silver,2393.0,Automatic,7.0,355000000.0,Diesel,8.0
Lexus,Nx,2018.0,47500.0,Grey,1998.0,Automatic,5.0,510000000.0,Petrol,7.0
Toyota,Camry,2017.0,37500.0,Black,2494.0,Automatic,5.0,225000000.0,Petrol,8.0
Toyota,Kijang,2019.0,47500.0,White,2393.0,Automatic,8.0,305000000.0,Diesel,6.0
Toyota,Kijang,2022.0,7500.0,Black,2393.0,Automatic,8.0,348000000.0,Diesel,3.0
Nissan,Serena,2013.0,92500.0,White,1997.0,Automatic,7.0,128000000.0,Petrol,12.0
Honda,City,2021.0,27500.0,Grey,1498.0,Automatic,5.0,205000000.0,Petrol,4.0
Kia,Sonet,2022.0,22500.0,White,1497.0,Automatic,5.0,230000000.0,Petrol,3.0
Nissan,Serena,2013.0,62500.0,White,1997.0,Automatic,7.0,150000000.0,Petrol,12.0
Honda,City,2021.0,52500.0,Orange,1498.0,Automatic,5.0,198000000.0,Petrol,4.0
Mazda,Cx,2023.0,7500.0,Grey,1496.0,Automatic,5.0,295000000.0,Petrol,2.0
Mazda,Cx,2017.0,47500.0,White,2488.0,Automatic,5.0,295000000.0,Petrol,8.0
Mercedes,Benz,2015.0,7000.0,Yellow,3982.0,Automatic,2.0,3500000000.0,Petrol,10.0
Toyota,Land,2020.0,82500.0,Black,4461.0,Automatic,8.0,1750000000.0,Diesel,5.0
Mercedes,Benz,2018.0,17000.0,Black,1991.0,Automatic,5.0,475000000.0,Petrol,7.0
Mercedes,Benz,2005.0,16000.0,Grey,4966.0,Automatic,4.0,695000000.0,Petrol,20.0
Land,Rover,2012.0,61000.0,White,1999.0,Automatic,5.0,370000000.0,Petrol,13.0
Mercedes,Benz,2018.0,47500.0,Black,1991.0,Automatic,5.0,540000000.0,Petrol,7.0
Toyota,Alphard,2022.0,42500.0,Black,2494.0,Automatic,7.0,885000000.0,Petrol,3.0
Land,Rover,2014.0,17500.0,Black,2995.0,Automatic,5.0,950000000.0,Petrol,11.0
Mercedes,Benz,2016.0,25000.0,Grey,1596.0,Automatic,5.0,405000000.0,Petrol,9.0
Toyota,Raize,2021.0,57500.0,Yellow,998.0,Manual,5.0,197000000.0,Petrol,4.0
Hyundai,Palisade,2021.0,62500.0,White,2199.0,Automatic,7.0,575000000.0,Diesel,4.0
Toyota,Voxy,2022.0,17500.0,Black,1986.0,Automatic,7.0,480000000.0,Petrol,3.0
Toyota,Kijang,2023.0,7500.0,Silver,1998.0,Automatic,7.0,460000000.0,Hybrid,2.0
Mercedes,Benz,2018.0,52500.0,White,2996.0,Automatic,5.0,485000000.0,Petrol,7.0
Daihatsu,Rocky,2022.0,27500.0,Red,998.0,Automatic,5.0,181500000.0,Petrol,3.0
Mercedes,Benz,2023.0,7500.0,Black,1999.0,Automatic,5.0,785000000.0,Petrol,2.0
Toyota,Alphard,2022.0,22500.0,White,2494.0,Automatic,7.0,781000000.0,Petrol,3.0
Bmw,X5,2019.0,12500.0,Grey,2998.0,Automatic,5.0,675000000.0,Petrol,6.0
Honda,Civic,2023.0,12500.0,White,1498.0,Automatic,5.0,470000000.0,Petrol,2.0
Honda,Br,2023.0,22500.0,Grey,1498.0,Automatic,7.0,253000000.0,Petrol,2.0
Mazda,Cx,2018.0,82500.0,White,2488.0,Automatic,5.0,290000000.0,Petrol,7.0
Honda,Brio,2023.0,7500.0,Grey,1199.0,Automatic,5.0,182000000.0,Petrol,2.0
Toyota,Calya,2022.0,62500.0,White,1197.0,Automatic,7.0,127000000.0,Petrol,3.0
Honda,Cr,2019.0,82500.0,Black,1498.0,Automatic,5.0,345000000.0,Petrol,6.0
Toyota,Avanza,2023.0,12500.0,Silver,1496.0,Manual,7.0,219000000.0,Petrol,2.0
Hyundai,Creta,2023.0,22500.0,Red,1497.0,Automatic,5.0,284000000.0,Petrol,2.0
Hyundai,Santa,2025.0,2500.0,White,1598.0,Automatic,6.0,725000000.0,Hybrid,0.0
Toyota,Voxy,2023.0,27500.0,Black,1986.0,Automatic,5.0,435000000.0,Petrol,2.0
Nissan,Elgrand,2012.0,112500.0,Black,2488.0,Automatic,7.0,189000000.0,Petrol,13.0
Bmw,X1,2011.0,122500.0,Brown,1995.0,Automatic,5.0,149000000.0,Petrol,14.0
Toyota,Avanza,2019.0,77500.0,Silver,1329.0,Automatic,7.0,130000000.0,Petrol,6.0
Honda,Cr,2018.0,92500.0,White,1498.0,Automatic,5.0,359000000.0,Petrol,7.0
Mitsubishi,Pajero,2023.0,12500.0,White,2442.0,Automatic,7.0,525000000.0,Diesel,2.0
Toyota,Raize,2021.0,52500.0,Yellow,998.0,Automatic,5.0,197000000.0,Petrol,4.0
Honda,Accord,2022.0,32500.0,White,1498.0,Automatic,5.0,460000000.0,Petrol,3.0
Mitsubishi,Pajero,2014.0,115000.0,Black,2477.0,Automatic,7.0,250000000.0,Diesel,11.0
Toyota,Land,2015.0,2500.0,Blue,4000.0,Manual,5.0,1430000000.0,Petrol,10.0
Bmw,320I,2023.0,17500.0,Blue,1995.0,Automatic,5.0,679000000.0,Petrol,2.0
Bmw,530I,2017.0,32500.0,Grey,1998.0,Automatic,5.0,435000000.0,Petrol,8.0
Mitsubishi,Pajero,2012.0,217500.0,White,2477.0,Automatic,7.0,215000000.0,Diesel,13.0
Honda,Brio,2023.0,2500.0,Yellow,1199.0,Automatic,5.0,159000000.0,Petrol,2.0
Toyota,Kijang,2023.0,32500.0,Grey,1998.0,Automatic,8.0,349000000.0,Petrol,2.0
Suzuki,Jimny,2024.0,7500.0,Red,1500.0,Automatic,4.0,419000000.0,Petrol,1.0
Bmw,320I,2024.0,2500.0,White,1995.0,Automatic,5.0,815000000.0,Petrol,1.0
Bmw,530I,2017.0,7500.0,White,1998.0,Automatic,5.0,495000000.0,Petrol,8.0
Honda,Jazz,2019.0,37500.0,Grey,1497.0,Automatic,5.0,209000000.0,Petrol,6.0
Honda,Brio,2023.0,72500.0,Grey,1199.0,Automatic,5.0,135000000.0,Petrol,2.0
Toyota,Avanza,2021.0,77500.0,Black,1329.0,Automatic,7.0,130000000.0,Petrol,4.0
Mitsubishi,Xpander,2022.0,67500.0,Black,1499.0,Automatic,7.0,180000000.0,Petrol,3.0
Mini,Countryman,2014.0,52500.0,White,1598.0,Automatic,5.0,290000000.0,Petrol,11.0
Hino,Dutro,2023.0,42500.0,Green,4009.0,Manual,2.0,220000000.0,Diesel,2.0
Mercedes,Benz,2020.0,57500.0,Black,2999.0,Automatic,5.0,995000000.0,Petrol,5.0
Toyota,Kijang,2020.0,82500.0,Black,1998.0,Automatic,8.0,250000000.0,Petrol,5.0
Suzuki,Ertiga,2016.0,82500.0,Black,1373.0,Manual,7.0,110000000.0,Petrol,9.0
Hyundai,Creta,2022.0,32500.0,White,1497.0,Automatic,5.0,238000000.0,Petrol,3.0
Bmw,X3,2023.0,2500.0,Black,1998.0,Automatic,5.0,860000000.0,Petrol,2.0
Lexus,Lx,2023.0,2500.0,Black,3445.0,Automatic,4.0,3380000000.0,Petrol,2.0
Honda,Hr,2021.0,47500.0,Grey,1497.0,Automatic,5.0,223000000.0,Petrol,4.0
Hyundai,Creta,2022.0,52500.0,Blue,1497.0,Automatic,5.0,265000000.0,Petrol,3.0
Nissan,Elgrand,2014.0,67500.0,Brown,2488.0,Automatic,7.0,250000000.0,Petrol,11.0
Hyundai,Santa,2021.0,52500.0,White,2151.0,Automatic,7.0,415000000.0,Diesel,4.0
Honda,Br,2023.0,12500.0,White,1498.0,Automatic,7.0,215000000.0,Petrol,2.0
Toyota,Yaris,2021.0,12500.0,Red,1495.0,Automatic,5.0,210000000.0,Petrol,4.0
Toyota,Raize,2021.0,47500.0,Yellow,998.0,Automatic,5.0,187000000.0,Petrol,4.0
Hyundai,Stargazer,2023.0,22500.0,Black,1497.0,Automatic,7.0,215000000.0,Petrol,2.0
Daihatsu,Ayla,2023.0,12500.0,Black,1198.0,Manual,5.0,140000000.0,Petrol,2.0
Toyota,Kijang,2022.0,22500.0,Black,1998.0,Automatic,8.0,285000000.0,Petrol,3.0
Kia,Sonet,2021.0,52500.0,Black,1497.0,Automatic,5.0,202000000.0,Petrol,4.0
Hyundai,Creta,2022.0,12500.0,Grey,1497.0,Automatic,5.0,263000000.0,Petrol,3.0
Toyota,Vellfire,2018.0,37500.0,White,2494.0,Automatic,7.0,650000000.0,Petrol,7.0
Toyota,Kijang,2021.0,77500.0,Black,2393.0,Automatic,8.0,310000000.0,Diesel,4.0
Toyota,Kijang,2025.0,2500.0,White,1987.0,Automatic,8.0,475000000.0,Hybrid,0.0
Toyota,Alphard,2014.0,82500.0,Black,2362.0,Automatic,7.0,270000000.0,Petrol,11.0
Toyota,Veloz,2024.0,12500.0,White,1496.0,Automatic,7.0,243000000.0,Petrol,1.0
Toyota,Kijang,2024.0,27500.0,Black,1987.0,Automatic,8.0,431000000.0,Petrol,1.0
Hyundai,Creta,2022.0,27500.0,Red,1497.0,Automatic,5.0,264000000.0,Petrol,3.0
Mitsubishi,Pajero,2017.0,92500.0,Black,2422.0,Automatic,7.0,349000000.0,Diesel,8.0
Toyota,Kijang,2023.0,37500.0,Grey,1998.0,Automatic,8.0,345000000.0,Petrol,2.0
Subaru,Forester,2024.0,2500.0,Brown,1995.0,Automatic,5.0,485000000.0,Petrol,1.0
Toyota,Harrier,2007.0,92500.0,Black,3456.0,Automatic,5.0,188000000.0,Petrol,18.0
Mercedes,Benz,2021.0,7500.0,Black,2999.0,Automatic,7.0,1650000000.0,Petrol,4.0
Toyota,Kijang,2016.0,82500.0,Black,1998.0,Automatic,7.0,245000000.0,Petrol,9.0
Toyota,Camry,2020.0,97500.0,White,2494.0,Automatic,5.0,290000000.0,Petrol,5.0
Toyota,Vellfire,2009.0,122500.0,Black,2362.0,Automatic,7.0,185000000.0,Petrol,16.0
Toyota,Camry,2018.0,117500.0,Black,2494.0,Automatic,5.0,190000000.0,Petrol,7.0
Mercedes,Benz,2022.0,7500.0,White,1496.0,Automatic,5.0,645000000.0,Petrol,3.0
Bmw,X5,2014.0,57500.0,Black,2979.0,Automatic,5.0,325000000.0,Petrol,11.0
Ford,Mustang,2021.0,2500.0,White,2261.0,Automatic,4.0,1250000000.0,Petrol,4.0
Ford,Mustang,2022.0,2500.0,Orange,2264.0,Automatic,4.0,1250000000.0,Petrol,3.0
Bmw,M4,2023.0,2500.0,Yellow,2993.0,Automatic,4.0,1950000000.0,Petrol,2.0
Toyota,Land,2023.0,22500.0,Black,2693.0,Automatic,7.0,1225000000.0,Petrol,2.0
Bmw,530I,2023.0,2500.0,Black,1998.0,Automatic,5.0,1295000000.0,Petrol,2.0
Honda,Brio,2016.0,82500.0,Silver,1199.0,Automatic,5.0,123000000.0,Petrol,9.0
Toyota,Kijang,2019.0,67500.0,Silver,1998.0,Automatic,8.0,235000000.0,Petrol,6.0
Gwm,Tank,2024.0,7500.0,Black,1998.0,Automatic,7.0,900000000.0,Petrol,1.0
Toyota,Fortuner,2020.0,57500.0,Black,2393.0,Automatic,7.0,430000000.0,Diesel,5.0
Honda,City,2023.0,22500.0,Orange,1498.0,Automatic,5.0,227000000.0,Petrol,2.0
Suzuki,Grand,2024.0,2500.0,Blue,1462.0,Automatic,5.0,287000000.0,Hybrid,1.0
Mitsubishi,Colt,2024.0,2500.0,Black,2268.0,Manual,3.0,185000000.0,Diesel,1.0
Mitsubishi,Pajero,2022.0,17500.0,Black,2442.0,Automatic,7.0,535000000.0,Diesel,3.0
Mercedes,Benz,2009.0,22500.0,Red,3500.0,Automatic,2.0,1150000000.0,Petrol,16.0
Mitsubishi,Xpander,2024.0,7500.0,Black,1499.0,Automatic,7.0,270000000.0,Petrol,1.0
Toyota,Fortuner,2018.0,52500.0,White,2393.0,Automatic,7.0,348000000.0,Diesel,7.0
Mitsubishi,Xpander,2022.0,47500.0,White,1499.0,Automatic,7.0,225000000.0,Petrol,3.0
Mercedes,Benz,2023.0,7500.0,Black,2999.0,Automatic,5.0,1650000000.0,Petrol,2.0
Mitsubishi,Eclipse,2019.0,72500.0,White,1499.0,Automatic,5.0,249000000.0,Petrol,6.0
Bmw,X7,2024.0,12500.0,Black,2998.0,Automatic,7.0,1900000000.0,Petrol,1.0
Mercedes,Benz,2022.0,22500.0,White,1496.0,Automatic,5.0,645000000.0,Petrol,3.0
Mercedes,Benz,2012.0,17500.0,Black,3498.0,Automatic,4.0,385000000.0,Petrol,13.0
Mercedes,Benz,2011.0,27500.0,White,1796.0,Automatic,4.0,565000000.0,Petrol,14.0
Mercedes,Benz,2015.0,22500.0,White,1595.0,Automatic,5.0,285000000.0,Petrol,10.0
Mercedes,Benz,2023.0,12500.0,Black,1991.0,Automatic,5.0,900000000.0,Petrol,2.0
Lexus,Rx,2023.0,2500.0,Grey,2500.0,Automatic,5.0,1525000000.0,Petrol,2.0
Land,Rover,2020.0,2500.0,Green,1997.0,Automatic,5.0,2450000000.0,Diesel,5.0
Daihatsu,Sigra,2019.0,47500.0,Silver,1197.0,Manual,7.0,98000000.0,Petrol,6.0
Suzuki,Baleno,2020.0,42500.0,Grey,1373.0,Automatic,5.0,165000000.0,Petrol,5.0
Mazda,2,2022.0,32500.0,Grey,1496.0,Automatic,5.0,220000000.0,Petrol,3.0
Toyota,Land,2024.0,12500.0,White,3346.0,Automatic,7.0,2295000000.0,Diesel,1.0
Mazda,Cx,2020.0,32500.0,Grey,2488.0,Automatic,7.0,365000000.0,Petrol,5.0
Mazda,3,2023.0,12500.0,Red,1998.0,Automatic,5.0,399000000.0,Petrol,2.0
Toyota,Land,2023.0,22500.0,Black,2693.0,Automatic,7.0,1325000000.0,Petrol,2.0
Toyota,Yaris,2016.0,82500.0,Maroon,1497.0,Automatic,5.0,146000000.0,Petrol,9.0
Bmw,X3,2016.0,47500.0,Black,1997.0,Automatic,5.0,265000000.0,Petrol,9.0
Toyota,Yaris,2020.0,42500.0,White,1496.0,Automatic,5.0,192000000.0,Petrol,5.0
Toyota,Sienta,2020.0,67500.0,White,1497.0,Automatic,7.0,175000000.0,Petrol,5.0
Mitsubishi,Xforce,2023.0,2500.0,White,1499.0,Automatic,5.0,289000000.0,Petrol,2.0
Volkswagen,Tiguan,2019.0,42500.0,Black,1395.0,Automatic,5.0,285000000.0,Petrol,6.0
Mazda,Cx,2018.0,42500.0,Grey,1998.0,Automatic,5.0,209000000.0,Petrol,7.0
Toyota,Kijang,2022.0,42500.0,Silver,2393.0,Automatic,8.0,395000000.0,Petrol,3.0
Toyota,Kijang,2021.0,57500.0,White,2393.0,Automatic,7.0,420000000.0,Diesel,4.0
Toyota,Kijang,2024.0,27500.0,Black,1987.0,Automatic,8.0,510000000.0,Hybrid,1.0
Mitsubishi,Xpander,2019.0,72500.0,White,1499.0,Automatic,7.0,195000000.0,Petrol,6.0
Toyota,Alphard,2022.0,27500.0,White,2494.0,Automatic,7.0,845000000.0,Petrol,3.0
Toyota,Kijang,2019.0,32500.0,White,1998.0,Automatic,8.0,269000000.0,Petrol,6.0
Toyota,Vellfire,2017.0,77500.0,Black,2494.0,Automatic,7.0,495000000.0,Petrol,8.0
Honda,Hr,2018.0,37500.0,Grey,1497.0,Automatic,5.0,195000000.0,Petrol,7.0
Bmw,218I,2023.0,12500.0,White,1499.0,Automatic,5.0,485000000.0,Petrol,2.0
Volkswagen,Tiguan,2020.0,22500.0,Black,1395.0,Automatic,5.0,304000000.0,Petrol,5.0
Wuling,Almaz,2019.0,92500.0,Grey,1451.0,Automatic,5.0,158000000.0,Petrol,6.0
Porsche,Macan,2015.0,42500.0,White,1984.0,Automatic,5.0,545000000.0,Petrol,10.0
Mazda,6,2023.0,17500.0,Maroon,2488.0,Automatic,5.0,489000000.0,Petrol,2.0
Honda,Freed,2013.0,92500.0,Silver,1497.0,Automatic,7.0,135000000.0,Petrol,12.0
Toyota,Voxy,2019.0,57500.0,Black,1986.0,Automatic,7.0,295000000.0,Petrol,6.0
Mitsubishi,Pajero,2019.0,52500.0,Black,2442.0,Automatic,7.0,400000000.0,Diesel,6.0
Land,Rover,1991.0,157500.0,Green,3528.0,Manual,5.0,680000000.0,Petrol,34.0
Mitsubishi,Pajero,2022.0,42500.0,Grey,2442.0,Automatic,7.0,500000000.0,Diesel,3.0
Mitsubishi,Xpander,2021.0,37500.0,White,1499.0,Automatic,7.0,219000000.0,Petrol,4.0
Toyota,Veloz,2022.0,57500.0,Silver,1496.0,Automatic,7.0,232000000.0,Petrol,3.0
Mercedes,Benz,2021.0,17500.0,Black,2999.0,Automatic,7.0,1150000000.0,Petrol,4.0
Hummer,H3,2010.0,42500.0,Grey,3653.0,Automatic,5.0,875000000.0,Petrol,15.0
Chery,Tiggo,2024.0,22500.0,Black,1498.0,Automatic,5.0,175000000.0,Petrol,1.0
Mercedes,Benz,2020.0,2500.0,Grey,3982.0,Automatic,5.0,5950000000.0,Petrol,5.0
Toyota,Avanza,2010.0,292500.0,Black,1298.0,Automatic,7.0,75000000.0,Petrol,15.0
Chevrolet,Trax,2017.0,62500.0,Red,1399.0,Automatic,5.0,130000000.0,Petrol,8.0
Mercedes,Benz,2021.0,7500.0,Black,2999.0,Automatic,5.0,1795000000.0,Petrol,4.0
Mercedes,Benz,2015.0,37500.0,Black,2996.0,Automatic,4.0,775000000.0,Petrol,10.0
Mercedes,Benz,2018.0,17500.0,White,1991.0,Automatic,5.0,795000000.0,Petrol,7.0
Mercedes,Benz,2023.0,7500.0,White,1999.0,Automatic,5.0,815000000.0,Petrol,2.0
Mini,Cooper,2019.0,2500.0,White,2000.0,Automatic,4.0,685000000.0,Petrol,6.0
Toyota,Kijang,2022.0,17500.0,Black,1998.0,Automatic,8.0,298000000.0,Petrol,3.0
Hyundai,Stargazer,2023.0,37500.0,Grey,1497.0,Automatic,7.0,218000000.0,Petrol,2.0
Mercedes,Benz,2023.0,2500.0,Black,2999.0,Automatic,7.0,1570000000.0,Petrol,2.0
Mercedes,Benz,2022.0,32500.0,Black,1991.0,Automatic,5.0,666000000.0,Petrol,3.0
Toyota,Rush,2023.0,17500.0,Black,1496.0,Automatic,7.0,225000000.0,Petrol,2.0
Toyota,Veloz,2022.0,72500.0,Silver,1496.0,Automatic,7.0,220000000.0,Petrol,3.0
Bmw,X7,2024.0,2500.0,Black,2998.0,Automatic,7.0,1900000000.0,Petrol,1.0
Bmw,X5,2020.0,22500.0,Black,2998.0,Automatic,5.0,880000000.0,Petrol,5.0
Mercedes,Benz,2019.0,62500.0,White,1991.0,Automatic,5.0,495000000.0,Petrol,6.0
Daihatsu,Gran,2023.0,2500.0,White,1298.0,Manual,2.0,135000000.0,Petrol,2.0
Mercedes,Benz,2017.0,7500.0,Black,5461.0,Automatic,5.0,3500000000.0,Petrol,8.0
Bentley,Continental,2014.0,7500.0,White,3993.0,Automatic,4.0,2350000000.0,Petrol,11.0
Mercedes,Benz,2012.0,7500.0,Grey,5461.0,Automatic,4.0,850000000.0,Petrol,13.0
Toyota,Fortuner,2021.0,42500.0,Black,2393.0,Automatic,7.0,459000000.0,Diesel,4.0
Mitsubishi,Pajero,2024.0,2500.0,Black,2442.0,Automatic,7.0,568000000.0,Diesel,1.0
Honda,Civic,2024.0,17500.0,White,1498.0,Automatic,5.0,469000000.0,Petrol,1.0
Mercedes,Benz,2015.0,42500.0,Grey,1991.0,Automatic,5.0,320000000.0,Petrol,10.0
Bmw,330I,2023.0,2500.0,White,1998.0,Automatic,5.0,845000000.0,Petrol,2.0
Bmw,X5,2022.0,7500.0,Black,2998.0,Automatic,5.0,1075000000.0,Petrol,3.0
Mercedes,Benz,2018.0,7500.0,White,1991.0,Automatic,5.0,925000000.0,Petrol,7.0
Mercedes,Benz,2018.0,52500.0,Black,2996.0,Automatic,7.0,795000000.0,Petrol,7.0
Hyundai,Santa,2015.0,107500.0,White,2199.0,Automatic,5.0,250000000.0,Diesel,10.0
Mitsubishi,Xpander,2023.0,22500.0,Black,1499.0,Automatic,7.0,279000000.0,Petrol,2.0
Toyota,Alphard,2022.0,52500.0,Black,2494.0,Automatic,7.0,1030000000.0,Petrol,3.0
Toyota,Yaris,2019.0,87500.0,Black,1496.0,Automatic,5.0,184000000.0,Petrol,6.0
Toyota,Kijang,2024.0,2500.0,White,1987.0,Automatic,8.0,565000000.0,Hybrid,1.0
Honda,Civic,2024.0,2500.0,White,1498.0,Automatic,5.0,485000000.0,Petrol,1.0
Daihatsu,Rocky,2022.0,2500.0,Silver,1198.0,Automatic,5.0,185000000.0,Petrol,3.0
Toyota,Fortuner,2018.0,52500.0,White,2393.0,Automatic,7.0,393000000.0,Diesel,7.0
Lexus,Es,2023.0,22500.0,White,2487.0,Automatic,5.0,826000000.0,Hybrid,2.0
Toyota,Alphard,2024.0,7500.0,Black,2500.0,Automatic,7.0,1350000000.0,Petrol,1.0
Mercedes,Benz,2023.0,2500.0,White,1999.0,Automatic,5.0,910000000.0,Petrol,2.0
Honda,Br,2022.0,42500.0,White,1498.0,Automatic,7.0,235000000.0,Petrol,3.0
Toyota,Avanza,2023.0,2500.0,Black,1496.0,Automatic,7.0,219000000.0,Petrol,2.0
Mitsubishi,Pajero,2022.0,22500.0,White,2442.0,Automatic,7.0,579000000.0,Diesel,3.0
Toyota,Kijang,2015.0,147500.0,Silver,2393.0,Automatic,8.0,250000000.0,Diesel,10.0
Suzuki,Sx4,2019.0,27500.0,Grey,1500.0,Automatic,5.0,184000000.0,Petrol,6.0
Toyota,Avanza,2014.0,152500.0,White,1298.0,Manual,7.0,107000000.0,Petrol,11.0
Toyota,Alphard,2021.0,67500.0,White,2494.0,Automatic,7.0,865000000.0,Petrol,4.0
Honda,Accord,2008.0,132500.0,Black,2354.0,Automatic,5.0,109000000.0,Petrol,17.0
Toyota,Alphard,2024.0,2500.0,Black,2500.0,Automatic,7.0,1550000000.0,Hybrid,1.0
Mercedes,Benz,2017.0,72500.0,Black,1991.0,Automatic,5.0,389000000.0,Petrol,8.0
Honda,Cr,2021.0,52500.0,White,1498.0,Automatic,5.0,475000000.0,Petrol,4.0
Honda,Freed,2012.0,107500.0,Black,1497.0,Automatic,7.0,120000000.0,Petrol,13.0
Lexus,Rx,2016.0,37500.0,Black,1998.0,Automatic,5.0,630000000.0,Petrol,9.0
Nissan,X,2015.0,92500.0,Black,2488.0,Automatic,7.0,153000000.0,Petrol,10.0
Toyota,Calya,2022.0,47500.0,Silver,1197.0,Automatic,7.0,150000000.0,Petrol,3.0
Hyundai,Stargazer,2023.0,22500.0,Black,1497.0,Automatic,7.0,250000000.0,Petrol,2.0
Honda,Accord,2020.0,7500.0,White,1498.0,Automatic,5.0,435000000.0,Petrol,5.0
Toyota,Camry,2023.0,2500.0,Black,2487.0,Automatic,5.0,565000000.0,Petrol,2.0
Bmw,X1,2021.0,7500.0,White,1499.0,Automatic,5.0,510000000.0,Petrol,4.0
Mitsubishi,Pajero,2021.0,27500.0,Black,2442.0,Automatic,7.0,510000000.0,Diesel,4.0
Wuling,Almaz,2021.0,57500.0,Black,1451.0,Automatic,7.0,195000000.0,Petrol,4.0
Mercedes,Benz,2009.0,142500.0,Black,1796.0,Automatic,5.0,129000000.0,Petrol,16.0
Toyota,Camry,2021.0,87500.0,Black,2487.0,Automatic,5.0,335000000.0,Petrol,4.0
Toyota,Fortuner,2022.0,62500.0,Black,2393.0,Automatic,7.0,440000000.0,Diesel,3.0
Mitsubishi,Pajero,2022.0,57500.0,Black,2442.0,Automatic,7.0,490000000.0,Diesel,3.0
Toyota,Voxy,2023.0,37500.0,Black,1986.0,Automatic,5.0,435000000.0,Petrol,2.0
Mercedes,Benz,2019.0,22500.0,Black,1991.0,Automatic,7.0,675000000.0,Petrol,6.0
Mazda,Cx,2018.0,12500.0,White,2488.0,Automatic,7.0,370000000.0,Petrol,7.0
Bmw,M4,2015.0,12500.0,Yellow,2993.0,Automatic,4.0,999000000.0,Petrol,10.0
Toyota,Veloz,2022.0,37500.0,Black,1496.0,Automatic,7.0,225000000.0,Petrol,3.0
Kia,Grand,2022.0,37500.0,Black,2151.0,Automatic,11.0,605000000.0,Diesel,3.0
Lexus,Es,2022.0,32500.0,Silver,2487.0,Automatic,5.0,726000000.0,Hybrid,3.0
Mazda,Cx,2024.0,2500.0,Red,2488.0,Automatic,5.0,564000000.0,Petrol,1.0
Toyota,Land,2017.0,7500.0,Black,4461.0,Automatic,7.0,1695000000.0,Diesel,8.0
Volkswagen,Caravelle,2013.0,142500.0,Brown,1968.0,Automatic,7.0,310000000.0,Diesel,12.0
Toyota,Veloz,2021.0,17500.0,White,1496.0,Automatic,7.0,235000000.0,Petrol,4.0
Mini,Countryman,2019.0,32500.0,Silver,1499.0,Automatic,5.0,444000000.0,Petrol,6.0
Wuling,Almaz,2019.0,72500.0,Grey,1451.0,Automatic,7.0,165000000.0,Petrol,6.0
Mercedes,Benz,2016.0,12500.0,White,1991.0,Automatic,4.0,585000000.0,Petrol,9.0
Mazda,3,2023.0,12500.0,Red,1998.0,Automatic,5.0,461000000.0,Petrol,2.0
Daihatsu,Ayla,2023.0,2500.0,Yellow,1198.0,Automatic,5.0,139000000.0,Petrol,2.0
Toyota,Raize,2021.0,37500.0,Yellow,998.0,Automatic,5.0,199000000.0,Petrol,4.0
Toyota,Calya,2022.0,12500.0,Grey,1197.0,Manual,7.0,132000000.0,Petrol,3.0
Chery,Omoda,2023.0,22500.0,Grey,1498.0,Automatic,5.0,275000000.0,Petrol,2.0
Toyota,Fortuner,2019.0,42500.0,Black,2694.0,Automatic,7.0,361000000.0,Petrol,6.0
Nissan,Livina,2019.0,42500.0,Silver,1499.0,Automatic,7.0,175000000.0,Petrol,6.0
Bmw,X3,2014.0,39000.0,White,1998.0,Automatic,5.0,320000000.0,Petrol,11.0
Toyota,Avanza,2024.0,2500.0,Black,1329.0,Manual,7.0,185000000.0,Petrol,1.0
Daihatsu,Sigra,2023.0,17500.0,Silver,998.0,Manual,7.0,112000000.0,Petrol,2.0
Honda,City,2022.0,22500.0,Grey,1498.0,Automatic,5.0,245000000.0,Petrol,3.0
Mercedes,Benz,2022.0,7500.0,Black,2999.0,Automatic,7.0,1750000000.0,Petrol,3.0
Mercedes,Benz,2015.0,37500.0,Black,2996.0,Automatic,5.0,535000000.0,Petrol,10.0
Hummer,H3,2010.0,47500.0,Black,3653.0,Automatic,5.0,975000000.0,Petrol,15.0
Mercedes,Benz,2013.0,17500.0,Black,1796.0,Automatic,2.0,525000000.0,Petrol,12.0
Honda,Hr,2021.0,42500.0,White,1497.0,Automatic,5.0,229000000.0,Petrol,4.0
Toyota,Veloz,2022.0,62500.0,Black,1496.0,Automatic,7.0,225000000.0,Petrol,3.0
Mercedes,Benz,2022.0,7500.0,Black,1332.0,Automatic,5.0,540000000.0,Petrol,3.0
Toyota,Avanza,2020.0,47500.0,Silver,1496.0,Manual,7.0,165000000.0,Petrol,5.0
Daihatsu,Terios,2017.0,72500.0,White,1496.0,Automatic,7.0,160000000.0,Petrol,8.0
Honda,Cr,2020.0,32500.0,White,1498.0,Automatic,5.0,375000000.0,Petrol,5.0
Toyota,Alphard,2005.0,122500.0,Black,2994.0,Automatic,7.0,99000000.0,Petrol,20.0
Toyota,Voxy,2024.0,2500.0,Black,1986.0,Automatic,7.0,535000000.0,Petrol,1.0
Toyota,Voxy,2024.0,2500.0,White,1986.0,Automatic,7.0,535000000.0,Petrol,1.0
Lexus,Nx,2019.0,47500.0,Grey,1998.0,Automatic,5.0,550000000.0,Petrol,6.0
Wuling,Almaz,2019.0,32500.0,Grey,1451.0,Automatic,5.0,159000000.0,Petrol,6.0
Toyota,Harrier,2000.0,222500.0,Brown,2994.0,Automatic,5.0,69000000.0,Petrol,25.0
Mercedes,Benz,2022.0,17500.0,White,1496.0,Automatic,5.0,695000000.0,Petrol,3.0
Mercedes,Benz,2022.0,12500.0,Grey,1332.0,Automatic,7.0,615000000.0,Petrol,3.0
Mercedes,Benz,2020.0,17500.0,Black,1332.0,Automatic,5.0,666000000.0,Petrol,5.0
Toyota,Alphard,2019.0,15000.0,White,2494.0,Automatic,7.0,795000000.0,Petrol,6.0
Toyota,Alphard,2017.0,42500.0,Black,2494.0,Automatic,7.0,650000000.0,Petrol,8.0
Toyota,Land,2024.0,2500.0,Black,3346.0,Automatic,5.0,2290000000.0,Diesel,1.0
Honda,Hr,2022.0,37500.0,White,1498.0,Automatic,5.0,340000000.0,Petrol,3.0
Toyota,Alphard,2024.0,3000.0,Black,2500.0,Automatic,7.0,1485000000.0,Hybrid,1.0
Mini,Cooper,2012.0,17500.0,Red,1600.0,Automatic,4.0,325000000.0,Petrol,13.0
Mercedes,Benz,2023.0,17500.0,Black,2999.0,Automatic,7.0,1695000000.0,Petrol,2.0
Toyota,Alphard,2022.0,13000.0,Black,2494.0,Automatic,7.0,1050000000.0,Petrol,3.0
Lexus,Lm,2023.0,16477.0,Black,3456.0,Automatic,7.0,1525000000.0,Petrol,2.0
Chery,Omoda,2023.0,7500.0,Grey,1498.0,Automatic,5.0,277000000.0,Petrol,2.0
Bmw,318I,2002.0,147500.0,Silver,1995.0,Automatic,5.0,135000000.0,Petrol,23.0
Honda,Jazz,2012.0,87500.0,White,1497.0,Automatic,5.0,165000000.0,Petrol,13.0
Toyota,Alphard,2024.0,2500.0,White,2500.0,Automatic,7.0,1425000000.0,Petrol,1.0
Hyundai,Creta,2022.0,22500.0,Grey,1497.0,Automatic,5.0,251000000.0,Petrol,3.0
Bmw,740Li,2018.0,13000.0,Black,2998.0,Automatic,5.0,875000000.0,Petrol,7.0
Toyota,Alphard,2020.0,23000.0,Black,2494.0,Automatic,7.0,925000000.0,Petrol,5.0
Hyundai,Palisade,2021.0,57500.0,Blue,2199.0,Automatic,7.0,580000000.0,Diesel,4.0
Toyota,Land,2022.0,11000.0,Black,3346.0,Automatic,7.0,2175000000.0,Diesel,3.0
Lexus,Lm,2020.0,28000.0,Black,3456.0,Automatic,7.0,1225000000.0,Petrol,5.0
Land,Rover,2023.0,4996.0,Green,2996.0,Automatic,5.0,3075000000.0,Petrol,2.0
Mercedes,Benz,2017.0,14972.0,Grey,2996.0,Automatic,5.0,945000000.0,Petrol,8.0
Toyota,Kijang,2023.0,20000.0,White,1998.0,Automatic,7.0,520000000.0,Petrol,2.0
Nissan,X,2015.0,162000.0,White,2488.0,Automatic,7.0,155000000.0,Petrol,10.0
Toyota,Alphard,2010.0,142500.0,Grey,2362.0,Automatic,7.0,199000000.0,Petrol,15.0
Mitsubishi,Xpander,2017.0,82000.0,Silver,1499.0,Automatic,7.0,180000000.0,Petrol,8.0
Honda,Brio,2021.0,47500.0,Red,1199.0,Automatic,5.0,153000000.0,Petrol,4.0
Suzuki,Ertiga,2017.0,102500.0,Red,1373.0,Automatic,7.0,144000000.0,Petrol,8.0
Toyota,Avanza,2012.0,152500.0,Silver,1495.0,Manual,7.0,110000000.0,Petrol,13.0
Honda,Hr,2020.0,42500.0,Grey,1497.0,Automatic,5.0,243000000.0,Petrol,5.0
Jeep,Wrangler,2023.0,22500.0,Red,1995.0,Automatic,4.0,1600000000.0,Petrol,2.0
Toyota,Kijang,2024.0,32500.0,Black,1987.0,Automatic,8.0,545000000.0,Hybrid,1.0
Toyota,Corolla,2023.0,37500.0,White,1798.0,Automatic,5.0,415000000.0,Hybrid,2.0
Honda,City,2022.0,17500.0,White,1498.0,Automatic,5.0,265000000.0,Petrol,3.0
Honda,City,2021.0,42500.0,White,1498.0,Automatic,5.0,225000000.0,Petrol,4.0
Toyota,Alphard,2023.0,17500.0,Black,2494.0,Automatic,7.0,975000000.0,Petrol,2.0
Toyota,Fortuner,2023.0,17500.0,Silver,2755.0,Automatic,7.0,547000000.0,Diesel,2.0
Honda,Cr,2022.0,42500.0,White,1498.0,Automatic,5.0,445000000.0,Petrol,3.0
Toyota,Veloz,2022.0,57500.0,White,1496.0,Automatic,7.0,219000000.0,Petrol,3.0
Honda,Brio,2021.0,22500.0,Silver,1199.0,Automatic,5.0,148000000.0,Petrol,4.0
Mitsubishi,Pajero,2022.0,12000.0,White,2442.0,Automatic,7.0,575000000.0,Diesel,3.0
Mercedes,Benz,2011.0,142500.0,Black,2996.0,Automatic,5.0,219000000.0,Petrol,14.0
Gwm,Tank,2024.0,7500.0,Grey,1998.0,Automatic,7.0,985000000.0,Petrol,1.0
Lexus,Rx,2023.0,12500.0,Blue,2400.0,Automatic,5.0,1900000000.0,Hybrid,2.0
Bmw,X1,2023.0,7500.0,Black,1499.0,Automatic,5.0,745000000.0,Petrol,2.0
Daihatsu,Gran,2020.0,47500.0,Grey,1298.0,Manual,9.0,125000000.0,Petrol,5.0
Toyota,Alphard,2011.0,97500.0,Black,2362.0,Automatic,7.0,290000000.0,Petrol,14.0
Toyota,Kijang,2023.0,32500.0,Black,1998.0,Automatic,7.0,575000000.0,Hybrid,2.0
Toyota,Kijang,2023.0,27500.0,White,1998.0,Automatic,7.0,415000000.0,Petrol,2.0
Mercedes,Benz,2023.0,2500.0,Black,2999.0,Automatic,7.0,1575000000.0,Petrol,2.0
Lexus,Rx,2023.0,17500.0,Grey,2500.0,Automatic,5.0,1350000000.0,Hybrid,2.0
Toyota,Fortuner,2022.0,52500.0,Silver,2755.0,Automatic,7.0,479000000.0,Diesel,3.0
Mercedes,Benz,2018.0,7500.0,White,1991.0,Automatic,5.0,425000000.0,Petrol,7.0
Toyota,Kijang,2024.0,22500.0,White,1987.0,Automatic,8.0,541000000.0,Petrol,1.0
Jaguar,S,2000.0,92500.0,Grey,2967.0,Automatic,5.0,165000000.0,Petrol,25.0
Mercedes,Benz,2023.0,12500.0,Black,2999.0,Automatic,7.0,1695000000.0,Petrol,2.0
Bmw,218I,2023.0,17500.0,Blue,1499.0,Automatic,5.0,629000000.0,Petrol,2.0
Bmw,530I,2018.0,32500.0,Blue,1998.0,Automatic,5.0,609000000.0,Petrol,7.0
Isuzu,Panther,2010.0,152500.0,Silver,2499.0,Manual,7.0,100000000.0,Diesel,15.0
Mazda,Biante,2015.0,87500.0,Black,1997.0,Automatic,7.0,140000000.0,Petrol,10.0
Nissan,Kicks,2020.0,32500.0,Orange,1198.0,Automatic,5.0,260000000.0,Petrol,5.0
Hyundai,Creta,2023.0,2500.0,Black,1497.0,Automatic,5.0,303000000.0,Petrol,2.0
Honda,Br,2017.0,107500.0,Silver,1497.0,Automatic,7.0,145000000.0,Petrol,8.0
Suzuki,Grand,2023.0,22500.0,Grey,1462.0,Automatic,5.0,303000000.0,Hybrid,2.0
Bmw,320I,2020.0,22500.0,Blue,1995.0,Automatic,5.0,496000000.0,Petrol,5.0
Toyota,Alphard,2017.0,32500.0,White,2494.0,Automatic,7.0,639000000.0,Petrol,8.0
Lexus,Nx,2014.0,72500.0,Black,1998.0,Automatic,5.0,425000000.0,Petrol,11.0
Mazda,Mx,2012.0,42500.0,White,1999.0,Automatic,2.0,395000000.0,Petrol,13.0
Mazda,Cx,2017.0,47500.0,White,2488.0,Automatic,5.0,305000000.0,Petrol,8.0
Toyota,Voxy,2023.0,22000.0,White,1986.0,Automatic,7.0,470000000.0,Petrol,2.0
Toyota,Alphard,2019.0,26000.0,White,2494.0,Automatic,7.0,785000000.0,Petrol,6.0
Toyota,Vellfire,2023.0,7500.0,Black,2494.0,Automatic,7.0,990000000.0,Petrol,2.0
Mitsubishi,Pajero,2017.0,162500.0,Black,2442.0,Automatic,7.0,339000000.0,Diesel,8.0
Toyota,Fortuner,2013.0,67500.0,Black,2494.0,Automatic,7.0,249000000.0,Diesel,12.0
Toyota,Veloz,2022.0,27500.0,White,1496.0,Automatic,7.0,229000000.0,Petrol,3.0
Toyota,Alphard,2012.0,97500.0,White,2362.0,Automatic,7.0,210000000.0,Petrol,13.0
Toyota,Fortuner,2019.0,92500.0,Black,2393.0,Automatic,7.0,369000000.0,Diesel,6.0
Lexus,Ux,2019.0,22500.0,White,1987.0,Automatic,5.0,536000000.0,Petrol,6.0
Toyota,Veloz,2022.0,22500.0,Black,1496.0,Automatic,7.0,239000000.0,Petrol,3.0
Toyota,Land,2012.0,52500.0,Black,4461.0,Automatic,8.0,925000000.0,Diesel,13.0
Bmw,330I,2023.0,12500.0,White,1998.0,Automatic,5.0,850000000.0,Petrol,2.0
Mercedes,Benz,2015.0,7500.0,Black,2143.0,Manual,14.0,795000000.0,Diesel,10.0
Mercedes,Benz,2023.0,7500.0,White,1999.0,Automatic,5.0,925000000.0,Petrol,2.0
Hyundai,Stargazer,2024.0,17500.0,White,1497.0,Automatic,7.0,242000000.0,Petrol,1.0
Toyota,Kijang,2022.0,37500.0,White,2393.0,Automatic,8.0,450000000.0,Petrol,3.0
Honda,Cr,2021.0,42500.0,Silver,1498.0,Automatic,5.0,399000000.0,Petrol,4.0
Mercedes,Benz,2021.0,7500.0,White,1332.0,Automatic,7.0,598000000.0,Petrol,4.0
Nissan,Serena,2019.0,75000.0,Black,1997.0,Automatic,7.0,275000000.0,Petrol,6.0
Mitsubishi,Pajero,2018.0,82500.0,Black,2442.0,Automatic,7.0,378000000.0,Diesel,7.0
Chery,Omoda,2023.0,12500.0,Grey,1498.0,Automatic,5.0,279000000.0,Petrol,2.0
Mazda,3,2019.0,32500.0,Black,1998.0,Automatic,5.0,350000000.0,Petrol,6.0
Suzuki,Ertiga,2023.0,22500.0,Black,1462.0,Automatic,7.0,225000000.0,Hybrid,2.0
Daihatsu,Xenia,2019.0,32500.0,Grey,1329.0,Manual,7.0,145000000.0,Petrol,6.0
Honda,Hr,2015.0,82500.0,Black,1799.0,Automatic,5.0,189000000.0,Petrol,10.0
Toyota,Voxy,2022.0,27500.0,Black,1986.0,Automatic,7.0,455000000.0,Petrol,3.0
Suzuki,Ertiga,2022.0,32500.0,White,1462.0,Automatic,7.0,209000000.0,Hybrid,3.0
Daihatsu,Gran,2019.0,12500.0,Silver,1495.0,Manual,9.0,129000000.0,Petrol,6.0
Toyota,Alphard,2015.0,122500.0,Black,2494.0,Automatic,7.0,475000000.0,Petrol,10.0
Mercedes,Benz,2017.0,57500.0,Red,1595.0,Automatic,5.0,335000000.0,Petrol,8.0
Mitsubishi,Xpander,2023.0,12500.0,White,1499.0,Automatic,7.0,282000000.0,Petrol,2.0
Toyota,Alphard,2022.0,32500.0,White,2494.0,Automatic,7.0,955000000.0,Petrol,3.0
Suzuki,Xl7,2023.0,32500.0,Brown,1500.0,Automatic,7.0,223000000.0,Petrol,2.0
Mazda,Cx,2022.0,17500.0,Red,2488.0,Automatic,5.0,479000000.0,Petrol,3.0
Toyota,Raize,2022.0,32500.0,Black,1198.0,Automatic,5.0,178000000.0,Petrol,3.0
Honda,City,2023.0,2500.0,Grey,1498.0,Automatic,5.0,260000000.0,Petrol,2.0
Mitsubishi,Pajero,2022.0,32500.0,Black,2442.0,Automatic,7.0,489000000.0,Diesel,3.0
Toyota,Fortuner,2021.0,72500.0,Silver,2393.0,Automatic,7.0,435000000.0,Diesel,4.0
Daihatsu,Rocky,2024.0,12500.0,Black,1198.0,Manual,5.0,175000000.0,Petrol,1.0
Wuling,Cortez,2022.0,42500.0,Silver,1451.0,Automatic,7.0,179000000.0,Petrol,3.0
Toyota,Raize,2022.0,12500.0,Blue,998.0,Automatic,5.0,199000000.0,Petrol,3.0
Bmw,320I,2018.0,32500.0,Black,1995.0,Automatic,5.0,343000000.0,Petrol,7.0
Mercedes,Benz,2021.0,22500.0,Black,1991.0,Automatic,5.0,825000000.0,Petrol,4.0
Toyota,Kijang,2021.0,42500.0,Black,2393.0,Automatic,7.0,455000000.0,Diesel,4.0
Volkswagen,Polo,2017.0,62500.0,Red,1197.0,Automatic,5.0,147000000.0,Petrol,8.0
Bmw,X1,2018.0,32500.0,Blue,1499.0,Automatic,5.0,325000000.0,Petrol,7.0
Bmw,530I,2018.0,27500.0,Black,1998.0,Automatic,5.0,485000000.0,Petrol,7.0
Bmw,X5,2019.0,2500.0,Black,2998.0,Automatic,5.0,860000000.0,Petrol,6.0
Hyundai,Palisade,2023.0,2500.0,Black,2199.0,Automatic,7.0,840000000.0,Diesel,2.0
Lexus,Rx,2023.0,2500.0,White,2500.0,Automatic,5.0,1475000000.0,Hybrid,2.0
Toyota,Alphard,2022.0,7500.0,Black,2494.0,Automatic,7.0,1020000000.0,Petrol,3.0
Toyota,Land,2022.0,7500.0,Black,3346.0,Automatic,7.0,2050000000.0,Diesel,3.0
Mercedes,Benz,2012.0,132500.0,White,1796.0,Automatic,5.0,179000000.0,Petrol,13.0
Honda,Hr,2017.0,112500.0,White,1497.0,Automatic,5.0,189000000.0,Petrol,8.0
Toyota,Fortuner,2018.0,94000.0,Black,2393.0,Automatic,7.0,385000000.0,Diesel,7.0
Toyota,Vellfire,2021.0,17500.0,Black,2494.0,Automatic,7.0,865000000.0,Petrol,4.0
Mazda,3,2019.0,52500.0,Black,1998.0,Automatic,5.0,355000000.0,Petrol,6.0
Bmw,X1,2022.0,17500.0,White,1499.0,Automatic,5.0,550000000.0,Petrol,3.0
Mercedes,Benz,2016.0,17500.0,Black,1595.0,Automatic,5.0,335000000.0,Petrol,9.0
Bmw,X5,2014.0,77500.0,White,2979.0,Automatic,5.0,369000000.0,Petrol,11.0
Mercedes,Benz,2016.0,97500.0,Black,1991.0,Automatic,5.0,439000000.0,Petrol,9.0
Mercedes,Benz,2011.0,132500.0,Silver,1796.0,Automatic,5.0,159000000.0,Petrol,14.0
Mercedes,Benz,2013.0,27500.0,Black,4663.0,Automatic,7.0,560000000.0,Petrol,12.0
Bmw,X3,2023.0,2500.0,White,1998.0,Automatic,5.0,887000000.0,Petrol,2.0
Mercedes,Benz,2019.0,32500.0,White,1991.0,Automatic,5.0,556000000.0,Petrol,6.0
Porsche,Macan,2014.0,17500.0,White,1984.0,Automatic,5.0,626000000.0,Petrol,11.0
Mercedes,Benz,2019.0,17500.0,Red,1332.0,Automatic,5.0,620000000.0,Petrol,6.0
Mitsubishi,Pajero,2023.0,2500.0,White,2442.0,Automatic,7.0,550000000.0,Diesel,2.0
Mercedes,Benz,2021.0,2500.0,White,1332.0,Automatic,5.0,720000000.0,Petrol,4.0
Toyota,Kijang,2024.0,2500.0,Black,1987.0,Automatic,8.0,490000000.0,Petrol,1.0
Wuling,Cortez,2018.0,37500.0,Brown,1798.0,Automatic,7.0,138000000.0,Petrol,7.0
Toyota,Alphard,2021.0,7500.0,White,2494.0,Automatic,7.0,935000000.0,Petrol,4.0
Mitsubishi,Pajero,2022.0,7500.0,Black,2442.0,Automatic,7.0,495000000.0,Diesel,3.0
Bmw,X1,2022.0,7500.0,Black,1499.0,Automatic,5.0,560000000.0,Petrol,3.0
Bmw,520I,2016.0,7500.0,Black,1997.0,Automatic,5.0,360000000.0,Petrol,9.0
Mazda,2,2020.0,37500.0,Red,1496.0,Automatic,5.0,209000000.0,Petrol,5.0
Toyota,Etios,2014.0,97500.0,White,1197.0,Manual,5.0,89000000.0,Petrol,11.0
Mazda,Cx,2016.0,132500.0,Red,2488.0,Automatic,5.0,190000000.0,Petrol,9.0
Honda,Brio,2023.0,7500.0,Grey,1199.0,Automatic,5.0,195000000.0,Petrol,2.0
Toyota,Kijang,2024.0,2500.0,Black,1987.0,Automatic,8.0,380000000.0,Petrol,1.0
Toyota,Land,2023.0,7500.0,Black,3346.0,Automatic,7.0,2275000000.0,Diesel,2.0
Mercedes,Benz,2019.0,22500.0,Black,2996.0,Automatic,5.0,790000000.0,Petrol,6.0
Mercedes,Benz,2023.0,2500.0,White,2999.0,Automatic,5.0,2195000000.0,Petrol,2.0
Honda,City,2023.0,22500.0,Black,1498.0,Automatic,5.0,254000000.0,Petrol,2.0
Hyundai,Creta,2022.0,22500.0,Black,1497.0,Automatic,5.0,251000000.0,Petrol,3.0
Honda,Hr,2021.0,32500.0,Grey,1497.0,Automatic,5.0,225000000.0,Petrol,4.0
Toyota,Avanza,2024.0,2500.0,White,1496.0,Automatic,7.0,229000000.0,Petrol,1.0
Mitsubishi,Pajero,2023.0,47500.0,Black,2442.0,Automatic,7.0,585000000.0,Diesel,2.0
Honda,Brio,2024.0,2500.0,Black,1199.0,Automatic,5.0,175000000.0,Petrol,1.0
Mitsubishi,Pajero,2017.0,77500.0,White,2442.0,Automatic,7.0,375000000.0,Diesel,8.0
Toyota,Raize,2022.0,32500.0,Black,1198.0,Automatic,5.0,179000000.0,Petrol,3.0
Mitsubishi,Pajero,2017.0,107500.0,Black,2442.0,Automatic,7.0,355000000.0,Diesel,8.0
Toyota,Avanza,2021.0,27500.0,Black,1496.0,Automatic,7.0,189000000.0,Petrol,4.0
Toyota,Avanza,2024.0,2500.0,Black,1496.0,Automatic,7.0,229000000.0,Petrol,1.0
Daihatsu,Terios,2019.0,47500.0,White,1496.0,Automatic,7.0,188000000.0,Petrol,6.0
Kia,Carens,2024.0,12500.0,Grey,1497.0,Automatic,7.0,320000000.0,Petrol,1.0
Toyota,Kijang,2024.0,2500.0,Black,2393.0,Automatic,8.0,395000000.0,Diesel,1.0
Mitsubishi,Xpander,2021.0,47500.0,White,1499.0,Automatic,7.0,225000000.0,Petrol,4.0
Toyota,Voxy,2024.0,7500.0,White,1986.0,Automatic,7.0,499000000.0,Petrol,1.0
Toyota,Raize,2022.0,57500.0,Blue,998.0,Automatic,5.0,195000000.0,Petrol,3.0
Honda,Odyssey,2014.0,112500.0,Silver,2354.0,Automatic,7.0,199000000.0,Petrol,11.0
Mazda,Cx,2017.0,52500.0,Black,1998.0,Automatic,5.0,235000000.0,Petrol,8.0
Lexus,Lm,2022.0,22500.0,Black,3456.0,Automatic,7.0,2895000000.0,Petrol,3.0
Bmw,530I,2018.0,17500.0,Black,1998.0,Automatic,5.0,499000000.0,Petrol,7.0
Honda,Cr,2019.0,82500.0,Black,1498.0,Automatic,5.0,362000000.0,Petrol,6.0
Toyota,Alphard,2012.0,87500.0,Silver,2362.0,Automatic,7.0,249000000.0,Petrol,13.0
Toyota,Land,2005.0,102500.0,Black,4663.0,Automatic,7.0,420000000.0,Petrol,20.0
Lexus,Rx,2017.0,47500.0,Black,1998.0,Automatic,5.0,557000000.0,Petrol,8.0
Toyota,Raize,2022.0,37500.0,Red,998.0,Automatic,5.0,209000000.0,Petrol,3.0
Mazda,Cx,2022.0,32500.0,Grey,2488.0,Automatic,5.0,465000000.0,Petrol,3.0
Hyundai,Creta,2022.0,57500.0,Red,1497.0,Automatic,5.0,229000000.0,Petrol,3.0
Honda,Br,2023.0,32500.0,Black,1498.0,Automatic,7.0,245000000.0,Petrol,2.0
Honda,Hr,2022.0,37500.0,Silver,1498.0,Automatic,5.0,312000000.0,Petrol,3.0
Hyundai,Creta,2022.0,7500.0,Grey,1497.0,Automatic,5.0,289000000.0,Petrol,3.0
Mercedes,Benz,2019.0,17500.0,Black,1991.0,Automatic,5.0,585000000.0,Petrol,6.0
Bmw,X1,2023.0,2500.0,Black,1499.0,Automatic,5.0,760000000.0,Petrol,2.0
Hyundai,Stargazer,2023.0,12500.0,Black,1497.0,Automatic,7.0,207000000.0,Petrol,2.0
Bmw,X3,2022.0,7500.0,Black,1998.0,Automatic,5.0,879000000.0,Petrol,3.0
Mercedes,Benz,2016.0,82500.0,White,1596.0,Automatic,5.0,389000000.0,Petrol,9.0
Hyundai,Palisade,2021.0,27500.0,Blue,2199.0,Automatic,7.0,665000000.0,Diesel,4.0
Mitsubishi,Pajero,2015.0,102500.0,White,2477.0,Automatic,7.0,220000000.0,Diesel,10.0
Mazda,Mx,2024.0,2500.0,Grey,1998.0,Automatic,2.0,750000000.0,Petrol,1.0
Mercedes,Benz,2018.0,12500.0,Black,2143.0,Manual,14.0,950000000.0,Diesel,7.0
Mercedes,Benz,2018.0,7500.0,Black,2143.0,Manual,14.0,975000000.0,Diesel,7.0
Toyota,Alphard,2022.0,2500.0,Black,2494.0,Automatic,7.0,1050000000.0,Petrol,3.0
Mercedes,Benz,2022.0,12500.0,White,1991.0,Automatic,7.0,845000000.0,Petrol,3.0
Toyota,Kijang,2022.0,37500.0,Silver,1998.0,Automatic,8.0,303000000.0,Diesel,3.0
Toyota,Kijang,2023.0,27500.0,White,1998.0,Automatic,7.0,495000000.0,Hybrid,2.0
Toyota,Kijang,2023.0,32500.0,White,1998.0,Automatic,7.0,495000000.0,Petrol,2.0
Toyota,Gr,2020.0,7500.0,Grey,2998.0,Automatic,2.0,1635000000.0,Petrol,5.0
Mercedes,Benz,2018.0,12500.0,Black,2999.0,Automatic,5.0,875000000.0,Petrol,7.0
Toyota,Kijang,2021.0,27500.0,Silver,1998.0,Automatic,8.0,292000000.0,Petrol,4.0
Honda,Jazz,2012.0,97500.0,Black,1497.0,Automatic,5.0,145000000.0,Petrol,13.0
Toyota,Avanza,2017.0,52500.0,Black,1329.0,Automatic,7.0,145000000.0,Petrol,8.0
Toyota,Land,2023.0,2500.0,Black,3346.0,Automatic,7.0,2195000000.0,Diesel,2.0
Toyota,Land,2022.0,17500.0,Black,3346.0,Automatic,7.0,2050000000.0,Diesel,3.0
Toyota,Land,2023.0,7500.0,Black,3346.0,Automatic,7.0,2250000000.0,Diesel,2.0
Lexus,Lm,2021.0,22500.0,White,3456.0,Automatic,7.0,1350000000.0,Petrol,4.0
Lexus,Lm,2021.0,12500.0,White,3456.0,Automatic,7.0,1395000000.0,Petrol,4.0
Lexus,Lm,2024.0,12500.0,Black,2487.0,Automatic,7.0,1925000000.0,Hybrid,1.0
Porsche,Boxster,2014.0,7500.0,White,2706.0,Automatic,2.0,1275000000.0,Petrol,11.0
Bmw,M3,2022.0,7500.0,Grey,2979.0,Automatic,5.0,1750000000.0,Petrol,3.0
Mercedes,Benz,2021.0,37500.0,Black,1991.0,Automatic,7.0,750000000.0,Petrol,4.0
Mercedes,Benz,2022.0,7500.0,White,1991.0,Automatic,5.0,1090000000.0,Petrol,3.0
Land,Rover,2021.0,7500.0,Grey,1997.0,Automatic,5.0,2150000000.0,Petrol,4.0
Mercedes,Benz,2017.0,17500.0,White,2996.0,Automatic,5.0,650000000.0,Petrol,8.0
Toyota,Land,2024.0,7500.0,Black,3346.0,Automatic,5.0,2290000000.0,Diesel,1.0
Daihatsu,Ayla,2016.0,67500.0,Grey,998.0,Manual,5.0,75000000.0,Petrol,9.0
Mercedes,Benz,2023.0,2500.0,Black,1991.0,Automatic,5.0,1025000000.0,Petrol,2.0
Bmw,430I,2023.0,2500.0,Green,1998.0,Automatic,4.0,1250000000.0,Petrol,2.0
Mercedes,Benz,2019.0,12500.0,Grey,1991.0,Automatic,5.0,990000000.0,Petrol,6.0
Mercedes,Benz,2020.0,12500.0,Black,1991.0,Automatic,5.0,625000000.0,Petrol,5.0
Mini,Cooper,2022.0,7500.0,Blue,1998.0,Automatic,4.0,705000000.0,Petrol,3.0
Mercedes,Benz,2019.0,7500.0,White,1991.0,Automatic,4.0,1095000000.0,Petrol,6.0
Mitsubishi,Xpander,2022.0,23000.0,White,1499.0,Automatic,7.0,245000000.0,Petrol,3.0
Mercedes,Benz,2015.0,12500.0,White,1991.0,Automatic,4.0,850000000.0,Petrol,10.0
Bmw,X5,2023.0,2500.0,Blue,2998.0,Automatic,5.0,1190000000.0,Petrol,2.0
Toyota,Avanza,2018.0,52500.0,Silver,1329.0,Automatic,7.0,123000000.0,Petrol,7.0
Mercedes,Benz,2018.0,42500.0,Silver,1332.0,Automatic,5.0,425000000.0,Petrol,7.0
Toyota,Yaris,2016.0,53000.0,White,1497.0,Automatic,5.0,160000000.0,Petrol,9.0
Hyundai,Palisade,2023.0,27500.0,Black,2199.0,Automatic,7.0,775000000.0,Diesel,2.0
Mercedes,Benz,2018.0,17500.0,Black,1991.0,Automatic,5.0,825000000.0,Petrol,7.0
Porsche,Cayman,2015.0,7500.0,Red,3436.0,Automatic,2.0,2500000000.0,Petrol,10.0
Bmw,320I,2022.0,7500.0,Black,1995.0,Automatic,5.0,625000000.0,Petrol,3.0
Toyota,Kijang,2023.0,32500.0,White,1998.0,Automatic,7.0,509000000.0,Petrol,2.0
Toyota,Kijang,2023.0,27500.0,White,1998.0,Automatic,7.0,509000000.0,Hybrid,2.0
Honda,Hr,2022.0,22500.0,White,1498.0,Automatic,5.0,295000000.0,Petrol,3.0
Mercedes,Benz,2018.0,42500.0,Black,2143.0,Manual,14.0,2000000000.0,Diesel,7.0
Mclaren,570S,2016.0,12500.0,Grey,3799.0,Automatic,2.0,4890000000.0,Petrol,9.0
Toyota,Alphard,2021.0,7500.0,White,2494.0,Automatic,7.0,995000000.0,Petrol,4.0
Toyota,Vellfire,2022.0,17500.0,Black,2494.0,Automatic,7.0,980000000.0,Petrol,3.0
Toyota,Land,2020.0,77500.0,Black,4461.0,Automatic,8.0,1750000000.0,Diesel,5.0
Lexus,Es,2021.0,7500.0,Silver,2487.0,Automatic,5.0,885000000.0,Hybrid,4.0
Nissan,Serena,2019.0,57500.0,White,1997.0,Automatic,7.0,269000000.0,Petrol,6.0
Toyota,Avanza,2019.0,62500.0,Silver,1329.0,Automatic,7.0,147000000.0,Petrol,6.0
Toyota,Fortuner,2014.0,155000.0,White,2494.0,Manual,7.0,255000000.0,Diesel,11.0
Toyota,Yaris,2015.0,79000.0,Silver,1497.0,Automatic,5.0,140000000.0,Petrol,10.0
Lexus,Es,2013.0,122500.0,Black,2494.0,Automatic,5.0,299000000.0,Petrol,12.0
Lexus,Rx,2011.0,97500.0,Black,2671.0,Automatic,5.0,269000000.0,Petrol,14.0
Mini,Countryman,2019.0,32500.0,Silver,1499.0,Automatic,5.0,454000000.0,Petrol,6.0
Mazda,Cx,2020.0,27500.0,Red,2488.0,Automatic,7.0,383000000.0,Petrol,5.0
Lexus,Es,2019.0,42500.0,Black,2487.0,Automatic,5.0,589000000.0,Petrol,6.0
Honda,Hr,2015.0,77500.0,White,1497.0,Automatic,5.0,178000000.0,Petrol,10.0
Mercedes,Benz,2022.0,22500.0,White,2999.0,Automatic,7.0,1125000000.0,Petrol,3.0
Mini,Cabrio,2020.0,7500.0,Blue,1998.0,Automatic,4.0,760000000.0,Petrol,5.0
Mini,Cooper,2016.0,22500.0,Orange,1500.0,Automatic,4.0,375000000.0,Petrol,9.0
Toyota,Kijang,2023.0,12500.0,Black,1998.0,Manual,8.0,289000000.0,Petrol,2.0
Bmw,530I,2019.0,22500.0,Black,1998.0,Automatic,5.0,655000000.0,Petrol,6.0
Bmw,M3,2021.0,7500.0,Blue,2979.0,Automatic,5.0,1599000000.0,Petrol,4.0
Toyota,Rush,2014.0,142500.0,White,1495.0,Automatic,5.0,149000000.0,Petrol,11.0
Lexus,Rx,2023.0,2500.0,White,2500.0,Automatic,5.0,1425000000.0,Hybrid,2.0
Mini,Countryman,2019.0,37500.0,Silver,1499.0,Automatic,5.0,471000000.0,Petrol,6.0
Mercedes,Benz,2023.0,2500.0,White,1999.0,Automatic,5.0,920000000.0,Petrol,2.0
Mercedes,Benz,2019.0,2500.0,Black,2999.0,Automatic,5.0,1225000000.0,Petrol,6.0
Lexus,Rx,2023.0,17500.0,Grey,2500.0,Automatic,5.0,1295000000.0,Hybrid,2.0
Mercedes,Benz,2022.0,7500.0,Grey,1999.0,Automatic,5.0,850000000.0,Petrol,3.0
Mercedes,Benz,2022.0,2500.0,Black,1332.0,Automatic,7.0,645000000.0,Petrol,3.0
Toyota,Alphard,2021.0,2500.0,Black,2494.0,Automatic,7.0,1025000000.0,Petrol,4.0
Toyota,Avanza,2017.0,95000.0,Silver,1329.0,Manual,7.0,115000000.0,Petrol,8.0
Mercedes,Benz,2018.0,27500.0,Black,1991.0,Automatic,5.0,499000000.0,Petrol,7.0
Suzuki,Jimny,2024.0,2500.0,White,1462.0,Automatic,4.0,465000000.0,Petrol,1.0
Mercedes,Benz,2017.0,7500.0,Blue,1991.0,Automatic,5.0,575000000.0,Petrol,8.0
Lexus,Lm,2024.0,17500.0,Black,2487.0,Automatic,7.0,1950000000.0,Hybrid,1.0
Mercedes,Benz,2018.0,37500.0,Black,1991.0,Automatic,5.0,499000000.0,Petrol,7.0
Nissan,Serena,2017.0,77500.0,Grey,1997.0,Automatic,7.0,192000009.0,Petrol,8.0
Porsche,Macan,2014.0,27500.0,Black,1984.0,Automatic,5.0,635000000.0,Petrol,11.0
Lexus,Lm,2024.0,2500.0,Black,2487.0,Automatic,7.0,2210000000.0,Hybrid,1.0
Bmw,218I,2015.0,32500.0,Red,1499.0,Automatic,5.0,218000000.0,Petrol,10.0
Nissan,X,2015.0,82500.0,White,2488.0,Automatic,7.0,165000000.0,Petrol,10.0
Suzuki,Carry,2023.0,12500.0,Grey,1500.0,Manual,3.0,127000000.0,Petrol,2.0
Bmw,520I,2013.0,52500.0,Black,1997.0,Automatic,5.0,215000000.0,Petrol,12.0
Mini,Countryman,2023.0,7500.0,White,1998.0,Automatic,5.0,745000000.0,Petrol,2.0
Lexus,Rx,2021.0,2500.0,Grey,1998.0,Automatic,5.0,995000000.0,Petrol,4.0
Mercedes,Benz,2018.0,7500.0,Black,2999.0,Automatic,5.0,975000000.0,Petrol,7.0
Toyota,Voxy,2022.0,54000.0,White,1986.0,Automatic,7.0,455000000.0,Petrol,3.0
Toyota,Voxy,2018.0,72000.0,White,1986.0,Automatic,7.0,305000000.0,Petrol,7.0
Toyota,Kijang,2022.0,33000.0,White,1998.0,Automatic,8.0,295000000.0,Petrol,3.0
Nissan,Livina,2019.0,47500.0,Silver,1499.0,Automatic,7.0,162000000.0,Petrol,6.0
Honda,Cr,2019.0,77500.0,Black,1498.0,Automatic,5.0,346000000.0,Petrol,6.0
Bmw,320I,2016.0,62000.0,White,1995.0,Automatic,5.0,350000000.0,Petrol,9.0
Honda,Hr,2021.0,65000.0,Black,1799.0,Automatic,5.0,285000000.0,Petrol,4.0
Mercedes,Benz,2022.0,7500.0,White,1991.0,Automatic,7.0,880000000.0,Petrol,3.0
Toyota,Kijang,2022.0,27500.0,Black,2393.0,Automatic,7.0,489000000.0,Diesel,3.0
Volkswagen,Polo,2016.0,62500.0,White,1197.0,Automatic,5.0,129000000.0,Petrol,9.0
Mercedes,Benz,2018.0,22500.0,Black,1991.0,Automatic,5.0,488000000.0,Petrol,7.0
Mercedes,Benz,2021.0,2500.0,Black,1332.0,Automatic,7.0,645000000.0,Petrol,4.0
Mini,Countryman,2013.0,77500.0,Black,1598.0,Automatic,5.0,349000000.0,Petrol,12.0
Hyundai,Stargazer,2023.0,2500.0,Red,1497.0,Automatic,7.0,221000000.0,Petrol,2.0
Toyota,Fortuner,2019.0,92500.0,Black,2393.0,Automatic,7.0,343000000.0,Diesel,6.0
Suzuki,Ertiga,2023.0,42500.0,Black,1462.0,Manual,7.0,168000000.0,Hybrid,2.0
Porsche,Macan,2017.0,27500.0,White,1984.0,Automatic,5.0,795000000.0,Petrol,8.0
Lexus,Lx,2021.0,32500.0,White,5663.0,Automatic,8.0,2100000000.0,Petrol,4.0
Nissan,Terrano,2004.0,122500.0,Grey,2389.0,Manual,5.0,49000000.0,Petrol,21.0
Mercedes,Benz,2017.0,97500.0,White,1991.0,Automatic,5.0,389000000.0,Petrol,8.0
Nissan,Teana,2006.0,132500.0,Black,2349.0,Automatic,5.0,79000000.0,Petrol,19.0
Bmw,X1,2012.0,122500.0,White,1995.0,Automatic,5.0,189000000.0,Petrol,13.0
Dodge,Journey,2011.0,72500.0,Black,2360.0,Automatic,7.0,99000000.0,Petrol,14.0
Jeep,Wrangler,2023.0,7500.0,Silver,2000.0,Automatic,5.0,1775000000.0,Petrol,2.0
Mercedes,Benz,2016.0,12500.0,Black,1991.0,Automatic,5.0,406000000.0,Petrol,9.0
Lexus,Lm,2023.0,2500.0,Black,2487.0,Automatic,4.0,2298000000.0,Hybrid,2.0
Toyota,Kijang,2021.0,62500.0,Black,1998.0,Automatic,7.0,285000000.0,Petrol,4.0
Suzuki,Mega,2019.0,32500.0,White,1500.0,Manual,2.0,110000000.0,Petrol,6.0
Toyota,Alphard,2024.0,2500.0,White,2500.0,Automatic,7.0,1475000000.0,Petrol,1.0
Bmw,530I,2022.0,17500.0,White,1998.0,Automatic,5.0,725000000.0,Petrol,3.0
Mercedes,Benz,2023.0,2500.0,Black,1999.0,Automatic,7.0,1195000000.0,Petrol,2.0
Mercedes,Benz,2020.0,7500.0,Red,1332.0,Automatic,7.0,550000000.0,Petrol,5.0
Mercedes,Benz,2019.0,12500.0,Black,1991.0,Automatic,5.0,685000000.0,Petrol,6.0
Mercedes,Benz,2021.0,2500.0,Black,2999.0,Automatic,7.0,1680000000.0,Petrol,4.0
Nissan,Serena,2013.0,142500.0,Black,1997.0,Automatic,7.0,129000000.0,Petrol,12.0
Mercedes,Benz,2023.0,7500.0,Black,1999.0,Automatic,5.0,955000000.0,Petrol,2.0
Mercedes,Benz,2023.0,7500.0,Black,1999.0,Automatic,5.0,930000000.0,Petrol,2.0
Toyota,Kijang,2014.0,127500.0,Black,1998.0,Manual,8.0,133000000.0,Petrol,11.0
Mercedes,Benz,2023.0,7500.0,White,1999.0,Automatic,5.0,955000000.0,Petrol,2.0
Mercedes,Benz,2019.0,2500.0,White,1991.0,Automatic,4.0,895000000.0,Petrol,6.0
Lexus,Nx,2018.0,37500.0,Blue,1998.0,Automatic,5.0,525000000.0,Petrol,7.0
Lexus,Lm,2024.0,7500.0,White,2487.0,Automatic,7.0,1999000000.0,Hybrid,1.0
Lexus,Lx,2016.0,47500.0,Black,5663.0,Automatic,8.0,1450000000.0,Petrol,9.0
Mercedes,Benz,2020.0,32500.0,Blue,1991.0,Automatic,4.0,618000000.0,Petrol,5.0
Toyota,Land,2014.0,102500.0,Black,2693.0,Automatic,7.0,560000000.0,Petrol,11.0
Bmw,520I,2020.0,32500.0,Grey,1998.0,Automatic,5.0,550000000.0,Petrol,5.0
Lexus,Rx,2023.0,12500.0,Grey,2500.0,Automatic,5.0,1475000000.0,Hybrid,2.0
Bmw,X7,2020.0,12500.0,Black,2998.0,Automatic,7.0,1295000000.0,Petrol,5.0
Hyundai,Palisade,2022.0,47500.0,White,2199.0,Automatic,7.0,765000000.0,Diesel,3.0
Mercedes,Benz,2021.0,12500.0,Black,1991.0,Automatic,7.0,815000000.0,Petrol,4.0
Mercedes,Benz,2015.0,42500.0,Black,2996.0,Automatic,5.0,639000000.0,Petrol,10.0
Bmw,X3,2012.0,122500.0,White,1995.0,Automatic,5.0,249000000.0,Petrol,13.0
Daihatsu,Rocky,2022.0,32500.0,Red,998.0,Automatic,5.0,190000000.0,Petrol,3.0
Jeep,Compass,2019.0,37500.0,Black,1368.0,Automatic,5.0,275000000.0,Petrol,6.0
Toyota,Alphard,2024.0,7500.0,Black,2500.0,Automatic,7.0,1435000000.0,Petrol,1.0
Mercedes,Benz,2010.0,7500.0,Black,6208.0,Automatic,5.0,850000000.0,Petrol,15.0
Daihatsu,Sigra,2017.0,77500.0,Silver,1197.0,Automatic,7.0,98000000.0,Petrol,8.0
Toyota,Camry,2006.0,142500.0,Silver,2362.0,Automatic,5.0,99000000.0,Petrol,19.0
Peugeot,Rcz,2012.0,42500.0,White,1598.0,Automatic,4.0,369000000.0,Petrol,13.0
Mercedes,Benz,2016.0,27500.0,Black,1991.0,Automatic,5.0,455000000.0,Petrol,9.0
Toyota,Fortuner,2023.0,17500.0,White,2755.0,Automatic,7.0,520000000.0,Diesel,2.0
Mercedes,Benz,2018.0,27500.0,Black,1991.0,Automatic,5.0,595000000.0,Petrol,7.0
Mercedes,Benz,2018.0,7500.0,Black,1991.0,Automatic,5.0,665000000.0,Petrol,7.0
Bmw,320I,2014.0,2500.0,Black,1997.0,Automatic,5.0,325000000.0,Petrol,11.0
Toyota,Camry,2019.0,37500.0,Red,2494.0,Automatic,5.0,315000000.0,Petrol,6.0
Land,Rover,2019.0,12500.0,Blue,2995.0,Automatic,5.0,2100000000.0,Petrol,6.0
Toyota,Vellfire,2016.0,57500.0,White,2494.0,Automatic,7.0,555000000.0,Petrol,9.0
Mercedes,Benz,2022.0,7500.0,White,2999.0,Automatic,7.0,1450000000.0,Petrol,3.0
Toyota,Alphard,2020.0,22500.0,White,2494.0,Automatic,7.0,925000000.0,Petrol,5.0
Toyota,Fortuner,2012.0,102500.0,Black,2694.0,Automatic,7.0,210000000.0,Petrol,13.0
Bmw,X1,2021.0,17500.0,Black,1499.0,Automatic,5.0,525000000.0,Petrol,4.0
Toyota,Alphard,2023.0,7500.0,Black,2494.0,Automatic,7.0,1225000000.0,Petrol,2.0
Toyota,Alphard,2021.0,22500.0,Black,2494.0,Automatic,7.0,995000000.0,Petrol,4.0
Ferrari,488,2019.0,7500.0,Red,3902.0,Automatic,2.0,8000000000.0,Petrol,6.0
Land,Rover,2018.0,2500.0,White,1998.0,Automatic,5.0,1375000000.0,Petrol,7.0
Mercedes,Benz,2022.0,2500.0,Black,1991.0,Automatic,5.0,1050000000.0,Petrol,3.0
Mercedes,Benz,2015.0,12500.0,Black,2996.0,Automatic,4.0,625000000.0,Petrol,10.0
Lexus,Lx,2016.0,42500.0,Black,5663.0,Automatic,8.0,1675000000.0,Petrol,9.0
Mercedes,Benz,2019.0,7500.0,Grey,1332.0,Automatic,5.0,415000000.0,Petrol,6.0
Jeep,Wrangler,2013.0,57500.0,White,3604.0,Automatic,4.0,799000000.0,Petrol,12.0
Ford,Mustang,2021.0,7500.0,Red,2264.0,Automatic,4.0,1175000000.0,Petrol,4.0
Toyota,Alphard,2021.0,7500.0,Black,2494.0,Automatic,7.0,1020000000.0,Petrol,4.0
Toyota,Land,2023.0,7500.0,White,3346.0,Automatic,7.0,2250000000.0,Diesel,2.0
Mercedes,Benz,2022.0,7500.0,Black,2999.0,Automatic,7.0,1390000000.0,Petrol,3.0
Mercedes,Benz,2022.0,12500.0,White,1991.0,Automatic,7.0,895000000.0,Petrol,3.0
Bmw,320I,2017.0,27500.0,Black,1995.0,Automatic,5.0,335000000.0,Petrol,8.0
Mercedes,Benz,2017.0,42500.0,White,1991.0,Automatic,5.0,450000000.0,Petrol,8.0
Bmw,Z4,2022.0,2500.0,Blue,1998.0,Automatic,2.0,1395000000.0,Petrol,3.0
Mercedes,Benz,2020.0,12500.0,Black,2999.0,Automatic,7.0,1175000000.0,Petrol,5.0
Lexus,Lx,2019.0,62500.0,Black,5663.0,Automatic,8.0,1950000000.0,Petrol,6.0
Mercedes,Benz,2017.0,2500.0,White,2996.0,Automatic,4.0,1048000000.0,Petrol,8.0
Lexus,Lx,2019.0,37500.0,Black,5663.0,Automatic,8.0,2150000000.0,Petrol,6.0
Land,Rover,2014.0,27500.0,White,5000.0,Automatic,5.0,1350000000.0,Petrol,11.0
Toyota,Land,2012.0,97500.0,Black,4461.0,Automatic,8.0,1075000000.0,Diesel,13.0
Lexus,Lx,2016.0,27500.0,Black,5663.0,Automatic,8.0,1700000000.0,Petrol,9.0
Lexus,Lx,2023.0,2500.0,Black,3445.0,Automatic,4.0,3650000000.0,Petrol,2.0
Bmw,X1,2016.0,47500.0,Black,1499.0,Automatic,5.0,299000000.0,Petrol,9.0
Mitsubishi,Pajero,2019.0,22500.0,White,2442.0,Automatic,7.0,385000000.0,Diesel,6.0
Bmw,M4,2015.0,12500.0,Grey,2993.0,Automatic,4.0,1120000000.0,Petrol,10.0
Mercedes,Benz,2019.0,17500.0,Black,1991.0,Automatic,5.0,688000000.0,Petrol,6.0
Mercedes,Benz,2022.0,2500.0,Blue,1991.0,Automatic,5.0,860000000.0,Petrol,3.0
Bmw,730Li,2022.0,7500.0,Black,1998.0,Automatic,5.0,1350000000.0,Petrol,3.0
Mercedes,Benz,2020.0,7500.0,Black,2999.0,Automatic,7.0,1475000000.0,Petrol,5.0
Toyota,Land,2023.0,12500.0,Black,3346.0,Automatic,7.0,2275000000.0,Diesel,2.0
Toyota,Vellfire,2022.0,17500.0,White,2494.0,Automatic,7.0,1100000000.0,Petrol,3.0
Bmw,X7,2020.0,7500.0,Black,2998.0,Automatic,7.0,1395000000.0,Petrol,5.0
Toyota,Land,2023.0,7500.0,Black,2693.0,Automatic,7.0,1290000000.0,Petrol,2.0
Mazda,Cx,2021.0,17500.0,Grey,2488.0,Automatic,7.0,499000000.0,Petrol,4.0
Toyota,Alphard,2016.0,52500.0,Black,2494.0,Automatic,7.0,549000000.0,Petrol,9.0
Toyota,Camry,2020.0,37500.0,Black,2494.0,Automatic,5.0,355000000.0,Petrol,5.0
Ford,Mustang,2022.0,2500.0,Black,2261.0,Automatic,4.0,1500000000.0,Petrol,3.0
Porsche,718,2021.0,2500.0,Yellow,1988.0,Automatic,2.0,2400000000.0,Petrol,4.0
Toyota,Land,2019.0,52500.0,Black,4461.0,Automatic,8.0,1675000000.0,Diesel,6.0
Toyota,Alphard,2022.0,2500.0,White,2494.0,Automatic,7.0,1110000000.0,Petrol,3.0
Mercedes,Benz,2024.0,2500.0,Black,1332.0,Automatic,5.0,895000000.0,Petrol,1.0
Toyota,Alphard,2018.0,97500.0,Black,2494.0,Automatic,7.0,699000000.0,Petrol,7.0
Bmw,430I,2023.0,2500.0,Blue,1998.0,Automatic,4.0,1350000000.0,Petrol,2.0
Porsche,Boxster,2013.0,12500.0,Red,2706.0,Automatic,2.0,1300000000.0,Petrol,12.0
Mercedes,Benz,2021.0,2500.0,Black,1991.0,Automatic,5.0,975000000.0,Petrol,4.0
Mercedes,Benz,2023.0,2500.0,Black,2999.0,Automatic,7.0,1999000000.0,Petrol,2.0
Lexus,Es,2020.0,17500.0,Black,2487.0,Automatic,5.0,775000000.0,Hybrid,5.0
Mercedes,Benz,2022.0,12500.0,Black,2999.0,Automatic,7.0,1725000000.0,Petrol,3.0
Mercedes,Benz,2023.0,2500.0,Black,1332.0,Automatic,5.0,695000000.0,Petrol,2.0
Mercedes,Benz,2022.0,2500.0,Black,1991.0,Automatic,5.0,1190000000.0,Petrol,3.0
Toyota,Alphard,2022.0,37500.0,Black,2494.0,Automatic,7.0,899000000.0,Petrol,3.0
Lexus,Rx,2016.0,47500.0,Black,1998.0,Automatic,5.0,555000000.0,Petrol,9.0
Bmw,330I,2024.0,2500.0,Grey,1998.0,Automatic,5.0,975000000.0,Petrol,1.0
Ford,Mustang,2021.0,2500.0,Yellow,2264.0,Automatic,4.0,1195000000.0,Petrol,4.0
Toyota,Land,2022.0,37500.0,Black,3346.0,Automatic,7.0,2099000000.0,Diesel,3.0
Ford,Mustang,2017.0,2500.0,Blue,4950.0,Automatic,4.0,1975000000.0,Petrol,8.0
Toyota,Land,2024.0,2500.0,Black,3346.0,Automatic,7.0,2475000000.0,Diesel,1.0
Mercedes,Benz,2018.0,37500.0,Black,2143.0,Automatic,5.0,595000000.0,Petrol,7.0
Hyundai,Palisade,2023.0,22500.0,White,2199.0,Automatic,7.0,835000000.0,Diesel,2.0
Land,Rover,2019.0,22500.0,Black,1997.0,Automatic,5.0,875000000.0,Petrol,6.0
Mercedes,Benz,2022.0,7500.0,Black,2999.0,Automatic,7.0,1380000000.0,Petrol,3.0
Bmw,Z4,2023.0,2500.0,Black,1998.0,Automatic,2.0,1425000000.0,Petrol,2.0
Toyota,Land,2022.0,17500.0,Black,3346.0,Automatic,7.0,2099000000.0,Diesel,3.0
Bmw,320I,2019.0,37500.0,Black,1995.0,Automatic,5.0,365000000.0,Petrol,6.0
Mercedes,Benz,2020.0,17500.0,Black,2999.0,Automatic,7.0,1100000000.0,Petrol,5.0
Lexus,Rx,2016.0,97500.0,Black,1998.0,Automatic,5.0,499000000.0,Petrol,9.0
Lexus,Lm,2024.0,2500.0,Black,2487.0,Automatic,4.0,2175000000.0,Hybrid,1.0
Toyota,Alphard,2016.0,57500.0,White,2494.0,Automatic,7.0,555000000.0,Petrol,9.0
Toyota,Land,2019.0,27500.0,Black,4461.0,Automatic,8.0,1750000000.0,Diesel,6.0
Lexus,Lm,2022.0,22500.0,Black,3456.0,Automatic,4.0,1525000000.0,Petrol,3.0
Bmw,735I,2023.0,2500.0,Grey,2998.0,Automatic,5.0,1850000000.0,Petrol,2.0
Lexus,Es,2022.0,12500.0,Grey,2487.0,Automatic,5.0,925000000.0,Hybrid,3.0
Lexus,Rx,2021.0,42500.0,Black,1998.0,Automatic,5.0,899000000.0,Petrol,4.0
Toyota,Vellfire,2021.0,12500.0,Black,2494.0,Automatic,7.0,1025000000.0,Petrol,4.0
Mercedes,Benz,2021.0,7500.0,Black,2999.0,Automatic,5.0,1675000000.0,Petrol,4.0
Toyota,Vellfire,2023.0,12500.0,Black,2494.0,Automatic,7.0,1150000000.0,Petrol,2.0
Porsche,Boxster,2013.0,7500.0,White,2706.0,Automatic,2.0,1199000000.0,Petrol,12.0
Ferrari,458,2011.0,17500.0,Red,4497.0,Automatic,2.0,4800000000.0,Petrol,14.0
Toyota,Alphard,2023.0,7500.0,Black,2494.0,Automatic,7.0,1099000000.0,Petrol,2.0
Mercedes,Benz,2023.0,2500.0,Black,1991.0,Automatic,5.0,1230000000.0,Petrol,2.0
Lexus,Rx,2019.0,82500.0,Black,1998.0,Automatic,5.0,650000000.0,Petrol,6.0
Toyota,Land,2018.0,22500.0,Black,4461.0,Automatic,8.0,1775000000.0,Diesel,7.0
Toyota,Land,2019.0,47500.0,Black,4461.0,Automatic,8.0,1750000000.0,Diesel,6.0
Lexus,Rx,2023.0,7500.0,Silver,2500.0,Automatic,5.0,1425000000.0,Hybrid,2.0
Lexus,Lx,2016.0,32500.0,Black,5663.0,Automatic,8.0,1599000000.0,Petrol,9.0
Lexus,Es,2021.0,42500.0,Black,2487.0,Automatic,5.0,825000000.0,Hybrid,4.0
Mercedes,Benz,2023.0,7500.0,Black,2999.0,Automatic,7.0,1950000000.0,Petrol,2.0
Bmw,X5,2023.0,27500.0,White,2998.0,Automatic,5.0,995000000.0,Petrol,2.0
Suzuki,Jimny,2022.0,7500.0,Yellow,1462.0,Automatic,4.0,445000000.0,Petrol,3.0
Bmw,X5,2020.0,12500.0,White,2998.0,Automatic,5.0,895000000.0,Petrol,5.0
Bmw,X5,2020.0,12500.0,Black,2998.0,Automatic,5.0,895000000.0,Petrol,5.0
Ford,Mustang,2022.0,2500.0,Orange,2261.0,Automatic,4.0,1195000000.0,Petrol,3.0
Mercedes,Benz,2023.0,2500.0,Black,1991.0,Automatic,5.0,1120000000.0,Petrol,2.0
Bmw,430I,2023.0,7500.0,Blue,1998.0,Automatic,4.0,1250000000.0,Petrol,2.0
Bmw,Z4,2019.0,7500.0,Blue,1998.0,Automatic,2.0,1050000000.0,Petrol,6.0
Mercedes,Benz,2019.0,32500.0,Black,2999.0,Automatic,7.0,1195000000.0,Petrol,6.0
Toyota,Land,2024.0,2500.0,Black,3346.0,Automatic,7.0,2395000000.0,Diesel,1.0
Porsche,Boxster,2012.0,12500.0,White,2706.0,Automatic,2.0,1150000000.0,Petrol,13.0
Bmw,520I,2023.0,7500.0,Black,1998.0,Automatic,5.0,799000000.0,Petrol,2.0
Lexus,Rx,2023.0,7500.0,Black,2500.0,Automatic,5.0,1425000000.0,Hybrid,2.0
Lexus,Lx,2017.0,42500.0,Grey,5663.0,Automatic,8.0,1595000000.0,Petrol,8.0
Mercedes,Benz,2019.0,22500.0,White,1991.0,Automatic,5.0,595000000.0,Petrol,6.0
Bmw,X5,2021.0,12500.0,Blue,2998.0,Automatic,5.0,985000000.0,Petrol,4.0
Bmw,X3,2019.0,17500.0,White,1998.0,Automatic,5.0,515000000.0,Petrol,6.0
Mercedes,Benz,2019.0,7500.0,Black,2999.0,Automatic,5.0,1195000000.0,Petrol,6.0
Mercedes,Benz,2016.0,27500.0,White,2996.0,Automatic,5.0,485000000.0,Petrol,9.0
Lexus,Nx,2016.0,32500.0,Black,1998.0,Automatic,5.0,445000000.0,Petrol,9.0
Toyota,Land,2017.0,82500.0,Black,4461.0,Automatic,8.0,1475000000.0,Diesel,8.0
Mercedes,Benz,2019.0,2500.0,Black,2999.0,Automatic,5.0,1295000000.0,Petrol,6.0
Bmw,X3,2018.0,12500.0,Black,1998.0,Automatic,5.0,565000000.0,Petrol,7.0
Hummer,H3,2010.0,42500.0,Black,3653.0,Automatic,5.0,775000000.0,Petrol,15.0
Mercedes,Benz,2021.0,17500.0,Black,2999.0,Automatic,7.0,1185000000.0,Petrol,4.0
Mercedes,Benz,2020.0,22500.0,Black,1991.0,Automatic,5.0,915000000.0,Petrol,5.0
Lexus,Rx,2023.0,7500.0,Black,2500.0,Automatic,5.0,1450000000.0,Hybrid,2.0
Ford,Mustang,2023.0,2500.0,White,2261.0,Automatic,4.0,1199000000.0,Petrol,2.0
Hyundai,Palisade,2024.0,17500.0,Black,2199.0,Automatic,7.0,799000000.0,Diesel,1.0
Bmw,X6,2024.0,2500.0,Black,2998.0,Automatic,5.0,2000000000.0,Petrol,1.0
Lexus,Lm,2020.0,37500.0,Black,3456.0,Automatic,4.0,1195000000.0,Petrol,5.0
Lexus,Rx,2020.0,2500.0,White,1998.0,Automatic,5.0,995000000.0,Petrol,5.0
Mercedes,Benz,2022.0,7500.0,Black,2999.0,Automatic,7.0,1795000000.0,Petrol,3.0
Mini,Cabrio,2020.0,12500.0,Orange,1499.0,Automatic,4.0,630000000.0,Petrol,5.0
Toyota,Alphard,2020.0,22500.0,Black,2494.0,Automatic,7.0,875000000.0,Petrol,5.0
Mercedes,Benz,2023.0,2500.0,White,1999.0,Automatic,7.0,1275000000.0,Petrol,2.0
Bmw,330I,2021.0,7500.0,Blue,1998.0,Automatic,5.0,680000000.0,Petrol,4.0
Lexus,Ux,2019.0,17500.0,White,1987.0,Automatic,5.0,425000000.0,Petrol,6.0
Mercedes,Benz,2017.0,27500.0,Black,1991.0,Automatic,5.0,555000000.0,Petrol,8.0
Porsche,Cayman,2016.0,2500.0,Yellow,3800.0,Manual,2.0,3500000000.0,Petrol,9.0
Mercedes,Benz,2019.0,17500.0,Black,2999.0,Automatic,7.0,1025000000.0,Petrol,6.0
Mercedes,Benz,2018.0,7500.0,Black,2999.0,Automatic,5.0,1125000000.0,Petrol,7.0
Ford,Mustang,2021.0,2500.0,Yellow,2264.0,Automatic,4.0,1120000000.0,Petrol,4.0
Bmw,Z4,2023.0,2500.0,Black,2993.0,Automatic,2.0,1495000000.0,Petrol,2.0
Bmw,X5,2020.0,7500.0,White,2998.0,Automatic,5.0,925000000.0,Petrol,5.0
Toyota,Land,2014.0,37500.0,Black,4461.0,Automatic,8.0,1195000000.0,Diesel,11.0
Lexus,Lx,2019.0,32500.0,Black,5663.0,Automatic,8.0,1875000000.0,Petrol,6.0
Ford,Everest,2024.0,2500.0,Black,1996.0,Automatic,7.0,850000000.0,Diesel,1.0
Jeep,Wrangler,2012.0,57500.0,White,3604.0,Automatic,5.0,850000000.0,Petrol,13.0
Lexus,Rx,2023.0,7500.0,Grey,2500.0,Automatic,5.0,1599000000.0,Petrol,2.0
Mercedes,Benz,2022.0,2500.0,Black,2999.0,Automatic,5.0,2100000000.0,Petrol,3.0
Mercedes,Benz,2023.0,2500.0,Black,2999.0,Automatic,5.0,2195000000.0,Petrol,2.0
Lexus,Lm,2023.0,7500.0,Grey,2487.0,Automatic,4.0,2100000000.0,Hybrid,2.0
Lexus,Es,2023.0,7500.0,Black,2487.0,Automatic,5.0,995000000.0,Hybrid,2.0
Ford,Mustang,2021.0,7500.0,Yellow,2261.0,Automatic,4.0,1350000000.0,Petrol,4.0
Mercedes,Benz,2023.0,2500.0,White,2999.0,Automatic,5.0,1595000000.0,Petrol,2.0
Mercedes,Benz,2020.0,17500.0,Black,2999.0,Automatic,7.0,1475000000.0,Petrol,5.0
Mercedes,Benz,2023.0,2500.0,Black,2999.0,Automatic,5.0,1650000000.0,Petrol,2.0
Bmw,X5,2019.0,47500.0,Black,2998.0,Automatic,5.0,695000000.0,Petrol,6.0
Mercedes,Benz,2021.0,7500.0,Black,1991.0,Automatic,5.0,725000000.0,Petrol,4.0
Bmw,X5,2019.0,7500.0,Blue,2998.0,Automatic,5.0,895000000.0,Petrol,6.0
Toyota,Alphard,2022.0,17500.0,Black,2494.0,Automatic,7.0,1050000000.0,Petrol,3.0
Lexus,Rx,2021.0,27500.0,Black,1998.0,Automatic,5.0,875000000.0,Petrol,4.0
Suzuki,Jimny,2024.0,2500.0,Black,1500.0,Automatic,4.0,465000000.0,Petrol,1.0
Mercedes,Benz,2016.0,22500.0,Black,1991.0,Automatic,2.0,925000000.0,Petrol,9.0
Volvo,Xc90,2022.0,17500.0,Black,1969.0,Automatic,7.0,1200000000.0,Hybrid,3.0
Ford,Everest,2024.0,7500.0,Black,1996.0,Automatic,7.0,850000000.0,Diesel,1.0
Land,Rover,2013.0,27500.0,Grey,1999.0,Automatic,5.0,395000000.0,Petrol,12.0
Lexus,Lm,2024.0,2500.0,White,2487.0,Automatic,7.0,2200000000.0,Hybrid,1.0
Bmw,X7,2022.0,7500.0,Black,2998.0,Automatic,7.0,1550000000.0,Petrol,3.0
Mercedes,Benz,2022.0,2500.0,Black,2999.0,Automatic,4.0,2550000000.0,Petrol,3.0
Porsche,Cayman,2013.0,2500.0,White,2706.0,Automatic,2.0,1295000000.0,Petrol,12.0
Mercedes,Benz,2022.0,2500.0,White,1999.0,Automatic,5.0,850000000.0,Petrol,3.0
Mercedes,Benz,2020.0,12500.0,Red,1991.0,Automatic,7.0,750000000.0,Petrol,5.0
Hyundai,Palisade,2024.0,12500.0,White,2199.0,Automatic,7.0,895000000.0,Diesel,1.0
Volvo,Xc90,2023.0,17500.0,Black,1969.0,Automatic,7.0,1300000000.0,Hybrid,2.0
Lexus,Lx,2017.0,72500.0,Black,5663.0,Automatic,8.0,1545000000.0,Petrol,8.0
Mercedes,Benz,2020.0,7500.0,Grey,1332.0,Automatic,7.0,550000000.0,Petrol,5.0
Jeep,Wrangler,2023.0,2500.0,Black,2000.0,Automatic,5.0,1675000000.0,Petrol,2.0
Toyota,Alphard,2019.0,42500.0,Black,2494.0,Automatic,7.0,708000000.0,Petrol,6.0
Mercedes,Benz,2021.0,7500.0,Black,1991.0,Automatic,5.0,595000000.0,Petrol,4.0
Bmw,730Li,2017.0,22500.0,Black,1998.0,Automatic,5.0,660000000.0,Petrol,8.0
Lexus,Lm,2022.0,7500.0,White,3456.0,Automatic,7.0,1499000000.0,Petrol,3.0
Mercedes,Benz,2019.0,7500.0,Black,2987.0,Automatic,5.0,3650000000.0,Diesel,6.0
Gwm,Tank,2024.0,2500.0,Black,1998.0,Automatic,7.0,1150000000.0,Petrol,1.0
Mercedes,Benz,2021.0,7500.0,Black,2999.0,Automatic,7.0,1195000000.0,Petrol,4.0
Ford,Mustang,2019.0,2500.0,Blue,2261.0,Automatic,4.0,1050000000.0,Petrol,6.0
Mazda,Cx,2021.0,17500.0,Grey,2488.0,Automatic,7.0,485000000.0,Petrol,4.0
Honda,Cr,2013.0,112500.0,Black,1997.0,Automatic,5.0,149000000.0,Petrol,12.0
Mercedes,Benz,2020.0,17500.0,Black,1991.0,Automatic,5.0,595000000.0,Petrol,5.0
Mercedes,Benz,2019.0,7500.0,Black,1991.0,Automatic,5.0,610000000.0,Petrol,6.0
Mini,Countryman,2019.0,32500.0,Silver,1499.0,Automatic,5.0,456000000.0,Petrol,6.0
Mercedes,Benz,2022.0,7500.0,Black,1991.0,Automatic,5.0,825000000.0,Petrol,3.0
Honda,Odyssey,2014.0,122500.0,Grey,2356.0,Automatic,7.0,249000000.0,Petrol,11.0
Toyota,Alphard,2017.0,97500.0,Black,2494.0,Automatic,7.0,575000000.0,Petrol,8.0
Toyota,Alphard,2017.0,27500.0,Black,2494.0,Automatic,7.0,699000000.0,Petrol,8.0
Mercedes,Benz,2015.0,67500.0,Blue,1991.0,Automatic,7.0,399000000.0,Petrol,10.0
Toyota,Camry,2014.0,92500.0,Black,2494.0,Automatic,5.0,210000000.0,Petrol,11.0
Nissan,X,2008.0,27500.0,Black,2488.0,Automatic,7.0,480000000.0,Petrol,17.0
Mercedes,Benz,2019.0,17500.0,Black,2999.0,Automatic,5.0,1050000000.0,Petrol,6.0
Suzuki,Jimny,2023.0,2500.0,Black,1462.0,Automatic,4.0,465000000.0,Petrol,2.0
Mercedes,Benz,2017.0,22500.0,White,1991.0,Automatic,5.0,448000000.0,Petrol,8.0
Mercedes,Benz,2018.0,2500.0,White,1991.0,Automatic,5.0,573000000.0,Petrol,7.0
Mercedes,Benz,2016.0,7500.0,White,1991.0,Automatic,5.0,565000000.0,Petrol,9.0
Lexus,Rx,2023.0,2500.0,Black,2500.0,Automatic,5.0,1425000000.0,Hybrid,2.0
Bmw,330I,2020.0,17500.0,Grey,1998.0,Automatic,5.0,725000000.0,Petrol,5.0
Bmw,520I,2015.0,87500.0,Black,1997.0,Automatic,5.0,405000000.0,Petrol,10.0
Honda,Cr,2010.0,102500.0,Silver,2354.0,Automatic,5.0,130000000.0,Petrol,15.0
Mercedes,Benz,2018.0,27500.0,Black,1991.0,Automatic,5.0,425000000.0,Petrol,7.0
Honda,Cr,2017.0,92500.0,Silver,1498.0,Automatic,5.0,330000000.0,Petrol,8.0
Mercedes,Benz,2011.0,22500.0,Black,2996.0,Automatic,2.0,830000000.0,Petrol,14.0
Hyundai,Stargazer,2022.0,22500.0,Grey,1497.0,Automatic,7.0,235000000.0,Petrol,3.0
Ford,Mustang,2021.0,7500.0,Grey,2264.0,Automatic,4.0,1100000000.0,Petrol,4.0
Volkswagen,Scirocco,2013.0,42500.0,White,1390.0,Automatic,4.0,224000000.0,Petrol,12.0
Toyota,Land,2011.0,37500.0,Black,4461.0,Automatic,8.0,775000000.0,Diesel,14.0
Porsche,911,2023.0,2500.0,Yellow,2981.0,Automatic,4.0,4400000000.0,Petrol,2.0
Mercedes,Benz,2016.0,72500.0,White,2143.0,Automatic,7.0,499000000.0,Diesel,9.0
Lexus,Rx,2019.0,112500.0,Black,1998.0,Automatic,5.0,699000000.0,Petrol,6.0
Mercedes,Benz,2018.0,47500.0,Black,1991.0,Automatic,5.0,560000000.0,Petrol,7.0
Jaguar,Xj,2011.0,17500.0,Black,5000.0,Automatic,5.0,399000000.0,Petrol,14.0
Bmw,645Ci,2004.0,42500.0,Blue,4398.0,Automatic,4.0,475000000.0,Petrol,21.0
Mazda,Cx,2019.0,27500.0,Grey,2488.0,Automatic,5.0,450000000.0,Petrol,6.0
Land,Rover,2017.0,17500.0,White,2995.0,Automatic,5.0,1900000000.0,Petrol,8.0
Mercedes,Benz,2022.0,2500.0,Grey,1991.0,Automatic,4.0,2500000000.0,Petrol,3.0
Daihatsu,Xenia,2014.0,112500.0,Silver,1298.0,Manual,7.0,99000000.0,Petrol,11.0
Toyota,Voxy,2019.0,67500.0,White,1986.0,Automatic,7.0,350000000.0,Petrol,6.0
Mercedes,Benz,2022.0,7500.0,Black,1991.0,Automatic,7.0,895000000.0,Petrol,3.0
Mercedes,Benz,2017.0,22500.0,Grey,1991.0,Automatic,5.0,585000000.0,Petrol,8.0
Lexus,Rx,2009.0,82500.0,Brown,3456.0,Automatic,5.0,219000000.0,Petrol,16.0
Mercedes,Benz,2012.0,72500.0,Black,3498.0,Automatic,4.0,399000000.0,Petrol,13.0
Mazda,6,2011.0,122500.0,Grey,2488.0,Automatic,5.0,129000000.0,Petrol,14.0
Bmw,535I,2010.0,87500.0,White,2979.0,Automatic,5.0,339000000.0,Petrol,15.0
Toyota,Alphard,2015.0,82500.0,Black,2494.0,Automatic,7.0,569000000.0,Petrol,10.0
Honda,Hr,2017.0,92500.0,Black,1497.0,Automatic,5.0,210000000.0,Petrol,8.0
Lexus,Lm,2024.0,2500.0,Black,2487.0,Automatic,4.0,2325000000.0,Hybrid,1.0
Toyota,Yaris,2016.0,82500.0,Red,1496.0,Automatic,5.0,176000000.0,Petrol,9.0
Mercedes,Benz,2023.0,7500.0,Black,2999.0,Automatic,7.0,1846000000.0,Petrol,2.0
Mazda,Cx,2023.0,7500.0,Grey,1496.0,Automatic,5.0,266000000.0,Petrol,2.0
Mazda,Cx,2022.0,7500.0,Black,2488.0,Automatic,5.0,485000000.0,Petrol,3.0
Toyota,Kijang,2021.0,22500.0,Black,1998.0,Automatic,8.0,263000000.0,Petrol,4.0
Mercedes,Benz,2014.0,7500.0,Black,2996.0,Automatic,7.0,596000000.0,Petrol,11.0
Toyota,Kijang,2022.0,22500.0,Black,2393.0,Automatic,8.0,294000000.0,Petrol,3.0
Hyundai,H,2020.0,67500.0,Black,2497.0,Automatic,8.0,395000000.0,Diesel,5.0
Land,Rover,2012.0,52500.0,Black,1999.0,Automatic,5.0,339000000.0,Petrol,13.0
Mercedes,Benz,2003.0,112500.0,Grey,1998.0,Automatic,5.0,89000000.0,Petrol,22.0
Bmw,X1,2019.0,27500.0,Black,1499.0,Automatic,5.0,385000000.0,Petrol,6.0
Chevrolet,Trax,2018.0,67500.0,Black,1364.0,Automatic,5.0,168700000.0,Petrol,7.0
Land,Rover,2022.0,7500.0,Green,2995.0,Automatic,5.0,2750000000.0,Petrol,3.0
Bmw,Z4,2013.0,17500.0,White,1997.0,Automatic,2.0,695000000.0,Petrol,12.0
Mercedes,Benz,2024.0,2500.0,White,1332.0,Automatic,5.0,750000000.0,Petrol,1.0
Bmw,X1,2021.0,7500.0,Black,1499.0,Automatic,5.0,530000000.0,Petrol,4.0
Bmw,X1,2022.0,17500.0,Black,1499.0,Automatic,5.0,575000000.0,Petrol,3.0
Mazda,Cx,2015.0,87500.0,White,2488.0,Automatic,5.0,199000000.0,Petrol,10.0
Mercedes,Benz,2009.0,97500.0,Black,3498.0,Automatic,5.0,199000000.0,Petrol,16.0
Mitsubishi,Pajero,2021.0,57500.0,Black,2442.0,Automatic,7.0,469000000.0,Diesel,4.0
Toyota,Alphard,2013.0,122500.0,Black,2362.0,Automatic,7.0,289000000.0,Petrol,12.0
Mazda,8,2012.0,127500.0,Black,2260.0,Automatic,7.0,149000000.0,Petrol,13.0
Toyota,Vellfire,2016.0,82500.0,Black,2494.0,Automatic,7.0,589000000.0,Petrol,9.0
Audi,A4,2010.0,142500.0,Black,1798.0,Automatic,5.0,139000000.0,Petrol,15.0
Hyundai,H,2015.0,92500.0,Black,2359.0,Automatic,9.0,189000000.0,Petrol,10.0
Toyota,Previa,2007.0,132500.0,Silver,2362.0,Automatic,7.0,149000000.0,Petrol,18.0
Nissan,Murano,2007.0,132500.0,Black,2488.0,Automatic,5.0,89000000.0,Petrol,18.0
Lexus,Es,2013.0,72500.0,Black,2494.0,Automatic,5.0,329000000.0,Petrol,12.0
Mercedes,Benz,2013.0,97500.0,Silver,1595.0,Automatic,5.0,189000000.0,Petrol,12.0
Mitsubishi,Galant,2001.0,137500.0,Silver,2498.0,Automatic,5.0,49000000.0,Petrol,24.0
Mazda,Cx,2007.0,142500.0,Black,2261.0,Automatic,5.0,109000000.0,Petrol,18.0
Honda,Odyssey,2014.0,112500.0,Black,2354.0,Automatic,7.0,239000000.0,Petrol,11.0
Mercedes,Benz,2009.0,112500.0,Black,2996.0,Automatic,5.0,199000000.0,Petrol,16.0
Mercedes,Benz,2010.0,112500.0,Black,1796.0,Automatic,4.0,389000000.0,Petrol,15.0
Mercedes,Benz,2014.0,77500.0,Black,1595.0,Automatic,5.0,349000000.0,Petrol,11.0
Audi,Q3,2012.0,112500.0,Silver,1984.0,Automatic,5.0,249000000.0,Petrol,13.0
Mazda,Cx,2013.0,77500.0,Black,3726.0,Automatic,7.0,199000000.0,Petrol,12.0
Mercedes,Benz,2014.0,112500.0,Silver,2143.0,Automatic,5.0,329000000.0,Petrol,11.0
Audi,Q7,2013.0,122500.0,Black,2995.0,Automatic,7.0,289000000.0,Petrol,12.0
Mazda,Cx,2013.0,112500.0,Grey,3726.0,Automatic,7.0,199000000.0,Petrol,12.0
Audi,A6,2014.0,142500.0,Black,1984.0,Automatic,5.0,219000000.0,Petrol,11.0
Toyota,Harrier,2014.0,92500.0,Black,1986.0,Automatic,5.0,329000000.0,Petrol,11.0
Nissan,Serena,2011.0,142500.0,Black,1998.0,Automatic,7.0,99000000.0,Petrol,14.0
Subaru,Impreza,2012.0,117500.0,White,1600.0,Automatic,5.0,149000000.0,Petrol,13.0
Land,Rover,2004.0,112500.0,Silver,4398.0,Automatic,5.0,249000000.0,Petrol,21.0
Mercedes,Benz,2009.0,112500.0,Black,2996.0,Automatic,7.0,199000000.0,Petrol,16.0
Mercedes,Benz,2017.0,82500.0,Black,1991.0,Automatic,5.0,389000000.0,Petrol,8.0
Audi,A4,2005.0,72500.0,Grey,1984.0,Automatic,5.0,89000000.0,Petrol,20.0
Mercedes,Benz,2013.0,57500.0,White,1595.0,Automatic,5.0,189000000.0,Petrol,12.0
Mercedes,Benz,2004.0,162500.0,Black,4966.0,Automatic,5.0,139000000.0,Petrol,21.0
Bmw,X3,2013.0,82500.0,Grey,1997.0,Automatic,5.0,229000000.0,Diesel,12.0
Honda,Accord,2010.0,97500.0,Black,2354.0,Automatic,5.0,119000000.0,Petrol,15.0
Ford,Ecosport,2016.0,62500.0,Grey,1499.0,Automatic,5.0,119000000.0,Petrol,9.0
Lexus,Rx,2012.0,77500.0,Silver,2672.0,Automatic,5.0,289000000.0,Petrol,13.0
Mercedes,Benz,2011.0,112500.0,Silver,2996.0,Automatic,5.0,229000000.0,Petrol,14.0
Bmw,X5,2010.0,112500.0,Grey,2996.0,Automatic,5.0,179000000.0,Petrol,15.0
Daihatsu,Ayla,2018.0,52500.0,Grey,1197.0,Automatic,5.0,110000000.0,Petrol,7.0
Mitsubishi,Xpander,2018.0,107500.0,Grey,1499.0,Automatic,7.0,175000000.0,Petrol,7.0
Land,Rover,2022.0,7500.0,Black,1997.0,Automatic,5.0,2600000000.0,Petrol,3.0
Honda,Jazz,2015.0,82500.0,Black,1497.0,Automatic,5.0,155000000.0,Petrol,10.0
Honda,Hr,2016.0,87500.0,Grey,1799.0,Automatic,5.0,212000000.0,Petrol,9.0
Mercedes,Benz,2011.0,57500.0,Black,2996.0,Automatic,5.0,270000000.0,Petrol,14.0
Bmw,320I,2018.0,32500.0,Black,1995.0,Automatic,5.0,356000000.0,Petrol,7.0
Mini,Countryman,2019.0,32500.0,Silver,1499.0,Automatic,5.0,471000000.0,Petrol,6.0
Suzuki,Baleno,2018.0,72500.0,Red,1373.0,Automatic,5.0,147000000.0,Petrol,7.0
Nissan,X,2016.0,87500.0,Grey,2488.0,Automatic,7.0,180000000.0,Petrol,9.0
Hyundai,Palisade,2024.0,2500.0,Black,2199.0,Automatic,7.0,950000000.0,Diesel,1.0
Toyota,Alphard,2021.0,7500.0,Black,2494.0,Automatic,7.0,1010000000.0,Petrol,4.0
Mercedes,Benz,2013.0,112500.0,Black,1991.0,Automatic,5.0,289000000.0,Petrol,12.0
Mercedes,Benz,2021.0,2500.0,Black,1991.0,Automatic,5.0,845000000.0,Petrol,4.0
Bmw,X5,2019.0,12500.0,Black,2998.0,Automatic,5.0,895000000.0,Petrol,6.0
Toyota,Camry,2022.0,17500.0,Black,2487.0,Automatic,5.0,495000000.0,Petrol,3.0
Mercedes,Benz,2023.0,2500.0,Black,2925.0,Automatic,5.0,3900000000.0,Diesel,2.0
Honda,Accord,2022.0,12500.0,Black,1498.0,Automatic,5.0,460000000.0,Petrol,3.0
Mercedes,Benz,2012.0,72500.0,Black,1796.0,Automatic,5.0,245000000.0,Petrol,13.0
Toyota,Land,2023.0,2500.0,Black,3346.0,Automatic,7.0,2325000000.0,Diesel,2.0
Bmw,X5,2024.0,2500.0,Black,2998.0,Automatic,5.0,1495000000.0,Petrol,1.0
Kia,Grand,2022.0,7500.0,Black,2151.0,Automatic,11.0,635000000.0,Diesel,3.0
Toyota,Vellfire,2017.0,57500.0,Silver,2494.0,Automatic,7.0,575000000.0,Petrol,8.0
Mazda,Cx,2016.0,92500.0,Red,2488.0,Automatic,5.0,230000000.0,Petrol,9.0
Mercedes,Benz,2021.0,7500.0,Black,2999.0,Automatic,7.0,1295000000.0,Petrol,4.0
Mazda,Cx,2017.0,72500.0,Black,2488.0,Automatic,5.0,272000000.0,Petrol,8.0
Toyota,Camry,2021.0,17500.0,Black,2487.0,Automatic,5.0,575000000.0,Hybrid,4.0
Toyota,Vellfire,2018.0,52500.0,Black,2494.0,Automatic,7.0,699000000.0,Petrol,7.0
Porsche,911,2019.0,2500.0,Blue,2981.0,Automatic,2.0,3799000000.0,Petrol,6.0
Toyota,Voxy,2020.0,82500.0,Black,1986.0,Automatic,7.0,359000000.0,Petrol,5.0
Bmw,X1,2020.0,42500.0,Black,1499.0,Automatic,5.0,440000000.0,Petrol,5.0
Jeep,Wrangler,2020.0,2500.0,Grey,2000.0,Automatic,5.0,1750000000.0,Petrol,5.0
Toyota,Voxy,2020.0,82500.0,Black,1986.0,Automatic,7.0,358000000.0,Petrol,5.0
Chevrolet,Trax,2018.0,67500.0,Black,1364.0,Automatic,5.0,168500000.0,Petrol,7.0
Bmw,X1,2021.0,22500.0,Grey,1499.0,Automatic,5.0,499000000.0,Petrol,4.0
Bmw,320I,2018.0,32500.0,Black,1995.0,Automatic,5.0,363000000.0,Petrol,7.0
Mercedes,Benz,2015.0,32500.0,White,2996.0,Automatic,5.0,575000000.0,Petrol,10.0
Land,Rover,2017.0,7500.0,Black,2995.0,Automatic,5.0,1200000000.0,Petrol,8.0
Toyota,Alphard,2024.0,2500.0,White,2500.0,Automatic,7.0,1650000000.0,Hybrid,1.0
Honda,Hr,2016.0,62500.0,Black,1497.0,Automatic,5.0,196000000.0,Petrol,9.0
Nissan,Grand,2017.0,52500.0,Black,1498.0,Manual,7.0,121000000.0,Petrol,8.0
Porsche,Cayman,2014.0,92500.0,Black,2706.0,Automatic,2.0,188000000.0,Petrol,11.0
Mercedes,Benz,2019.0,17500.0,Black,2999.0,Automatic,5.0,1099000000.0,Petrol,6.0
Mercedes,Benz,2022.0,17500.0,White,1332.0,Automatic,7.0,655000000.0,Petrol,3.0
Mercedes,Benz,1999.0,42500.0,Silver,4973.0,Automatic,4.0,565000000.0,Petrol,26.0
Lexus,Rx,2015.0,17500.0,White,1998.0,Automatic,5.0,625000000.0,Petrol,10.0
Mercedes,Benz,2022.0,27500.0,Black,1991.0,Automatic,7.0,799000000.0,Petrol,3.0
Toyota,Fortuner,2013.0,97500.0,Black,2494.0,Automatic,7.0,315000000.0,Diesel,12.0
Toyota,Alphard,2022.0,7500.0,White,2494.0,Automatic,7.0,1070000000.0,Petrol,3.0
Toyota,Alphard,2022.0,7500.0,White,2494.0,Automatic,7.0,1060000000.0,Petrol,3.0
Mercedes,Benz,2024.0,2500.0,Black,1332.0,Automatic,5.0,775000000.0,Petrol,1.0
Bentley,Bentayga,2018.0,7500.0,Black,5950.0,Automatic,4.0,3975000000.0,Petrol,7.0
Honda,Brio,2023.0,2500.0,Grey,1199.0,Manual,5.0,145000000.0,Petrol,2.0
Mercedes,Benz,2022.0,7500.0,Black,1332.0,Automatic,5.0,575000000.0,Petrol,3.0
Mercedes,Benz,2022.0,2500.0,White,1332.0,Automatic,5.0,585000000.0,Petrol,3.0
Lexus,Rx,2023.0,2500.0,Black,2500.0,Automatic,5.0,1435000000.0,Hybrid,2.0
Hyundai,Palisade,2023.0,2500.0,Black,2199.0,Automatic,7.0,865000000.0,Diesel,2.0
Mercedes,Benz,2007.0,62500.0,Black,1796.0,Automatic,5.0,240000000.0,Petrol,18.0
Mercedes,Benz,2019.0,7500.0,White,1497.0,Automatic,5.0,525000000.0,Petrol,6.0
Toyota,Alphard,2022.0,2500.0,Black,2494.0,Automatic,7.0,1100000000.0,Petrol,3.0
Toyota,Alphard,2015.0,57500.0,White,2494.0,Automatic,7.0,555000000.0,Petrol,10.0
Toyota,Land,2023.0,2500.0,Black,3346.0,Automatic,7.0,2295000000.0,Diesel,2.0
Bmw,Z4,2022.0,2500.0,White,1998.0,Automatic,2.0,1295000000.0,Petrol,3.0
Toyota,Vellfire,2024.0,2500.0,Black,2500.0,Automatic,7.0,1850000000.0,Hybrid,1.0
Bmw,530I,2019.0,22500.0,Black,1998.0,Automatic,5.0,675000000.0,Petrol,6.0
Mercedes,Benz,2019.0,92500.0,Black,1991.0,Automatic,4.0,600000000.0,Petrol,6.0
Toyota,Voxy,2024.0,2500.0,Black,1986.0,Automatic,7.0,535000000.0,Petrol,1.0
Toyota,Kijang,2024.0,2500.0,Black,1987.0,Automatic,8.0,505000000.0,Petrol,1.0
Mercedes,Benz,2023.0,2500.0,Black,2999.0,Automatic,7.0,1450000000.0,Petrol,2.0
Toyota,Alphard,2019.0,47500.0,Black,2494.0,Automatic,7.0,825000000.0,Petrol,6.0
Lexus,Rx,2021.0,12500.0,Black,1998.0,Automatic,5.0,1075000000.0,Petrol,4.0
Mercedes,Benz,2017.0,22500.0,White,1991.0,Automatic,4.0,625000000.0,Petrol,8.0
Toyota,Alphard,2020.0,7500.0,Black,2494.0,Automatic,7.0,950000000.0,Petrol,5.0
Mercedes,Benz,2013.0,52500.0,Black,1796.0,Automatic,5.0,210000000.0,Petrol,12.0
Mercedes,Benz,2020.0,7500.0,Black,1991.0,Automatic,7.0,785000000.0,Petrol,5.0
Mercedes,Benz,2021.0,17500.0,White,1991.0,Automatic,7.0,815000000.0,Petrol,4.0
Lexus,Rx,2019.0,17500.0,White,1998.0,Automatic,5.0,865000000.0,Petrol,6.0
Mercedes,Benz,2017.0,2500.0,Black,1991.0,Automatic,5.0,535000000.0,Petrol,8.0
Mercedes,Benz,2019.0,7500.0,Black,1991.0,Automatic,5.0,635000000.0,Petrol,6.0
Honda,Hr,2023.0,7500.0,Black,1498.0,Automatic,5.0,335000000.0,Petrol,2.0
Mercedes,Benz,2013.0,2500.0,White,1796.0,Automatic,2.0,625000000.0,Petrol,12.0
Mercedes,Benz,2021.0,12500.0,Black,2999.0,Automatic,7.0,1235000000.0,Petrol,4.0
Lexus,Lx,2018.0,17500.0,Black,5663.0,Automatic,8.0,1875000000.0,Petrol,7.0
Jeep,Wrangler,2021.0,7500.0,Black,1995.0,Automatic,4.0,1850000000.0,Petrol,4.0
Mercedes,Benz,2022.0,2500.0,Red,1991.0,Automatic,5.0,1300000000.0,Petrol,3.0
Mercedes,Benz,2022.0,2500.0,White,1999.0,Automatic,5.0,910000000.0,Petrol,3.0
Land,Rover,2018.0,17500.0,Black,2995.0,Automatic,5.0,1345000000.0,Petrol,7.0
Mercedes,Benz,2020.0,7500.0,Black,2999.0,Automatic,7.0,1225000000.0,Petrol,5.0
Mercedes,Benz,2022.0,7500.0,Black,1991.0,Automatic,7.0,895000000.0,Petrol,3.0
Mercedes,Benz,2018.0,12500.0,Grey,1596.0,Automatic,5.0,400000000.0,Petrol,7.0
Porsche,Cayman,2011.0,17500.0,White,2893.0,Automatic,2.0,849000000.0,Petrol,14.0
Mercedes,Benz,2022.0,7500.0,Black,2999.0,Automatic,7.0,1425000000.0,Petrol,3.0
Mercedes,Benz,2020.0,27500.0,Black,2999.0,Automatic,7.0,1050000000.0,Petrol,5.0
Mercedes,Benz,2019.0,17500.0,Black,1497.0,Automatic,5.0,399000000.0,Petrol,6.0
Lexus,Rx,2023.0,7500.0,Black,2500.0,Automatic,5.0,1475000000.0,Hybrid,2.0
Bmw,Z4,2023.0,2500.0,Grey,2993.0,Automatic,2.0,1625000000.0,Petrol,2.0
Land,Rover,2015.0,47500.0,Black,2995.0,Automatic,5.0,1375000000.0,Petrol,10.0
Toyota,Land,2022.0,17500.0,Black,3346.0,Automatic,7.0,2100000000.0,Diesel,3.0
Mercedes,Benz,2019.0,7500.0,White,1991.0,Automatic,5.0,635000000.0,Petrol,6.0
Mercedes,Benz,2020.0,2500.0,White,1991.0,Automatic,5.0,675000000.0,Petrol,5.0
Mercedes,Benz,2015.0,17500.0,Black,2996.0,Automatic,5.0,650000000.0,Petrol,10.0
Bmw,730Li,2022.0,2500.0,Black,1998.0,Automatic,5.0,1250000000.0,Petrol,3.0
Mercedes,Benz,2018.0,7500.0,Black,2996.0,Automatic,7.0,920000000.0,Petrol,7.0
Mercedes,Benz,2016.0,2500.0,White,1991.0,Automatic,5.0,495000000.0,Petrol,9.0
Land,Rover,2014.0,12500.0,Black,5000.0,Automatic,5.0,1450000000.0,Petrol,11.0
Mercedes,Benz,2022.0,2500.0,Black,1991.0,Automatic,5.0,1125000000.0,Petrol,3.0
Toyota,Harrier,2022.0,7500.0,White,1987.0,Automatic,5.0,925000000.0,Petrol,3.0
Mitsubishi,Pajero,2022.0,37500.0,White,2442.0,Automatic,7.0,475000000.0,Diesel,3.0
Lexus,Lx,2019.0,57500.0,Black,5663.0,Automatic,8.0,1975000000.0,Petrol,6.0
Mercedes,Benz,2011.0,17500.0,Grey,5439.0,Automatic,5.0,2500000000.0,Petrol,14.0
Bmw,X5,2024.0,2500.0,Black,2998.0,Automatic,5.0,1550000000.0,Petrol,1.0
Mercedes,Benz,2012.0,12500.0,Black,5439.0,Automatic,5.0,2650000000.0,Petrol,13.0
Bmw,M2,2018.0,27500.0,Grey,2979.0,Automatic,4.0,975000000.0,Petrol,7.0
Ford,Mustang,2021.0,2500.0,Grey,2264.0,Automatic,4.0,1275000000.0,Petrol,4.0
Toyota,Alphard,2015.0,57500.0,White,2494.0,Automatic,7.0,550000000.0,Petrol,10.0
Toyota,Fj,2012.0,47500.0,Black,3956.0,Automatic,5.0,1175000000.0,Petrol,13.0
Bmw,X7,2021.0,7500.0,Black,2998.0,Automatic,7.0,1450000000.0,Petrol,4.0
Land,Rover,2021.0,2500.0,Brown,1997.0,Automatic,5.0,2525000000.0,Petrol,4.0
Hyundai,Palisade,2021.0,37500.0,Black,2199.0,Automatic,7.0,625000000.0,Diesel,4.0
Mercedes,Benz,2023.0,2500.0,Black,2999.0,Automatic,5.0,1700000000.0,Petrol,2.0
Mercedes,Benz,2019.0,17500.0,Red,2996.0,Automatic,5.0,875000000.0,Petrol,6.0
Lexus,Lx,2013.0,97500.0,White,5663.0,Automatic,8.0,875000000.0,Petrol,12.0
Toyota,Alphard,2022.0,17500.0,Black,2494.0,Automatic,7.0,1075000000.0,Petrol,3.0
Hyundai,Creta,2023.0,7500.0,White,1497.0,Automatic,5.0,309000000.0,Petrol,2.0
Mercedes,Benz,2014.0,57500.0,White,1991.0,Automatic,5.0,296000000.0,Petrol,11.0
Toyota,Land,2024.0,2500.0,Black,3346.0,Automatic,7.0,2350000000.0,Diesel,1.0
Land,Rover,2022.0,2500.0,Black,1997.0,Automatic,5.0,2575000000.0,Petrol,3.0
Mercedes,Benz,2019.0,37500.0,Grey,1991.0,Automatic,5.0,550000000.0,Petrol,6.0
Mercedes,Benz,2023.0,2500.0,Black,2999.0,Automatic,5.0,2300000000.0,Petrol,2.0
Jeep,Wrangler,2013.0,57500.0,Orange,3604.0,Automatic,5.0,950000000.0,Petrol,12.0
Toyota,Alphard,2018.0,37500.0,Grey,3456.0,Automatic,7.0,850000000.0,Petrol,7.0
Mercedes,Benz,2020.0,2500.0,Grey,1991.0,Automatic,7.0,795000000.0,Petrol,5.0
Lexus,Lx,2023.0,7500.0,Black,3445.0,Automatic,4.0,3700000000.0,Petrol,2.0
Mercedes,Benz,2018.0,17500.0,Black,2999.0,Automatic,5.0,1100000000.0,Petrol,7.0
Mclaren,650S,2014.0,2500.0,Yellow,3799.0,Automatic,2.0,4500000000.0,Petrol,11.0
Toyota,Land,2012.0,102500.0,Black,4461.0,Automatic,8.0,1025000000.0,Diesel,13.0
Mercedes,Benz,2022.0,7500.0,Silver,1999.0,Automatic,5.0,875000000.0,Petrol,3.0
Mazda,Mx,2023.0,2500.0,Red,1998.0,Manual,2.0,710000000.0,Petrol,2.0
Bmw,M4,2015.0,12500.0,Yellow,2993.0,Automatic,4.0,1300000000.0,Petrol,10.0
Porsche,718,2017.0,7500.0,Yellow,1988.0,Automatic,2.0,1675000000.0,Petrol,8.0
Toyota,Vellfire,2014.0,67500.0,Black,2362.0,Automatic,7.0,299000000.0,Petrol,11.0
Bmw,X1,2012.0,72500.0,Grey,1995.0,Automatic,5.0,170000000.0,Petrol,13.0
Mazda,Cx,2023.0,17500.0,Black,2488.0,Automatic,5.0,525000000.0,Petrol,2.0
Mercedes,Benz,2019.0,12500.0,Black,1991.0,Automatic,4.0,865000000.0,Petrol,6.0
Bmw,740Li,2016.0,27500.0,Black,2979.0,Automatic,5.0,575000000.0,Petrol,9.0
Mercedes,Benz,2023.0,2500.0,Black,1332.0,Automatic,7.0,775000000.0,Petrol,2.0
Mercedes,Benz,2021.0,7500.0,Black,2999.0,Automatic,7.0,1675000000.0,Petrol,4.0
Mercedes,Benz,2022.0,7500.0,Black,2999.0,Automatic,7.0,1875000000.0,Petrol,3.0
Toyota,Alphard,2016.0,32500.0,White,2494.0,Automatic,7.0,650000000.0,Petrol,9.0
Lexus,Es,2023.0,2500.0,Grey,2487.0,Automatic,5.0,1050000000.0,Hybrid,2.0
Bmw,740Li,2014.0,27500.0,Black,2979.0,Automatic,5.0,450000000.0,Petrol,11.0
Mercedes,Benz,2015.0,22500.0,Black,2996.0,Automatic,5.0,800000000.0,Petrol,10.0
Mercedes,Benz,2012.0,7500.0,White,1796.0,Automatic,2.0,575000000.0,Petrol,13.0
Lexus,Lx,2008.0,102500.0,Black,5663.0,Automatic,8.0,625000000.0,Petrol,17.0
Mercedes,Benz,2023.0,2500.0,Black,2999.0,Automatic,5.0,1750000000.0,Petrol,2.0
Lexus,Lm,2021.0,22500.0,Black,3456.0,Automatic,4.0,1500000000.0,Petrol,4.0
Lexus,Lm,2022.0,17500.0,Black,3456.0,Automatic,4.0,1575000000.0,Petrol,3.0
Mercedes,Benz,2019.0,27500.0,Black,1991.0,Automatic,7.0,750000000.0,Petrol,6.0
Toyota,Crown,2014.0,42500.0,Black,2499.0,Automatic,5.0,550000000.0,Petrol,11.0
Mercedes,Benz,2019.0,17500.0,White,1991.0,Automatic,5.0,800000000.0,Petrol,6.0
Toyota,Granace,2023.0,2500.0,Black,2754.0,Automatic,8.0,1550000000.0,Diesel,2.0
Lexus,Rx,2021.0,27500.0,Black,1998.0,Automatic,5.0,990000000.0,Petrol,4.0
Land,Rover,2018.0,27500.0,Silver,1998.0,Automatic,5.0,1250000000.0,Petrol,7.0
Toyota,Alphard,2019.0,27500.0,Brown,2494.0,Automatic,7.0,800000000.0,Petrol,6.0
Mercedes,Benz,2020.0,7500.0,Black,3982.0,Automatic,5.0,5350000000.0,Petrol,5.0
Bmw,730Li,2022.0,2500.0,Black,1998.0,Automatic,5.0,1450000000.0,Petrol,3.0
Mercedes,Benz,2015.0,37500.0,White,2996.0,Automatic,5.0,625000000.0,Petrol,10.0
Jeep,Wrangler,2014.0,32500.0,Black,3604.0,Automatic,4.0,1025000000.0,Petrol,11.0
Mercedes,Benz,2019.0,12500.0,Black,2999.0,Automatic,7.0,1500000000.0,Petrol,6.0
Toyota,Alphard,2022.0,37500.0,White,2494.0,Automatic,7.0,1050000000.0,Petrol,3.0
Mercedes,Benz,2019.0,22500.0,Black,2996.0,Automatic,7.0,950000000.0,Petrol,6.0
Mercedes,Benz,2018.0,17500.0,White,1991.0,Automatic,5.0,675000000.0,Petrol,7.0
Toyota,Land,2016.0,67500.0,Black,4461.0,Automatic,8.0,1530000000.0,Diesel,9.0
Land,Rover,2022.0,12500.0,Black,1997.0,Automatic,5.0,2625000000.0,Petrol,3.0
Toyota,Alphard,2017.0,17500.0,White,2494.0,Automatic,7.0,725000000.0,Petrol,8.0
Toyota,Land,1997.0,177500.0,Red,4164.0,Automatic,8.0,850000000.0,Diesel,28.0
Toyota,Calya,2022.0,27500.0,White,1197.0,Manual,7.0,127500000.0,Petrol,3.0
Bmw,320I,2014.0,47500.0,Black,1997.0,Automatic,5.0,258000000.0,Petrol,11.0
Mercedes,Benz,2015.0,12500.0,Black,4663.0,Automatic,4.0,2350000000.0,Petrol,10.0
Land,Rover,2021.0,2500.0,Green,1997.0,Automatic,5.0,2150000000.0,Petrol,4.0
Bmw,730Li,2022.0,2500.0,Grey,1998.0,Automatic,5.0,1450000000.0,Petrol,3.0
Mercedes,Benz,2022.0,2500.0,White,2999.0,Automatic,5.0,2150000000.0,Petrol,3.0
Mercedes,Benz,2020.0,12500.0,Black,1991.0,Automatic,6.0,800000000.0,Petrol,5.0
Bmw,520I,2018.0,17500.0,Black,1998.0,Automatic,5.0,550000000.0,Petrol,7.0
Mercedes,Benz,2023.0,2500.0,Black,1496.0,Automatic,5.0,900000000.0,Petrol,2.0
Toyota,Land,2012.0,147500.0,Black,4461.0,Automatic,8.0,1075000000.0,Diesel,13.0
Suzuki,Jimny,2022.0,2500.0,Green,1462.0,Automatic,4.0,450000000.0,Petrol,3.0
Porsche,Panamera,2012.0,12500.0,Black,3605.0,Automatic,4.0,775000000.0,Petrol,13.0
Mercedes,Benz,2016.0,12500.0,Black,2996.0,Automatic,5.0,825000000.0,Petrol,9.0
Bmw,530I,2022.0,2500.0,Black,1998.0,Automatic,5.0,975000000.0,Petrol,3.0
Toyota,Alphard,2019.0,47500.0,Black,2494.0,Automatic,7.0,850000000.0,Petrol,6.0
Toyota,Hiace,2021.0,27500.0,White,2755.0,Manual,12.0,875000000.0,Diesel,4.0
Mercedes,Benz,2017.0,27500.0,White,2996.0,Automatic,7.0,875000000.0,Petrol,8.0
Lexus,Lx,2017.0,42500.0,Black,5663.0,Automatic,8.0,1725000000.0,Petrol,8.0
Mercedes,Benz,2021.0,32500.0,Black,2143.0,Manual,8.0,1750000000.0,Diesel,4.0
Bmw,X4,2022.0,2500.0,Black,1998.0,Automatic,5.0,1275000000.0,Petrol,3.0
Mercedes,Benz,2019.0,12500.0,Silver,1991.0,Automatic,4.0,1150000000.0,Petrol,6.0
Land,Rover,2013.0,17500.0,Black,5000.0,Automatic,5.0,1800000000.0,Petrol,12.0
Toyota,Alphard,2021.0,27500.0,Black,2494.0,Automatic,7.0,975000000.0,Petrol,4.0
Mercedes,Benz,2022.0,2500.0,Black,3982.0,Automatic,5.0,6050000000.0,Petrol,3.0
Toyota,Alphard,2023.0,12500.0,Black,2500.0,Automatic,7.0,1150000000.0,Petrol,2.0
Bmw,730Li,2022.0,2500.0,Black,1998.0,Automatic,5.0,1525000000.0,Petrol,3.0
Mazda,Cx,2022.0,17500.0,Grey,2488.0,Automatic,5.0,575000000.0,Petrol,3.0
Mercedes,Benz,2018.0,22500.0,Black,1991.0,Automatic,5.0,650000000.0,Petrol,7.0
Bmw,X7,2023.0,2500.0,Black,2998.0,Automatic,7.0,2400000000.0,Petrol,2.0
Lexus,Rx,2020.0,27500.0,White,1998.0,Automatic,5.0,1025000000.0,Petrol,5.0
Mercedes,Benz,2013.0,37500.0,Black,2996.0,Automatic,5.0,375000000.0,Petrol,12.0
Porsche,911,2012.0,7500.0,White,3800.0,Automatic,4.0,2600000000.0,Petrol,13.0
Mercedes,Benz,2023.0,2500.0,White,3982.0,Automatic,5.0,6000000000.0,Petrol,2.0
Mercedes,Benz,2021.0,7500.0,Black,1991.0,Automatic,7.0,1300000000.0,Petrol,4.0
Toyota,Camry,2021.0,27500.0,Black,2487.0,Automatic,5.0,650000000.0,Hybrid,4.0
Mercedes,Benz,2017.0,12500.0,White,2996.0,Automatic,5.0,1075000000.0,Petrol,8.0
Bmw,I8,2016.0,7500.0,White,1499.0,Automatic,4.0,2500000000.0,Petrol,9.0
Mercedes,Benz,2019.0,7500.0,Black,1991.0,Automatic,6.0,975000000.0,Petrol,6.0
Bmw,740Li,2016.0,42500.0,Black,2979.0,Automatic,5.0,675000000.0,Petrol,9.0
Mercedes,Benz,2018.0,12500.0,Black,2999.0,Automatic,5.0,1200000000.0,Petrol,7.0
Mercedes,Benz,2018.0,12500.0,Black,1595.0,Automatic,5.0,450000000.0,Petrol,7.0
Ferrari,California,2012.0,12500.0,Red,4297.0,Automatic,4.0,2700000000.0,Petrol,13.0
Jeep,Wrangler,2022.0,2500.0,Grey,2000.0,Automatic,5.0,1850000000.0,Petrol,3.0
Land,Rover,2014.0,17500.0,White,2995.0,Automatic,5.0,1500000000.0,Petrol,11.0
Mercedes,Benz,2018.0,47500.0,Black,2143.0,Automatic,5.0,675000000.0,Petrol,7.0
Mercedes,Benz,2022.0,7500.0,White,2999.0,Automatic,5.0,2200000000.0,Petrol,3.0
Land,Rover,2013.0,12500.0,White,5000.0,Automatic,5.0,1600000000.0,Petrol,12.0
Lexus,Lx,2016.0,32500.0,Grey,5663.0,Automatic,8.0,1750000000.0,Petrol,9.0
Porsche,Boxster,2013.0,2500.0,White,2706.0,Automatic,2.0,1275000000.0,Petrol,12.0
Jeep,Wrangler,2011.0,17500.0,Black,3778.0,Automatic,5.0,825000000.0,Petrol,14.0
Maserati,Quattroporte,2017.0,2500.0,Brown,2979.0,Automatic,5.0,1225000000.0,Petrol,8.0
Lexus,Lx,2020.0,17500.0,Black,5663.0,Automatic,8.0,2700000000.0,Petrol,5.0
Bmw,X5,2021.0,22500.0,Grey,2998.0,Automatic,5.0,1150000000.0,Petrol,4.0
Toyota,Land,2023.0,2500.0,Black,2693.0,Automatic,7.0,1475000000.0,Petrol,2.0
Mercedes,Benz,2021.0,22500.0,Black,1332.0,Automatic,5.0,575000000.0,Petrol,4.0
Lexus,Es,2020.0,37500.0,Black,2487.0,Automatic,5.0,825000000.0,Hybrid,5.0
Mercedes,Benz,2011.0,32500.0,Grey,5461.0,Automatic,4.0,950000000.0,Petrol,14.0
Mercedes,Benz,2022.0,2500.0,White,1332.0,Automatic,5.0,825000000.0,Petrol,3.0
Toyota,Land,2020.0,12500.0,Black,2693.0,Automatic,7.0,1150000000.0,Petrol,5.0
Mercedes,Benz,2015.0,7500.0,Yellow,3982.0,Automatic,2.0,3900000000.0,Petrol,10.0
Mercedes,Benz,2017.0,17500.0,Black,2996.0,Automatic,5.0,995000000.0,Petrol,8.0
Porsche,Macan,2014.0,27500.0,Grey,2997.0,Automatic,5.0,850000000.0,Petrol,11.0
Mercedes,Benz,2016.0,17500.0,Black,2996.0,Automatic,7.0,895000000.0,Petrol,9.0
Mercedes,Benz,2016.0,42500.0,White,2143.0,Automatic,7.0,575000000.0,Diesel,9.0
Mercedes,Benz,2021.0,12500.0,Black,2999.0,Automatic,7.0,1475000000.0,Petrol,4.0
Mercedes,Benz,2015.0,7500.0,White,2996.0,Automatic,4.0,1075000000.0,Petrol,10.0
Mercedes,Benz,2017.0,7500.0,Black,2996.0,Automatic,5.0,1175000000.0,Petrol,8.0
Toyota,Alphard,2016.0,37500.0,Black,2494.0,Automatic,7.0,850000000.0,Petrol,9.0
Lexus,Lx,2012.0,57500.0,Black,5663.0,Automatic,8.0,1125000000.0,Petrol,13.0
Mercedes,Benz,2015.0,32500.0,Black,2996.0,Automatic,5.0,825000000.0,Petrol,10.0
Mercedes,Benz,2023.0,2500.0,Black,2925.0,Automatic,5.0,4100000000.0,Diesel,2.0
Toyota,Land,2018.0,27500.0,Black,4461.0,Automatic,8.0,2150000000.0,Diesel,7.0
Porsche,Macan,2022.0,2500.0,Silver,1984.0,Automatic,5.0,1750000000.0,Petrol,3.0
Ferrari,Roma,2021.0,2500.0,Red,3855.0,Automatic,4.0,7000000000.0,Petrol,4.0
Honda,Civic,2018.0,7500.0,Blue,1996.0,Manual,5.0,855000000.0,Petrol,7.0
Lexus,Rx,2021.0,27500.0,Black,1998.0,Automatic,5.0,1175000000.0,Petrol,4.0
Mercedes,Benz,2013.0,7500.0,Black,2996.0,Automatic,5.0,475000000.0,Petrol,12.0
Mercedes,Benz,2022.0,2500.0,Yellow,1991.0,Automatic,5.0,1625000000.0,Petrol,3.0
Bmw,528I,2016.0,52500.0,Black,1997.0,Automatic,5.0,395000000.0,Petrol,9.0
Toyota,Alphard,2013.0,52500.0,Silver,2362.0,Automatic,7.0,325000000.0,Petrol,12.0
Mercedes,Benz,2023.0,2500.0,White,3982.0,Automatic,5.0,6800000000.0,Petrol,2.0
Porsche,Macan,2017.0,12500.0,White,1984.0,Automatic,5.0,1100000000.0,Petrol,8.0
Bmw,X5,2019.0,27500.0,White,2998.0,Automatic,5.0,995000000.0,Petrol,6.0
Mercedes,Benz,2020.0,12500.0,Black,2999.0,Automatic,7.0,1850000000.0,Petrol,5.0
Bmw,320I,2018.0,17500.0,Black,1995.0,Automatic,5.0,450000000.0,Petrol,7.0
Bmw,740Li,2019.0,12500.0,Black,2998.0,Automatic,5.0,1125000000.0,Petrol,6.0
Mercedes,Benz,2022.0,12500.0,Grey,1332.0,Automatic,5.0,650000000.0,Petrol,3.0
Bmw,M850I,2019.0,7500.0,Blue,4395.0,Automatic,4.0,2900000000.0,Petrol,6.0
Mercedes,Benz,2022.0,2500.0,Black,2999.0,Automatic,5.0,2200000000.0,Petrol,3.0
Porsche,Macan,2015.0,22500.0,Black,1984.0,Automatic,5.0,765000000.0,Petrol,10.0
Mercedes,Benz,2012.0,12500.0,Grey,1796.0,Automatic,2.0,650000000.0,Petrol,13.0
Bmw,X5,2017.0,57500.0,Black,1995.0,Automatic,5.0,550000000.0,Diesel,8.0
Bmw,X7,2020.0,12500.0,Black,2998.0,Automatic,7.0,1750000000.0,Petrol,5.0
Porsche,Cayenne,2013.0,32500.0,White,4806.0,Automatic,5.0,875000000.0,Petrol,12.0
Mercedes,Benz,2015.0,27500.0,White,1595.0,Automatic,5.0,425000000.0,Petrol,10.0
Lexus,Lm,2021.0,27500.0,Black,3456.0,Automatic,4.0,1700000000.0,Petrol,4.0
Mercedes,Benz,2022.0,2500.0,Grey,1991.0,Automatic,5.0,1750000000.0,Petrol,3.0
Mercedes,Benz,2021.0,12500.0,Black,1991.0,Automatic,5.0,1080000000.0,Petrol,4.0
Mercedes,Benz,2021.0,22500.0,Black,1991.0,Automatic,5.0,1075000000.0,Petrol,4.0
Porsche,718,2018.0,2500.0,Blue,1988.0,Automatic,2.0,1975000000.0,Petrol,7.0
Bmw,530I,2018.0,7500.0,Black,1998.0,Automatic,5.0,725000000.0,Petrol,7.0
Bmw,730Li,2017.0,22500.0,Black,1998.0,Automatic,5.0,825000000.0,Petrol,8.0
Lexus,Rx,2023.0,2500.0,Black,2500.0,Automatic,5.0,1725000000.0,Hybrid,2.0
Mercedes,Benz,2014.0,22500.0,White,2996.0,Automatic,4.0,825000000.0,Petrol,11.0
Mercedes,Benz,2012.0,12500.0,White,1796.0,Automatic,2.0,550000000.0,Petrol,13.0
Mercedes,Benz,2018.0,17500.0,White,1991.0,Automatic,4.0,1350000000.0,Petrol,7.0
Bmw,530I,2022.0,2500.0,Blue,1998.0,Automatic,5.0,1750000000.0,Petrol,3.0
Lexus,Ux,2020.0,27500.0,White,1987.0,Automatic,5.0,675000000.0,Petrol,5.0
Mercedes,Benz,2020.0,27500.0,Black,1991.0,Automatic,7.0,875000000.0,Petrol,5.0
Mercedes,Benz,2022.0,2500.0,Black,2999.0,Automatic,5.0,2600000000.0,Petrol,3.0
Bmw,730Li,2020.0,7500.0,Black,1998.0,Automatic,5.0,1475000000.0,Petrol,5.0
Bmw,520I,2021.0,17500.0,Blue,1998.0,Automatic,5.0,875000000.0,Petrol,4.0
Mercedes,Benz,2022.0,2500.0,Black,2999.0,Automatic,7.0,2325000000.0,Petrol,3.0
Bmw,X7,2022.0,2500.0,Grey,2998.0,Automatic,7.0,2200000000.0,Petrol,3.0
Mercedes,Benz,2019.0,12500.0,Black,2999.0,Automatic,5.0,1600000000.0,Petrol,6.0
Mercedes,Benz,2019.0,12500.0,White,1991.0,Automatic,5.0,775000000.0,Petrol,6.0
Lexus,Nx,2017.0,57500.0,Black,1998.0,Automatic,5.0,580000000.0,Petrol,8.0
Mercedes,Benz,2019.0,17500.0,White,1991.0,Automatic,7.0,950000000.0,Petrol,6.0
Land,Rover,2020.0,17500.0,Green,1997.0,Automatic,5.0,2675000000.0,Diesel,5.0
Lexus,Lx,2020.0,17500.0,Black,5663.0,Automatic,8.0,2900000000.0,Petrol,5.0
Mercedes,Benz,2019.0,12500.0,Black,2996.0,Automatic,5.0,1300000000.0,Petrol,6.0
Smart,Fortwo,2011.0,2500.0,Red,999.0,Automatic,2.0,285000000.0,Petrol,14.0
Mercedes,Benz,2022.0,2500.0,Grey,1496.0,Automatic,5.0,895000000.0,Petrol,3.0
Porsche,Cayenne,2011.0,22500.0,White,3598.0,Automatic,5.0,585000000.0,Petrol,14.0
Porsche,Macan,2015.0,32500.0,Red,2997.0,Automatic,5.0,850000000.0,Petrol,10.0
Mercedes,Benz,2020.0,7500.0,Grey,1991.0,Automatic,5.0,1425000000.0,Petrol,5.0
Toyota,Gr,2022.0,2500.0,Black,1618.0,Manual,4.0,1150000000.0,Petrol,3.0
Mercedes,Benz,2015.0,27500.0,White,1595.0,Automatic,5.0,355000000.0,Petrol,10.0
Bmw,520I,2019.0,12500.0,Black,1998.0,Automatic,5.0,800000000.0,Petrol,6.0
Mercedes,Benz,2013.0,22500.0,White,3498.0,Automatic,2.0,1350000000.0,Petrol,12.0
Lexus,Lx,2017.0,27500.0,Black,5663.0,Automatic,8.0,2350000000.0,Petrol,8.0
Bmw,X5,2019.0,32500.0,Black,2998.0,Automatic,5.0,1150000000.0,Petrol,6.0
Land,Rover,2014.0,17500.0,Grey,2995.0,Automatic,5.0,1650000000.0,Petrol,11.0
Toyota,Land,2020.0,47500.0,Black,4461.0,Automatic,8.0,2450000000.0,Diesel,5.0
Lexus,Ls,2018.0,7500.0,Black,3445.0,Automatic,5.0,2150000000.0,Petrol,7.0
Mercedes,Benz,2019.0,17500.0,Black,2999.0,Automatic,5.0,1650000000.0,Petrol,6.0
Lexus,Rx,2021.0,17500.0,White,1998.0,Automatic,5.0,1325000000.0,Petrol,4.0
Lexus,Rx,2019.0,47500.0,White,1998.0,Automatic,5.0,1075000000.0,Petrol,6.0
Mercedes,Benz,2015.0,17500.0,Black,2996.0,Automatic,5.0,935000000.0,Petrol,10.0
Bmw,X3,2018.0,17500.0,White,1998.0,Automatic,5.0,775000000.0,Petrol,7.0
Mercedes,Benz,2018.0,42500.0,Black,2996.0,Automatic,7.0,1150000000.0,Petrol,7.0
Mini,Cooper,2020.0,12500.0,Red,1998.0,Automatic,4.0,785000000.0,Petrol,5.0
Audi,A8,2011.0,27500.0,Black,2995.0,Automatic,5.0,435000000.0,Petrol,14.0
Mercedes,Benz,2014.0,22500.0,White,2996.0,Automatic,5.0,895000000.0,Petrol,11.0
Mercedes,Benz,2019.0,7500.0,White,1991.0,Automatic,5.0,1025000000.0,Petrol,6.0
Bmw,X3,2022.0,2500.0,White,1998.0,Automatic,5.0,1250000000.0,Petrol,3.0
Jaguar,Xf,2013.0,22500.0,Grey,1999.0,Automatic,5.0,395000000.0,Petrol,12.0
Bmw,840I,2020.0,2500.0,Black,2998.0,Automatic,5.0,1995000000.0,Petrol,5.0
Mercedes,Benz,2021.0,2500.0,Black,1991.0,Automatic,7.0,1700000000.0,Petrol,4.0
Land,Rover,2015.0,27500.0,Black,2995.0,Automatic,5.0,2200000000.0,Petrol,10.0
Mercedes,Benz,2021.0,12500.0,Black,2999.0,Automatic,7.0,1690000000.0,Petrol,4.0
Mercedes,Benz,2018.0,12500.0,Grey,1991.0,Automatic,5.0,760000000.0,Petrol,7.0
Lexus,Lx,2022.0,2500.0,Black,3445.0,Automatic,7.0,4750000000.0,Petrol,3.0
Honda,Civic,2020.0,27500.0,White,1498.0,Automatic,5.0,440000000.0,Petrol,5.0
Bmw,X7,2021.0,2500.0,White,2998.0,Automatic,7.0,2200000000.0,Petrol,4.0
Mercedes,Benz,2015.0,12500.0,Black,1991.0,Automatic,5.0,750000000.0,Petrol,10.0
Land,Rover,2017.0,12500.0,Black,2995.0,Automatic,7.0,1700000000.0,Petrol,8.0
Lexus,Lx,2009.0,47500.0,Black,5663.0,Automatic,8.0,975000000.0,Petrol,16.0
Mercedes,Benz,2020.0,17500.0,Black,2999.0,Automatic,7.0,1575000000.0,Petrol,5.0
Mercedes,Benz,2014.0,22500.0,Black,4663.0,Automatic,7.0,825000000.0,Petrol,11.0
Audi,A6,2014.0,22500.0,White,2773.0,Automatic,5.0,350000000.0,Petrol,11.0
Bmw,M3,2012.0,12500.0,White,3999.0,Automatic,4.0,2075000000.0,Petrol,13.0
Mercedes,Benz,2022.0,2500.0,White,1991.0,Automatic,5.0,1675000000.0,Petrol,3.0
Jeep,Wrangler,2014.0,47500.0,Black,2776.0,Automatic,5.0,1000000000.0,Diesel,11.0
Mercedes,Benz,2019.0,12500.0,Blue,2999.0,Automatic,4.0,2500000000.0,Petrol,6.0
Mercedes,Benz,2019.0,2500.0,Yellow,1991.0,Automatic,4.0,1250000000.0,Petrol,6.0
Mercedes,Benz,2018.0,22500.0,White,1991.0,Automatic,5.0,575000000.0,Petrol,7.0
Mercedes,Benz,2016.0,2500.0,White,1991.0,Automatic,5.0,550000000.0,Petrol,9.0
Porsche,Cayman,2013.0,7500.0,Yellow,2706.0,Automatic,2.0,1325000000.0,Petrol,12.0
Jeep,Wrangler,2011.0,22500.0,Black,3778.0,Automatic,5.0,750000000.0,Petrol,14.0
Porsche,Panamera,2010.0,22500.0,Silver,4806.0,Automatic,4.0,1150000000.0,Petrol,15.0
Porsche,Cayman,2013.0,12500.0,Yellow,2706.0,Automatic,2.0,1450000000.0,Petrol,12.0
Toyota,Alphard,2017.0,27500.0,Black,2494.0,Automatic,7.0,975000000.0,Petrol,8.0
Bmw,X7,2020.0,2500.0,Black,2998.0,Automatic,7.0,2100000000.0,Petrol,5.0
Porsche,Cayenne,2012.0,22500.0,White,3598.0,Automatic,5.0,725000000.0,Petrol,13.0
Lexus,Lm,2022.0,7500.0,Black,3456.0,Automatic,4.0,2550000000.0,Petrol,3.0
Mercedes,Benz,2021.0,2500.0,Black,2999.0,Automatic,7.0,1775000000.0,Petrol,4.0
Mercedes,Benz,2019.0,12500.0,Black,1332.0,Automatic,5.0,595000000.0,Petrol,6.0
Mercedes,Benz,2022.0,2500.0,Yellow,1991.0,Automatic,5.0,1695000000.0,Petrol,3.0
Porsche,911,2012.0,7500.0,White,3800.0,Automatic,4.0,2750000000.0,Petrol,13.0
Lexus,Lm,2021.0,27500.0,Black,3456.0,Automatic,4.0,2575000000.0,Petrol,4.0
Toyota,Land,2012.0,77500.0,Black,4461.0,Automatic,8.0,1325000000.0,Diesel,13.0
Toyota,Gr,2022.0,2500.0,Red,2387.0,Automatic,4.0,1000000000.0,Petrol,3.0
Mercedes,Benz,2020.0,2500.0,Black,1991.0,Automatic,7.0,1700000000.0,Petrol,5.0
Mini,Cabrio,2020.0,2500.0,Red,1998.0,Automatic,4.0,1050000000.0,Petrol,5.0
Mercedes,Benz,2015.0,17500.0,Black,2996.0,Automatic,5.0,975000000.0,Petrol,10.0
Mercedes,Benz,2019.0,22500.0,Black,1991.0,Automatic,5.0,750000000.0,Petrol,6.0
Mercedes,Benz,2012.0,27500.0,White,1796.0,Automatic,4.0,530000000.0,Petrol,13.0
Bmw,330I,2016.0,17500.0,White,1998.0,Automatic,5.0,550000000.0,Petrol,9.0
Land,Rover,2010.0,27500.0,Black,5000.0,Automatic,5.0,775000000.0,Petrol,15.0
Mini,Cooper,2020.0,7500.0,Red,1998.0,Automatic,4.0,895000000.0,Petrol,5.0
Bmw,520I,2018.0,17500.0,Brown,1998.0,Automatic,5.0,685000000.0,Petrol,7.0
Smart,Fortwo,2013.0,17500.0,Black,999.0,Automatic,2.0,265000000.0,Petrol,12.0
Mercedes,Benz,2021.0,2500.0,Black,1991.0,Automatic,5.0,985000000.0,Petrol,4.0
Bmw,840I,2021.0,2500.0,White,2998.0,Automatic,4.0,2675000000.0,Petrol,4.0
Porsche,718,2020.0,2500.0,White,1988.0,Automatic,2.0,2450000000.0,Petrol,5.0
Suzuki,Jimny,2022.0,2500.0,Green,1462.0,Automatic,4.0,485000000.0,Petrol,3.0
Maserati,Levante,2021.0,2500.0,Grey,2979.0,Automatic,5.0,2800000000.0,Petrol,4.0
Maserati,Ghibli,2016.0,12500.0,Black,2979.0,Automatic,5.0,1225000000.0,Petrol,9.0
Bmw,330I,2021.0,2500.0,Black,1998.0,Automatic,5.0,975000000.0,Petrol,4.0
Mercedes,Benz,2015.0,7500.0,Silver,2143.0,Automatic,7.0,825000000.0,Diesel,10.0
Ferrari,California,2014.0,2500.0,White,4297.0,Automatic,4.0,3650000000.0,Petrol,11.0
Land,Rover,2018.0,12500.0,Black,2995.0,Automatic,5.0,2650000000.0,Petrol,7.0
Mercedes,Benz,2017.0,12500.0,Black,2996.0,Automatic,5.0,1275000000.0,Petrol,8.0
Bmw,X7,2020.0,7500.0,Black,2998.0,Automatic,7.0,2200000000.0,Petrol,5.0
Bmw,520I,2014.0,32500.0,Brown,1997.0,Automatic,5.0,425000000.0,Petrol,11.0
Mercedes,Benz,2019.0,2500.0,White,1991.0,Automatic,4.0,1550000000.0,Petrol,6.0
Lexus,Rx,2020.0,22500.0,Grey,1998.0,Automatic,5.0,1335000000.0,Petrol,5.0
Volkswagen,Scirocco,2013.0,47500.0,Black,1390.0,Automatic,4.0,299000000.0,Petrol,12.0
Mercedes,Benz,2008.0,22500.0,Black,5513.0,Automatic,5.0,950000000.0,Petrol,17.0
Lexus,Ls,2011.0,27500.0,White,4969.0,Automatic,5.0,575000000.0,Hybrid,14.0
Mercedes,Benz,2011.0,27500.0,Black,3498.0,Automatic,5.0,525000000.0,Petrol,14.0
Bmw,218I,2022.0,2500.0,White,1499.0,Automatic,5.0,750000000.0,Petrol,3.0
Mercedes,Benz,2021.0,2500.0,Grey,3982.0,Automatic,5.0,7000000000.0,Petrol,4.0
Mercedes,Benz,2018.0,27500.0,White,2996.0,Automatic,5.0,950000000.0,Petrol,7.0
Lexus,Lx,2019.0,22500.0,Black,5663.0,Automatic,8.0,2900000000.0,Petrol,6.0
Bmw,520I,2021.0,2500.0,White,1998.0,Automatic,5.0,1025000000.0,Petrol,4.0
Mercedes,Benz,2020.0,2500.0,Black,2999.0,Automatic,4.0,2950000000.0,Petrol,5.0
Bmw,750Li,2009.0,37500.0,Black,4395.0,Automatic,5.0,450000000.0,Petrol,16.0
Peugeot,5008,2021.0,2500.0,White,1598.0,Automatic,7.0,585000000.0,Petrol,4.0
Mercedes,Benz,2014.0,37500.0,White,2996.0,Automatic,7.0,775000000.0,Petrol,11.0
Mercedes,Benz,2015.0,32500.0,Black,2996.0,Automatic,4.0,1175000000.0,Petrol,10.0
Bmw,X5,2015.0,47500.0,White,2979.0,Automatic,5.0,665000000.0,Petrol,10.0
Mercedes,Benz,2017.0,37500.0,Black,1991.0,Automatic,5.0,595000000.0,Petrol,8.0
Lexus,Lx,2018.0,37500.0,Black,5663.0,Automatic,8.0,2450000000.0,Petrol,7.0
Toyota,Vellfire,2012.0,87500.0,White,2362.0,Automatic,7.0,375000000.0,Petrol,13.0
Land,Rover,2020.0,17500.0,Green,1997.0,Automatic,5.0,2750000000.0,Diesel,5.0
Mercedes,Benz,2020.0,7500.0,Black,2999.0,Automatic,7.0,2250000000.0,Petrol,5.0
Porsche,Macan,2014.0,17500.0,White,1984.0,Automatic,5.0,825000000.0,Petrol,11.0
Mercedes,Benz,2017.0,22500.0,White,2996.0,Automatic,2.0,1875000000.0,Petrol,8.0
Mercedes,Benz,2015.0,12500.0,Grey,4663.0,Automatic,7.0,925000000.0,Petrol,10.0
Bmw,X5,2019.0,7500.0,Black,2998.0,Automatic,5.0,1425000000.0,Petrol,6.0
Mercedes,Benz,2021.0,2500.0,Black,2999.0,Automatic,7.0,1835000000.0,Petrol,4.0
Bmw,X3,2021.0,2500.0,Black,1998.0,Automatic,5.0,1125000000.0,Petrol,4.0
Bmw,730Li,2017.0,17500.0,Black,1998.0,Automatic,5.0,975000000.0,Petrol,8.0
Mercedes,Benz,2020.0,7500.0,White,1497.0,Automatic,5.0,670000000.0,Petrol,5.0
Jeep,Wrangler,2011.0,37500.0,Orange,3778.0,Automatic,5.0,750000000.0,Petrol,14.0
Porsche,Cayman,2014.0,2500.0,Yellow,2706.0,Automatic,2.0,1575000000.0,Petrol,11.0
Mercedes,Benz,2016.0,37500.0,Red,1991.0,Automatic,5.0,695000000.0,Petrol,9.0
Mercedes,Benz,2018.0,27500.0,Black,2999.0,Automatic,5.0,1550000000.0,Petrol,7.0
Mercedes,Benz,2017.0,12500.0,White,1991.0,Automatic,5.0,865000000.0,Petrol,8.0
Porsche,Cayenne,2004.0,37500.0,Black,4511.0,Automatic,5.0,390000000.0,Petrol,21.0
Land,Rover,2018.0,7500.0,Black,1998.0,Automatic,5.0,1775000000.0,Petrol,7.0
Mercedes,Benz,2021.0,7500.0,Black,1991.0,Automatic,5.0,865000000.0,Petrol,4.0
Land,Rover,2015.0,32500.0,Black,2995.0,Automatic,5.0,2500000000.0,Petrol,10.0
Mercedes,Benz,2011.0,32500.0,White,1796.0,Automatic,4.0,750000000.0,Petrol,14.0
Mercedes,Benz,2021.0,2500.0,Red,1332.0,Automatic,7.0,975000000.0,Petrol,4.0
Mercedes,Benz,2017.0,22500.0,Grey,1991.0,Automatic,5.0,670000000.0,Petrol,8.0
Mercedes,Benz,2020.0,2500.0,Blue,1332.0,Automatic,7.0,899000000.0,Petrol,5.0
Mercedes,Benz,2020.0,7500.0,Grey,1991.0,Automatic,5.0,1400000000.0,Petrol,5.0
Mercedes,Benz,2020.0,2500.0,Black,1991.0,Automatic,4.0,1175000000.0,Petrol,5.0
Mercedes,Benz,2013.0,22500.0,White,3498.0,Automatic,2.0,1525000000.0,Petrol,12.0
Mercedes,Benz,2013.0,17500.0,Black,5461.0,Automatic,7.0,1850000000.0,Petrol,12.0
Mercedes,Benz,2020.0,2500.0,Blue,1332.0,Automatic,7.0,925000000.0,Petrol,5.0
Porsche,911,2018.0,7500.0,Silver,2981.0,Automatic,2.0,3375000000.0,Petrol,7.0
Jaguar,Xj,2013.0,22500.0,Black,1999.0,Automatic,5.0,675000000.0,Petrol,12.0
Mercedes,Benz,2014.0,22500.0,Black,2996.0,Automatic,5.0,575000000.0,Petrol,11.0
Mercedes,Benz,2015.0,32500.0,Black,2996.0,Automatic,5.0,895000000.0,Petrol,10.0
Mercedes,Benz,2020.0,2500.0,Black,1991.0,Automatic,5.0,945000000.0,Petrol,5.0
Mercedes,Benz,2019.0,12500.0,Black,1991.0,Automatic,5.0,635000000.0,Petrol,6.0
Porsche,Macan,2018.0,7500.0,Black,1984.0,Automatic,5.0,950000000.0,Petrol,7.0
Mercedes,Benz,2017.0,52500.0,Silver,1991.0,Automatic,5.0,450000000.0,Petrol,8.0
Mercedes,Benz,2014.0,62500.0,Black,1796.0,Automatic,5.0,299000000.0,Petrol,11.0
Porsche,Cayman,2013.0,17500.0,Yellow,2706.0,Automatic,2.0,1215000000.0,Petrol,12.0
Mercedes,Benz,2021.0,2500.0,Black,1991.0,Automatic,5.0,625000000.0,Petrol,4.0
Hyundai,Santa,2022.0,7500.0,White,2151.0,Automatic,7.0,535000000.0,Diesel,3.0
Hyundai,Santa,2023.0,7500.0,White,2151.0,Automatic,7.0,585000000.0,Diesel,2.0
Mercedes,Benz,2020.0,12500.0,Grey,1991.0,Automatic,5.0,675000000.0,Petrol,5.0
Mercedes,Benz,2020.0,7500.0,White,1991.0,Automatic,5.0,675000000.0,Petrol,5.0
Mercedes,Benz,2016.0,27500.0,Green,1991.0,Automatic,5.0,495000000.0,Petrol,9.0
Mercedes,Benz,2022.0,2500.0,Black,2999.0,Automatic,7.0,1475000000.0,Petrol,3.0
Mercedes,Benz,2018.0,2500.0,White,1991.0,Automatic,5.0,485000000.0,Petrol,7.0
Mitsubishi,Mirage,2014.0,87500.0,Red,1193.0,Automatic,5.0,90000000.0,Petrol,11.0
Lexus,Rx,2023.0,2500.0,White,2500.0,Automatic,5.0,1510000000.0,Hybrid,2.0
Porsche,Macan,2015.0,25000.0,White,1984.0,Automatic,5.0,620000000.0,Petrol,10.0
Mercedes,Benz,2022.0,7500.0,White,1991.0,Automatic,5.0,875000000.0,Petrol,3.0
Mercedes,Benz,2010.0,57500.0,Grey,3498.0,Automatic,4.0,530000000.0,Petrol,15.0
Mercedes,Benz,2017.0,22500.0,Black,1991.0,Automatic,5.0,555000000.0,Petrol,8.0
Mercedes,Benz,2008.0,27500.0,Black,5461.0,Automatic,5.0,1950000000.0,Petrol,17.0
Wuling,Alvez,2023.0,17500.0,Grey,1485.0,Automatic,5.0,175000000.0,Petrol,2.0
Suzuki,Ignis,2019.0,67500.0,Grey,1197.0,Automatic,5.0,115000000.0,Petrol,6.0
Suzuki,Ignis,2019.0,57500.0,White,1197.0,Automatic,5.0,132000000.0,Petrol,6.0
Toyota,Fortuner,2020.0,32500.0,Black,2393.0,Automatic,7.0,400000000.0,Diesel,5.0
Suzuki,Baleno,2020.0,77500.0,Red,1373.0,Automatic,5.0,160000000.0,Petrol,5.0
Honda,City,2021.0,37500.0,Grey,1498.0,Automatic,5.0,195000000.0,Petrol,4.0
Honda,City,2022.0,62500.0,White,1498.0,Automatic,5.0,185000000.0,Petrol,3.0
Toyota,Rush,2021.0,42500.0,Maroon,1495.0,Automatic,7.0,193000000.0,Petrol,4.0
Hyundai,Creta,2022.0,22500.0,Red,1497.0,Automatic,5.0,240000000.0,Petrol,3.0
Mazda,Cx,2023.0,42500.0,Grey,1496.0,Automatic,5.0,250000000.0,Petrol,2.0
Toyota,Fortuner,2018.0,82500.0,Black,2393.0,Automatic,7.0,330000000.0,Diesel,7.0
Honda,Freed,2014.0,142500.0,Grey,1497.0,Automatic,7.0,120000000.0,Petrol,11.0
Honda,Hr,2015.0,122500.0,Grey,1497.0,Automatic,5.0,150000000.0,Petrol,10.0
Honda,Hr,2018.0,72500.0,White,1497.0,Automatic,5.0,175000000.0,Petrol,7.0
Honda,Hr,2018.0,62500.0,Grey,1799.0,Automatic,5.0,210000000.0,Petrol,7.0
Hyundai,Stargazer,2023.0,37500.0,White,1497.0,Automatic,7.0,195000000.0,Petrol,2.0
Hyundai,Stargazer,2023.0,47500.0,White,1497.0,Automatic,7.0,190000000.0,Petrol,2.0
Toyota,Veloz,2022.0,47500.0,Black,1496.0,Automatic,7.0,210000000.0,Petrol,3.0
Honda,Wr,2023.0,32500.0,Black,1498.0,Automatic,5.0,215000000.0,Petrol,2.0
Mitsubishi,Xpander,2022.0,42500.0,Grey,1499.0,Automatic,7.0,215000000.0,Petrol,3.0
Toyota,Avanza,2011.0,137500.0,Silver,1495.0,Automatic,7.0,83000000.0,Petrol,14.0
Toyota,Alphard,2013.0,77500.0,Black,2362.0,Automatic,7.0,225000000.0,Petrol,12.0
Toyota,Alphard,2017.0,62500.0,Black,2494.0,Automatic,7.0,495000000.0,Petrol,8.0
Mini,Countryman,2018.0,32500.0,Blue,1998.0,Automatic,5.0,399000000.0,Petrol,7.0
Lexus,Rx,2013.0,107500.0,White,2672.0,Automatic,5.0,199000000.0,Petrol,12.0
Mitsubishi,Xpander,2019.0,37500.0,Silver,1499.0,Automatic,7.0,193000000.0,Petrol,6.0
Toyota,Fortuner,2022.0,47500.0,Black,2755.0,Automatic,7.0,435000000.0,Diesel,3.0
Kia,Rio,2015.0,117500.0,Grey,1396.0,Automatic,5.0,120000000.0,Petrol,10.0
Suzuki,Baleno,2020.0,67500.0,Brown,1373.0,Automatic,5.0,159000000.0,Petrol,5.0
Honda,Civic,2017.0,87500.0,Blue,1498.0,Automatic,5.0,240000000.0,Petrol,8.0
Mitsubishi,Outlander,2016.0,97500.0,Grey,1998.0,Automatic,5.0,155000000.0,Petrol,9.0
Hyundai,Tucson,2017.0,107500.0,Black,1999.0,Automatic,5.0,205000000.0,Diesel,8.0
Hyundai,H,2015.0,107500.0,White,2359.0,Automatic,8.0,155000000.0,Petrol,10.0
Honda,Br,2023.0,27500.0,White,1498.0,Automatic,7.0,225000000.0,Petrol,2.0
Kia,Sorento,2013.0,102500.0,Black,2400.0,Automatic,5.0,140000000.0,Petrol,12.0
Hyundai,Santa,2018.0,67500.0,Grey,2199.0,Automatic,7.0,328000000.0,Diesel,7.0
Honda,Wr,2023.0,17500.0,Black,1498.0,Automatic,5.0,195000000.0,Petrol,2.0
Peugeot,2008,2022.0,17500.0,White,1199.0,Automatic,5.0,255000000.0,Petrol,3.0
Suzuki,Sx4,2020.0,27500.0,White,1500.0,Automatic,5.0,177000000.0,Petrol,5.0
Honda,Civic,2018.0,77500.0,White,1498.0,Automatic,5.0,274000000.0,Petrol,7.0
Hyundai,Creta,2022.0,47500.0,Grey,1497.0,Automatic,5.0,240000000.0,Petrol,3.0
Toyota,Fortuner,2021.0,72500.0,White,2393.0,Automatic,7.0,368000000.0,Diesel,4.0
Nissan,X,2020.0,72500.0,Black,2488.0,Automatic,7.0,248000000.0,Petrol,5.0
Toyota,Nav1,2013.0,117500.0,Black,1987.0,Automatic,7.0,133000000.0,Petrol,12.0
Lexus,Rx,2012.0,57500.0,Black,2672.0,Automatic,5.0,228000000.0,Petrol,13.0
Hyundai,Santa,2022.0,37500.0,White,2497.0,Automatic,7.0,399000000.0,Petrol,3.0
Kia,Grand,2021.0,67500.0,White,2199.0,Automatic,8.0,354000000.0,Diesel,4.0
Mazda,Cx,2018.0,62500.0,Grey,2488.0,Automatic,5.0,265000000.0,Petrol,7.0
Kia,Sportage,2016.0,57500.0,White,1999.0,Automatic,5.0,190000000.0,Petrol,9.0
Ford,Fiesta,2014.0,57500.0,White,1498.0,Automatic,5.0,80000000.0,Petrol,11.0
Suzuki,Sx4,2018.0,77500.0,Grey,1500.0,Automatic,5.0,155000000.0,Petrol,7.0
Mitsubishi,Xpander,2019.0,47500.0,White,1499.0,Automatic,7.0,169000000.0,Petrol,6.0
Mercedes,Benz,2016.0,62500.0,Black,2996.0,Automatic,5.0,504500000.0,Petrol,9.0
Mazda,2,2018.0,57500.0,White,1496.0,Automatic,5.0,164000000.0,Petrol,7.0
Toyota,Veloz,2022.0,22500.0,Black,1496.0,Automatic,7.0,210000000.0,Petrol,3.0
Suzuki,Ertiga,2024.0,7500.0,Black,1462.0,Automatic,7.0,200000000.0,Hybrid,1.0
Toyota,Veloz,2022.0,42500.0,Silver,1496.0,Automatic,7.0,217000000.0,Petrol,3.0
Mitsubishi,Xpander,2021.0,52500.0,Orange,1499.0,Automatic,7.0,200000000.0,Petrol,4.0
Toyota,Yaris,2021.0,62500.0,Black,1496.0,Automatic,5.0,190000000.0,Petrol,4.0
Toyota,Fortuner,2018.0,87500.0,Black,2393.0,Automatic,7.0,379500000.0,Diesel,7.0
Mitsubishi,Fuso,2022.0,37500.0,Yellow,3907.0,Manual,3.0,364500000.0,Diesel,3.0
Toyota,Avanza,2012.0,77500.0,White,1298.0,Automatic,7.0,95000000.0,Petrol,13.0
Lexus,Nx,2019.0,62500.0,Grey,1998.0,Automatic,5.0,501000000.0,Petrol,6.0
Suzuki,Baleno,2020.0,67500.0,Grey,1373.0,Automatic,5.0,155000000.0,Petrol,5.0
Suzuki,Ertiga,2017.0,92500.0,Grey,1373.0,Automatic,7.0,127000000.0,Petrol,8.0
Honda,Brio,2022.0,12500.0,Grey,1199.0,Automatic,5.0,155000000.0,Petrol,3.0
Daihatsu,Gran,2022.0,37500.0,Black,1298.0,Manual,9.0,143000000.0,Petrol,3.0
Honda,Brio,2022.0,27500.0,Orange,1199.0,Automatic,5.0,165000000.0,Petrol,3.0
Isuzu,Giga,2015.0,177500.0,White,7790.0,Manual,3.0,558000000.0,Diesel,10.0
Honda,Br,2018.0,102500.0,White,1497.0,Automatic,7.0,142000000.0,Petrol,7.0
Hino,Ranger,2020.0,47500.0,White,7684.0,Manual,3.0,813000000.0,Diesel,5.0
Honda,Mobilio,2017.0,62500.0,White,1496.0,Automatic,7.0,124000000.0,Petrol,8.0
Toyota,Voxy,2022.0,32500.0,Black,1986.0,Automatic,7.0,390000000.0,Petrol,3.0
Honda,City,2018.0,57500.0,Black,1497.0,Automatic,5.0,158000000.0,Petrol,7.0
Nissan,Grand,2015.0,137500.0,Silver,1498.0,Automatic,7.0,97000000.0,Petrol,10.0
Honda,City,2022.0,42500.0,White,1498.0,Automatic,5.0,200000000.0,Petrol,3.0
Honda,City,2023.0,42500.0,Grey,1498.0,Automatic,5.0,213000000.0,Petrol,2.0
Toyota,Fortuner,2019.0,57500.0,Black,2393.0,Automatic,7.0,355000000.0,Diesel,6.0
Hino,Ranger,2022.0,37500.0,White,7684.0,Manual,2.0,918000000.0,Diesel,3.0
Suzuki,Ertiga,2017.0,87500.0,Purple,1373.0,Automatic,7.0,131000000.0,Petrol,8.0
Mitsubishi,Fuso,2022.0,52500.0,Orange,7545.0,Manual,3.0,573000000.0,Diesel,3.0
Suzuki,Ertiga,2017.0,92500.0,Grey,1373.0,Automatic,7.0,123000000.0,Petrol,8.0
Hyundai,Creta,2022.0,47500.0,Grey,1497.0,Automatic,5.0,234000000.0,Petrol,3.0
Nissan,Grand,2015.0,137500.0,Silver,1498.0,Automatic,7.0,95000000.0,Petrol,10.0
Mitsubishi,Xpander,2021.0,52500.0,Black,1499.0,Automatic,7.0,199000000.0,Petrol,4.0
Mazda,2,2018.0,57500.0,White,1496.0,Automatic,5.0,158000000.0,Petrol,7.0
Mazda,Cx,2022.0,32500.0,White,2488.0,Automatic,5.0,425000000.0,Petrol,3.0
Honda,Mobilio,2017.0,62500.0,White,1496.0,Automatic,7.0,123000000.0,Petrol,8.0
Honda,Hr,2016.0,87500.0,Black,1497.0,Automatic,5.0,154000000.0,Petrol,9.0
Toyota,Rush,2018.0,77500.0,White,1495.0,Automatic,7.0,166000000.0,Petrol,7.0
Toyota,Corolla,2021.0,47500.0,White,1798.0,Automatic,5.0,328000000.0,Hybrid,4.0
Toyota,Sienta,2017.0,82500.0,Brown,1497.0,Automatic,7.0,140000000.0,Petrol,8.0
Toyota,Avanza,2011.0,137500.0,Silver,1495.0,Automatic,7.0,84000000.0,Petrol,14.0
Hyundai,Stargazer,2023.0,47500.0,Black,1497.0,Automatic,7.0,189000000.0,Petrol,2.0
Toyota,Land,2008.0,72500.0,Black,4461.0,Automatic,8.0,650000000.0,Diesel,17.0
Suzuki,Sx4,2020.0,27500.0,White,1500.0,Automatic,5.0,155000000.0,Petrol,5.0
Toyota,Veloz,2022.0,22500.0,White,1496.0,Automatic,7.0,218000000.0,Petrol,3.0
Mitsubishi,Xpander,2019.0,52500.0,White,1499.0,Automatic,7.0,168000000.0,Petrol,6.0
Honda,Civic,2018.0,92500.0,Black,1498.0,Automatic,5.0,275000000.0,Petrol,7.0
Audi,A6,2013.0,57500.0,Black,1984.0,Automatic,5.0,210000000.0,Petrol,12.0
Toyota,Land,2023.0,2500.0,White,3346.0,Automatic,7.0,2148000000.0,Diesel,2.0
Toyota,Kijang,2023.0,32500.0,Black,1998.0,Automatic,7.0,465000000.0,Petrol,2.0
Chevrolet,Captiva,2015.0,92500.0,Black,1998.0,Automatic,7.0,139000000.0,Diesel,10.0
Mercedes,Benz,2013.0,87500.0,White,1595.0,Automatic,5.0,155000000.0,Petrol,12.0
Mercedes,Benz,2017.0,42500.0,Black,1991.0,Automatic,5.0,399000000.0,Petrol,8.0
Mitsubishi,Xpander,2023.0,47500.0,Black,1499.0,Automatic,7.0,228000000.0,Petrol,2.0
Honda,Cr,2020.0,52500.0,White,1498.0,Automatic,5.0,285000000.0,Petrol,5.0
Dodge,Journey,2013.0,77500.0,White,2360.0,Automatic,7.0,140000000.0,Petrol,12.0
Mitsubishi,Xpander,2022.0,22500.0,Black,1499.0,Automatic,7.0,201000000.0,Petrol,3.0
Honda,Hr,2021.0,52500.0,Black,1497.0,Automatic,5.0,205000000.0,Petrol,4.0
Mazda,Biante,2015.0,97500.0,Black,1997.0,Automatic,7.0,139000000.0,Petrol,10.0
Mercedes,Benz,2017.0,22500.0,Black,1991.0,Automatic,5.0,395000000.0,Petrol,8.0
Mazda,Biante,2015.0,87500.0,White,1997.0,Automatic,7.0,139000000.0,Petrol,10.0
Mercedes,Benz,2017.0,42500.0,White,2996.0,Automatic,7.0,675000000.0,Petrol,8.0
Mercedes,Benz,2014.0,122500.0,Grey,1595.0,Automatic,5.0,215000000.0,Petrol,11.0
Bmw,520I,2018.0,12500.0,Black,1998.0,Automatic,5.0,398000000.0,Petrol,7.0
Nissan,Serena,2017.0,102500.0,White,1997.0,Automatic,7.0,150000000.0,Petrol,8.0
Mercedes,Benz,2022.0,2500.0,Black,1991.0,Automatic,5.0,835000000.0,Petrol,3.0
Suzuki,Sx4,2018.0,82500.0,Blue,1500.0,Automatic,5.0,140000000.0,Petrol,7.0
Mercedes,Benz,2018.0,17500.0,Black,1991.0,Automatic,5.0,445000000.0,Petrol,7.0
Suzuki,Sx4,2022.0,12500.0,Grey,1500.0,Automatic,5.0,185000000.0,Petrol,3.0
Bmw,730Li,2017.0,27500.0,Black,1998.0,Automatic,5.0,660000000.0,Petrol,8.0
Mitsubishi,Xpander,2019.0,82500.0,Black,1499.0,Automatic,7.0,174000000.0,Petrol,6.0
Mazda,Cx,2013.0,92500.0,White,3726.0,Automatic,7.0,160000000.0,Petrol,12.0
Toyota,Avanza,2020.0,107500.0,Silver,1329.0,Automatic,7.0,135000000.0,Petrol,5.0
Honda,Mobilio,2018.0,87500.0,White,1496.0,Automatic,7.0,119000000.0,Petrol,7.0
Hyundai,Stargazer,2022.0,42500.0,Black,1497.0,Automatic,7.0,180000000.0,Petrol,3.0
Toyota,Yaris,2012.0,107500.0,Silver,1497.0,Automatic,5.0,99000000.0,Petrol,13.0
Lexus,Es,2023.0,7500.0,Silver,2487.0,Automatic,5.0,930000000.0,Hybrid,2.0
Mini,Cooper,2024.0,2500.0,Yellow,1998.0,Automatic,4.0,888000000.0,Petrol,1.0
Honda,Odyssey,2016.0,57500.0,White,2356.0,Automatic,7.0,296000000.0,Petrol,9.0
Honda,Freed,2012.0,52500.0,White,1497.0,Automatic,7.0,128000000.0,Petrol,13.0
Toyota,Veloz,2022.0,77500.0,Silver,1496.0,Automatic,7.0,205000000.0,Petrol,3.0
Mitsubishi,Pajero,2023.0,52500.0,Grey,2442.0,Automatic,7.0,460000000.0,Diesel,2.0
Hyundai,Stargazer,2023.0,17500.0,Silver,1497.0,Automatic,7.0,208000000.0,Petrol,2.0
Toyota,Kijang,2024.0,7500.0,Black,1987.0,Automatic,8.0,388000000.0,Petrol,1.0
Toyota,Alphard,2022.0,17500.0,Black,2494.0,Automatic,7.0,768000000.0,Petrol,3.0
Nissan,Serena,2019.0,62500.0,White,1997.0,Automatic,7.0,275000000.0,Petrol,6.0
Hyundai,Creta,2022.0,22500.0,White,1497.0,Automatic,5.0,257000000.0,Petrol,3.0
Toyota,Alphard,2012.0,72500.0,Silver,2362.0,Automatic,7.0,160000000.0,Petrol,13.0
Hyundai,Palisade,2023.0,42500.0,White,2199.0,Automatic,7.0,698000000.0,Diesel,2.0
Toyota,Raize,2022.0,62500.0,Yellow,998.0,Automatic,5.0,185000000.0,Petrol,3.0
Hyundai,Stargazer,2023.0,27500.0,Grey,1497.0,Automatic,7.0,216000000.0,Petrol,2.0
Toyota,Kijang,2014.0,82500.0,Black,2494.0,Manual,8.0,205000000.0,Diesel,11.0
Chevrolet,Trax,2017.0,62500.0,Black,1399.0,Automatic,5.0,135000000.0,Petrol,8.0
Honda,Hr,2023.0,22500.0,Grey,1498.0,Automatic,5.0,308000000.0,Petrol,2.0
Mitsubishi,Triton,2022.0,27500.0,Grey,2442.0,Automatic,5.0,399000000.0,Diesel,3.0
Porsche,718,2016.0,7500.0,White,2497.0,Automatic,2.0,1698000000.0,Petrol,9.0
Toyota,Veloz,2021.0,27500.0,Black,1496.0,Automatic,7.0,201000000.0,Petrol,4.0
Toyota,Kijang,2023.0,47500.0,Black,1998.0,Automatic,7.0,435000000.0,Hybrid,2.0
Daihatsu,Taft,2022.0,2500.0,Green,658.0,Automatic,5.0,393000000.0,Petrol,3.0
Toyota,Rush,2021.0,52500.0,Black,1495.0,Automatic,7.0,189000000.0,Petrol,4.0
Toyota,Avanza,2011.0,137500.0,Silver,1495.0,Automatic,7.0,85000000.0,Petrol,14.0
Honda,Cr,2022.0,52500.0,White,1498.0,Automatic,5.0,390000000.0,Petrol,3.0
Toyota,Kijang,2018.0,82500.0,Silver,2393.0,Automatic,8.0,330000000.0,Diesel,7.0
Toyota,Yaris,2022.0,27500.0,Black,1495.0,Automatic,5.0,205000000.0,Petrol,3.0
Toyota,Voxy,2018.0,62500.0,Black,1986.0,Automatic,7.0,229000000.0,Petrol,7.0
Toyota,Yaris,2023.0,37500.0,White,1496.0,Automatic,5.0,307000000.0,Hybrid,2.0
Toyota,Alphard,2017.0,62500.0,Black,2494.0,Automatic,7.0,567000000.0,Petrol,8.0
Mitsubishi,Pajero,2012.0,192500.0,White,2477.0,Automatic,7.0,202000000.0,Diesel,13.0
Mitsubishi,Mirage,2016.0,92500.0,Red,1193.0,Automatic,5.0,107000000.0,Petrol,9.0
Honda,Civic,2020.0,37500.0,White,1498.0,Automatic,5.0,335000000.0,Petrol,5.0
Mercedes,Benz,2019.0,7500.0,White,1991.0,Automatic,5.0,687000000.0,Petrol,6.0
Toyota,Rush,2021.0,52500.0,White,1495.0,Automatic,7.0,216000000.0,Petrol,4.0
Mitsubishi,Xpander,2018.0,92500.0,Silver,1499.0,Automatic,7.0,167000000.0,Petrol,7.0
Bmw,320I,2019.0,32500.0,Black,1995.0,Automatic,5.0,350000000.0,Petrol,6.0
Mercedes,Benz,2019.0,32500.0,White,1332.0,Automatic,5.0,342000000.0,Petrol,6.0
Honda,Mobilio,2021.0,67500.0,Grey,1496.0,Automatic,7.0,148000000.0,Petrol,4.0
Wuling,Almaz,2021.0,47500.0,White,1451.0,Automatic,7.0,180000000.0,Petrol,4.0
Toyota,Alphard,2014.0,82500.0,Black,2362.0,Automatic,7.0,260000000.0,Petrol,11.0
Toyota,Corolla,2021.0,62500.0,Black,1798.0,Automatic,5.0,268000000.0,Petrol,4.0
Honda,Brio,2022.0,27500.0,White,1199.0,Automatic,5.0,143000000.0,Petrol,3.0
Mercedes,Benz,2019.0,32500.0,Black,1497.0,Automatic,5.0,431000000.0,Petrol,6.0
Toyota,Camry,2017.0,72500.0,Black,2494.0,Automatic,5.0,200000000.0,Petrol,8.0
Toyota,Camry,2020.0,72500.0,White,2494.0,Automatic,5.0,299000000.0,Petrol,5.0
Honda,Civic,2019.0,72500.0,Black,1498.0,Automatic,5.0,280000000.0,Petrol,6.0
Wuling,Cortez,2018.0,82500.0,Black,1798.0,Automatic,7.0,125000000.0,Petrol,7.0
Honda,City,2016.0,62500.0,Black,1497.0,Automatic,5.0,155000000.0,Petrol,9.0
Hyundai,Stargazer,2024.0,12500.0,Black,1497.0,Automatic,7.0,207000000.0,Petrol,1.0
Bmw,X3,2022.0,27500.0,Black,1998.0,Automatic,5.0,737000000.0,Petrol,3.0
Daihatsu,Xenia,2010.0,192500.0,Black,1329.0,Manual,7.0,75000000.0,Petrol,15.0
Mazda,2,2017.0,52500.0,Silver,1496.0,Automatic,5.0,153000000.0,Petrol,8.0
Toyota,Agya,2020.0,42500.0,Orange,1197.0,Automatic,5.0,120000000.0,Petrol,5.0
Honda,Br,2019.0,72500.0,Black,1497.0,Automatic,7.0,170000000.0,Petrol,6.0
Toyota,Fortuner,2021.0,67500.0,White,2393.0,Automatic,7.0,425000000.0,Diesel,4.0
Toyota,Rush,2023.0,17500.0,White,1496.0,Automatic,7.0,225000000.0,Petrol,2.0
Honda,Hr,2022.0,32500.0,White,1498.0,Automatic,5.0,330000000.0,Petrol,3.0
Mazda,Cx,2022.0,22500.0,Black,2488.0,Automatic,5.0,395000000.0,Petrol,3.0
Honda,Hr,2017.0,52500.0,Grey,1497.0,Automatic,5.0,158000000.0,Petrol,8.0
Toyota,Alphard,2017.0,67500.0,Black,2494.0,Automatic,7.0,525000000.0,Petrol,8.0
Hyundai,Stargazer,2024.0,12500.0,Grey,1497.0,Automatic,7.0,233000000.0,Petrol,1.0
Lexus,Rx,2024.0,7500.0,Grey,2500.0,Automatic,5.0,1450000000.0,Hybrid,1.0
Mini,Countryman,2018.0,32500.0,Blue,1998.0,Automatic,5.0,425000000.0,Petrol,7.0
Toyota,Land,2024.0,2500.0,Black,3346.0,Automatic,5.0,2180000000.0,Diesel,1.0
Toyota,Avanza,2024.0,7500.0,Grey,1496.0,Automatic,7.0,207000000.0,Petrol,1.0
Toyota,Kijang,2024.0,27500.0,White,1987.0,Automatic,8.0,438000000.0,Hybrid,1.0
Toyota,Alphard,2023.0,17500.0,White,2494.0,Automatic,7.0,795000000.0,Petrol,2.0
Honda,Mobilio,2015.0,112500.0,Black,1496.0,Automatic,7.0,128000000.0,Petrol,10.0
Honda,Civic,2023.0,27500.0,Black,1498.0,Automatic,5.0,419000000.0,Petrol,2.0
Toyota,Avanza,2022.0,62500.0,Grey,1496.0,Automatic,7.0,175000000.0,Petrol,3.0
Mazda,Cx,2023.0,22500.0,Grey,2488.0,Automatic,7.0,541000000.0,Petrol,2.0
Honda,Wr,2024.0,27500.0,Grey,1498.0,Automatic,5.0,238000000.0,Petrol,1.0
Suzuki,Ertiga,2023.0,37500.0,White,1462.0,Automatic,7.0,197000000.0,Hybrid,2.0
Toyota,Yaris,2022.0,32500.0,Yellow,1495.0,Automatic,5.0,203000000.0,Petrol,3.0
Volkswagen,Nbeetle,2010.0,77500.0,White,1984.0,Automatic,4.0,270000000.0,Petrol,15.0
Suzuki,Ertiga,2013.0,107500.0,Grey,1373.0,Automatic,7.0,102000000.0,Petrol,12.0
Toyota,Corolla,2022.0,27500.0,White,1798.0,Automatic,5.0,297000000.0,Petrol,3.0
Toyota,Raize,2023.0,67500.0,Black,998.0,Automatic,5.0,163000000.0,Petrol,2.0
Honda,Cr,2015.0,117500.0,Silver,1997.0,Automatic,5.0,178000000.0,Petrol,10.0
Hyundai,Palisade,2023.0,7500.0,White,2199.0,Automatic,7.0,775000000.0,Diesel,2.0
Honda,Civic,2013.0,97500.0,White,1798.0,Automatic,5.0,155000000.0,Petrol,12.0
Honda,Civic,2017.0,52500.0,White,1498.0,Automatic,5.0,305000000.0,Petrol,8.0
Mitsubishi,Pajero,2014.0,82500.0,Black,2477.0,Automatic,7.0,275000000.0,Diesel,11.0
Mazda,Cx,2013.0,132500.0,Black,2488.0,Automatic,5.0,140000000.0,Petrol,12.0
Bmw,X1,2018.0,51000.0,White,1499.0,Automatic,5.0,310000000.0,Petrol,7.0
Toyota,Hilux,2016.0,87500.0,Black,2494.0,Manual,2.0,145000000.0,Diesel,9.0
Bmw,840I,2021.0,2500.0,White,2998.0,Automatic,4.0,1850000000.0,Petrol,4.0
Honda,Mobilio,2016.0,67500.0,Grey,1496.0,Automatic,7.0,133000000.0,Petrol,9.0
Bmw,X3,2022.0,22500.0,Black,1998.0,Automatic,5.0,675000000.0,Petrol,3.0
Toyota,Alphard,2021.0,72500.0,White,2494.0,Automatic,7.0,595000000.0,Petrol,4.0
Mitsubishi,Pajero,2022.0,27500.0,White,2442.0,Automatic,7.0,470000000.0,Diesel,3.0
Mercedes,Benz,2019.0,32500.0,White,1991.0,Automatic,5.0,509000000.0,Petrol,6.0
Toyota,Yaris,2021.0,42500.0,White,1496.0,Automatic,5.0,203000000.0,Petrol,4.0
Toyota,Land,2023.0,12500.0,Black,2693.0,Automatic,7.0,1375000000.0,Petrol,2.0
Honda,Cr,2019.0,52500.0,White,1498.0,Automatic,5.0,250000000.0,Petrol,6.0
Ford,Mustang,2022.0,2500.0,Purple,2264.0,Automatic,4.0,1395000000.0,Petrol,3.0
Toyota,Voxy,2023.0,17500.0,Black,1986.0,Automatic,5.0,430000000.0,Petrol,2.0
Toyota,Sienta,2019.0,82500.0,Silver,1497.0,Automatic,7.0,187000000.0,Petrol,6.0
Mercedes,Benz,2018.0,57500.0,White,1991.0,Automatic,5.0,355000000.0,Petrol,7.0
Honda,Brio,2020.0,37500.0,Grey,1199.0,Automatic,5.0,157000000.0,Petrol,5.0
Mazda,Cx,2020.0,32500.0,Red,1998.0,Automatic,5.0,340000000.0,Petrol,5.0
Hyundai,Creta,2024.0,17500.0,Grey,1497.0,Automatic,5.0,290000000.0,Petrol,1.0
Suzuki,Ignis,2019.0,57500.0,White,1197.0,Automatic,5.0,130000000.0,Petrol,6.0
Wuling,Confero,2017.0,117500.0,Black,1485.0,Manual,8.0,93000000.0,Petrol,8.0
Daihatsu,Luxio,2011.0,122500.0,Silver,1495.0,Manual,8.0,97000000.0,Petrol,14.0
Daihatsu,Terios,2013.0,112500.0,Black,1495.0,Automatic,7.0,110000000.0,Petrol,12.0
Suzuki,Ignis,2019.0,52500.0,Black,1197.0,Automatic,5.0,120000000.0,Petrol,6.0
Toyota,Calya,2016.0,67500.0,White,1197.0,Automatic,7.0,96000000.0,Petrol,9.0
Nissan,Grand,2016.0,122500.0,Black,1498.0,Automatic,7.0,118000000.0,Petrol,9.0
Mazda,Cx,2023.0,22500.0,Black,1496.0,Automatic,5.0,265000000.0,Petrol,2.0
Lexus,Es,2020.0,42500.0,Black,2487.0,Automatic,5.0,650000000.0,Hybrid,5.0
Toyota,Kijang,2023.0,32500.0,Black,1998.0,Automatic,7.0,465000000.0,Hybrid,2.0
Suzuki,Apv,2012.0,167500.0,Black,1493.0,Manual,7.0,95000000.0,Petrol,13.0
Honda,Brio,2022.0,52500.0,Grey,1199.0,Automatic,5.0,144000000.0,Petrol,3.0
Honda,Mobilio,2016.0,77500.0,Grey,1496.0,Automatic,7.0,119000000.0,Petrol,9.0
Honda,Civic,2018.0,52500.0,Black,1498.0,Automatic,5.0,285000000.0,Petrol,7.0
Wuling,Confero,2022.0,22500.0,Grey,1485.0,Manual,8.0,102000000.0,Petrol,3.0
Nissan,X,2018.0,107500.0,Silver,2488.0,Automatic,7.0,168000000.0,Petrol,7.0
Honda,Cr,2015.0,132500.0,White,2354.0,Automatic,5.0,175000000.0,Petrol,10.0
Honda,Cr,2015.0,97500.0,Grey,2354.0,Automatic,5.0,175000000.0,Petrol,10.0
Toyota,Avanza,2019.0,72500.0,Black,1329.0,Automatic,7.0,153000000.0,Petrol,6.0
Mitsubishi,Xpander,2018.0,102500.0,White,1499.0,Automatic,7.0,179000000.0,Petrol,7.0
Honda,Cr,2017.0,152500.0,Silver,1997.0,Automatic,5.0,210000000.0,Petrol,8.0
Mercedes,Benz,2022.0,37500.0,White,1991.0,Automatic,7.0,770000000.0,Petrol,3.0
Mercedes,Benz,2022.0,22500.0,White,1991.0,Automatic,5.0,850000000.0,Petrol,3.0
Hyundai,Palisade,2023.0,27500.0,Black,2199.0,Automatic,7.0,730000000.0,Diesel,2.0
Toyota,Yaris,2019.0,72500.0,Grey,1496.0,Automatic,5.0,178000000.0,Petrol,6.0
Mitsubishi,Xpander,2022.0,47500.0,Black,1499.0,Automatic,7.0,205000000.0,Petrol,3.0
Mitsubishi,Pajero,2021.0,82500.0,Black,2442.0,Automatic,7.0,440000000.0,Diesel,4.0
Bmw,218I,2022.0,17500.0,White,1499.0,Automatic,5.0,530000000.0,Petrol,3.0
Mitsubishi,Xpander,2019.0,87500.0,Black,1499.0,Automatic,7.0,182000000.0,Petrol,6.0
Mercedes,Benz,2013.0,42500.0,Red,1991.0,Automatic,4.0,555000000.0,Petrol,12.0
Mitsubishi,Pajero,2021.0,57500.0,Black,2442.0,Automatic,7.0,490000000.0,Diesel,4.0
Land,Rover,2013.0,42500.0,Grey,1999.0,Automatic,5.0,315000000.0,Petrol,12.0
Suzuki,Jimny,2023.0,2500.0,Black,1462.0,Manual,4.0,385000000.0,Petrol,2.0
Suzuki,Baleno,2022.0,37500.0,Grey,1462.0,Automatic,5.0,187000000.0,Petrol,3.0
Toyota,Raize,2023.0,17500.0,Blue,998.0,Automatic,5.0,202000000.0,Petrol,2.0
Hyundai,Stargazer,2023.0,32500.0,Red,1497.0,Automatic,7.0,197000000.0,Petrol,2.0
Audi,Q7,2022.0,17500.0,Black,2995.0,Automatic,7.0,988000000.0,Petrol,3.0
Mg,Vs,2024.0,7500.0,Red,1498.0,Automatic,5.0,258000000.0,Petrol,1.0
Honda,Hr,2022.0,37500.0,Grey,1498.0,Automatic,5.0,333000000.0,Petrol,3.0
Hyundai,Stargazer,2023.0,37500.0,Grey,1497.0,Automatic,7.0,173000000.0,Petrol,2.0
Suzuki,Ertiga,2016.0,112500.0,Grey,1373.0,Manual,7.0,121000000.0,Petrol,9.0
Hyundai,Stargazer,2023.0,12500.0,Grey,1497.0,Automatic,7.0,207000000.0,Petrol,2.0
Hyundai,Stargazer,2022.0,32500.0,Grey,1497.0,Automatic,7.0,187000000.0,Petrol,3.0
Toyota,Kijang,2024.0,27500.0,Black,1987.0,Automatic,8.0,421000000.0,Hybrid,1.0
Honda,Wr,2025.0,17500.0,White,1498.0,Automatic,5.0,227000000.0,Petrol,0.0
Toyota,Alphard,2016.0,62500.0,Black,2494.0,Automatic,7.0,443000000.0,Petrol,9.0
Mazda,Cx,2023.0,17500.0,Blue,2488.0,Automatic,5.0,460000000.0,Petrol,2.0
Mitsubishi,Pajero,2022.0,37500.0,White,2442.0,Automatic,7.0,467000000.0,Diesel,3.0
Honda,Br,2023.0,37500.0,Black,1498.0,Automatic,7.0,207000000.0,Petrol,2.0
Mg,5,2024.0,7500.0,White,1498.0,Automatic,5.0,245000000.0,Petrol,1.0
Honda,Hr,2019.0,67500.0,Grey,1799.0,Automatic,5.0,227000000.0,Petrol,6.0
Mitsubishi,Pajero,2021.0,52500.0,Silver,2442.0,Automatic,7.0,431000000.0,Diesel,4.0
Mercedes,Benz,2017.0,32500.0,Black,2996.0,Automatic,5.0,575000000.0,Petrol,8.0
Mercedes,Benz,2014.0,22500.0,Black,2996.0,Automatic,5.0,450000000.0,Petrol,11.0
Bmw,430I,2018.0,7500.0,Orange,1998.0,Automatic,4.0,995000000.0,Petrol,7.0
Mercedes,Benz,2019.0,27500.0,White,1991.0,Automatic,4.0,800000000.0,Petrol,6.0
Toyota,Alphard,2020.0,97500.0,Black,2494.0,Automatic,7.0,575000000.0,Petrol,5.0
Bmw,530I,2023.0,7500.0,Grey,1998.0,Automatic,5.0,1175000000.0,Petrol,2.0
Bmw,M4,2024.0,7500.0,Grey,2993.0,Automatic,4.0,2500000000.0,Petrol,1.0
Toyota,Sienta,2018.0,62500.0,Black,1497.0,Automatic,7.0,165000000.0,Petrol,7.0
Honda,Civic,2018.0,47500.0,Black,1498.0,Automatic,5.0,285000000.0,Petrol,7.0
Toyota,Avanza,2023.0,32500.0,White,1496.0,Automatic,7.0,188000000.0,Petrol,2.0
Toyota,Vellfire,2009.0,122500.0,Black,2362.0,Automatic,7.0,180000000.0,Petrol,16.0
Toyota,Vellfire,2014.0,117500.0,White,2362.0,Automatic,7.0,250000000.0,Petrol,11.0
Mitsubishi,Xpander,2018.0,37500.0,Silver,1499.0,Automatic,7.0,180000000.0,Petrol,7.0
Mazda,Cx,2022.0,22500.0,Red,2488.0,Automatic,5.0,390000000.0,Petrol,3.0
Toyota,Avanza,2023.0,37500.0,White,1496.0,Automatic,7.0,188000000.0,Petrol,2.0
Honda,Cr,2018.0,82500.0,White,1498.0,Automatic,5.0,275000000.0,Petrol,7.0
Daihatsu,Sigra,2022.0,22500.0,Grey,1197.0,Manual,7.0,117000000.0,Petrol,3.0
Honda,Cr,2016.0,112500.0,Grey,2354.0,Automatic,5.0,215000000.0,Petrol,9.0
Nissan,Grand,2013.0,57500.0,Black,1498.0,Manual,7.0,85000000.0,Petrol,12.0
Daihatsu,Gran,2014.0,167500.0,Silver,1298.0,Manual,9.0,81000000.0,Petrol,11.0
Nissan,Juke,2011.0,112500.0,Grey,1498.0,Automatic,5.0,97000000.0,Petrol,14.0
Nissan,Serena,2014.0,147500.0,White,1997.0,Automatic,7.0,135000000.0,Petrol,11.0
Honda,Mobilio,2018.0,72500.0,Grey,1496.0,Automatic,7.0,136000000.0,Petrol,7.0
Honda,Jazz,2017.0,57500.0,White,1497.0,Automatic,5.0,188000000.0,Petrol,8.0
Daihatsu,Terios,2021.0,32500.0,Black,1496.0,Manual,7.0,185000000.0,Petrol,4.0
Daihatsu,Xenia,2013.0,182500.0,Silver,1298.0,Automatic,7.0,100000000.0,Petrol,12.0
Lexus,Rx,2012.0,97500.0,White,2672.0,Automatic,5.0,225000000.0,Petrol,13.0
Hyundai,Stargazer,2024.0,7500.0,Black,1497.0,Automatic,7.0,250000000.0,Petrol,1.0
Toyota,Kijang,2020.0,42500.0,Black,1998.0,Automatic,8.0,255000000.0,Petrol,5.0
Mazda,Cx,2016.0,107500.0,White,2488.0,Automatic,5.0,186000000.0,Petrol,9.0
Toyota,Rush,2021.0,17500.0,Black,1495.0,Automatic,7.0,210000000.0,Petrol,4.0
Honda,Accord,2022.0,42500.0,Black,1498.0,Automatic,5.0,439000000.0,Petrol,3.0
Wuling,Formo,2024.0,2500.0,Grey,1206.0,Manual,8.0,87000000.0,Petrol,1.0
Honda,Cr,2019.0,62500.0,White,1498.0,Automatic,5.0,305000000.0,Petrol,6.0
Mitsubishi,Pajero,2014.0,112500.0,White,2477.0,Automatic,7.0,190000000.0,Diesel,11.0
Honda,Br,2022.0,17500.0,White,1498.0,Automatic,7.0,215000000.0,Petrol,3.0
Nissan,Serena,2024.0,7500.0,White,1433.0,Automatic,7.0,510000000.0,Petrol,1.0
Daihatsu,Ayla,2022.0,87500.0,Red,998.0,Automatic,5.0,96000000.0,Petrol,3.0
Daihatsu,Terios,2022.0,37500.0,Black,1496.0,Automatic,7.0,187000000.0,Petrol,3.0
Bmw,528I,2012.0,57500.0,Black,2996.0,Automatic,5.0,210000000.0,Petrol,13.0
Nissan,March,2015.0,77500.0,White,1198.0,Automatic,5.0,96000000.0,Petrol,10.0
Nissan,March,2018.0,67500.0,Red,1198.0,Manual,5.0,98000000.0,Petrol,7.0
Toyota,Sienta,2018.0,82500.0,Silver,1497.0,Automatic,7.0,162000000.0,Petrol,7.0
Nissan,Elgrand,2011.0,67500.0,Silver,3498.0,Automatic,7.0,185000000.0,Petrol,14.0
Mercedes,Benz,2015.0,117500.0,Silver,1595.0,Automatic,5.0,250000000.0,Petrol,10.0
Mercedes,Benz,2017.0,97500.0,Silver,1991.0,Automatic,7.0,310000000.0,Petrol,8.0
Nissan,Terra,2018.0,97500.0,White,2488.0,Automatic,7.0,295000000.0,Diesel,7.0
Mitsubishi,Pajero,2021.0,82500.0,Black,2442.0,Automatic,7.0,440000000.0,Diesel,4.0
Nissan,X,2015.0,107500.0,White,2488.0,Automatic,7.0,149000000.0,Petrol,10.0
Hyundai,Stargazer,2024.0,12500.0,White,1497.0,Automatic,7.0,239000000.0,Petrol,1.0
Hyundai,Creta,2023.0,42500.0,White,1497.0,Automatic,5.0,256000000.0,Petrol,2.0
Lexus,Rx,2017.0,62500.0,Grey,1998.0,Automatic,5.0,490000000.0,Petrol,8.0
Lexus,Lx,2022.0,17500.0,Black,3445.0,Automatic,4.0,2950000000.0,Petrol,3.0
Honda,City,2018.0,57500.0,Black,1497.0,Automatic,5.0,159000000.0,Petrol,7.0
Toyota,Sienta,2017.0,82500.0,Brown,1497.0,Automatic,7.0,145000000.0,Petrol,8.0
Mitsubishi,Xpander,2023.0,47500.0,Black,1499.0,Automatic,7.0,229000000.0,Petrol,2.0
Honda,City,2023.0,42500.0,Grey,1498.0,Automatic,5.0,219000000.0,Petrol,2.0
Honda,City,2022.0,42500.0,White,1498.0,Automatic,5.0,205000000.0,Petrol,3.0
Honda,Brio,2022.0,12500.0,Grey,1199.0,Automatic,5.0,159000000.0,Petrol,3.0
Toyota,Calya,2022.0,37500.0,Grey,1197.0,Automatic,7.0,126000000.0,Petrol,3.0
Mazda,Cx,2019.0,32500.0,Grey,2488.0,Automatic,7.0,391000000.0,Petrol,6.0
Mitsubishi,Xpander,2022.0,22500.0,Black,1499.0,Automatic,7.0,228000000.0,Petrol,3.0
Honda,Hr,2024.0,37500.0,Red,1498.0,Automatic,5.0,358000000.0,Petrol,1.0
Mitsubishi,Pajero,2017.0,74237.0,Black,2442.0,Automatic,7.0,359000000.0,Diesel,8.0
Toyota,Fortuner,2017.0,77500.0,Silver,2393.0,Automatic,7.0,337000000.0,Diesel,8.0
Mitsubishi,Pajero,2021.0,57500.0,Black,2442.0,Automatic,7.0,449000000.0,Diesel,4.0
Hyundai,Creta,2023.0,27500.0,Red,1497.0,Automatic,5.0,272000000.0,Petrol,2.0
Kia,Grand,2018.0,67500.0,Red,2199.0,Automatic,8.0,283000000.0,Diesel,7.0
Lexus,Rx,2011.0,112500.0,Black,2671.0,Automatic,5.0,195000000.0,Petrol,14.0
Honda,Hr,2018.0,52500.0,Grey,1497.0,Automatic,5.0,180000000.0,Petrol,7.0
Mitsubishi,Pajero,2021.0,32500.0,Grey,2442.0,Automatic,7.0,446000000.0,Diesel,4.0
Bmw,M3,2023.0,2500.0,Green,2993.0,Automatic,5.0,1850000000.0,Petrol,2.0
Mazda,Cx,2019.0,117500.0,Black,2488.0,Automatic,5.0,265000000.0,Petrol,6.0
Suzuki,Xl7,2022.0,17500.0,Black,1500.0,Automatic,7.0,193000000.0,Petrol,3.0
Honda,City,2019.0,92500.0,Black,1497.0,Automatic,5.0,159000000.0,Petrol,6.0
Toyota,Calya,2019.0,62500.0,White,1197.0,Automatic,7.0,117000000.0,Petrol,6.0
Toyota,Sienta,2019.0,82500.0,Silver,1497.0,Automatic,7.0,190000000.0,Petrol,6.0
Mercedes,Benz,2020.0,2500.0,White,1332.0,Automatic,5.0,596000000.0,Petrol,5.0
Toyota,Calya,2022.0,22500.0,Grey,1197.0,Manual,7.0,128000000.0,Petrol,3.0
Toyota,Land,2023.0,7500.0,Black,3346.0,Automatic,7.0,2095000000.0,Diesel,2.0
Mazda,Cx,2020.0,37500.0,White,1998.0,Automatic,5.0,271000000.0,Petrol,5.0
Honda,Cr,2024.0,12500.0,Red,1993.0,Automatic,5.0,624000000.0,Hybrid,1.0
Bmw,840I,2021.0,7500.0,White,2998.0,Automatic,4.0,1850000000.0,Petrol,4.0
Audi,Q7,2015.0,62500.0,Blue,2995.0,Automatic,7.0,380000000.0,Petrol,10.0
Daihatsu,Ayla,2021.0,12500.0,White,1197.0,Manual,5.0,115000000.0,Petrol,4.0
Mercedes,Benz,2021.0,12500.0,Red,1332.0,Automatic,7.0,495000000.0,Petrol,4.0
Suzuki,S,2023.0,17500.0,Red,998.0,Automatic,4.0,125000000.0,Petrol,2.0
Toyota,Veloz,2022.0,72500.0,Silver,1496.0,Automatic,7.0,205000000.0,Petrol,3.0
Toyota,Raize,2021.0,62802.0,Silver,998.0,Automatic,5.0,191000000.0,Petrol,4.0
Toyota,Raize,2021.0,36785.0,Red,998.0,Automatic,5.0,194000000.0,Petrol,4.0
Toyota,Raize,2022.0,26484.0,Black,998.0,Automatic,5.0,187000000.0,Petrol,3.0
Toyota,Avanza,2021.0,57366.0,Silver,1496.0,Automatic,7.0,189000000.0,Petrol,4.0
Toyota,Avanza,2021.0,57056.0,Black,1329.0,Automatic,7.0,149000000.0,Petrol,4.0
Lexus,Rx,2019.0,32500.0,Black,1998.0,Automatic,5.0,725000000.0,Petrol,6.0
Honda,Br,2018.0,77500.0,Silver,1497.0,Automatic,7.0,277000000.0,Petrol,7.0
Toyota,Kijang,2022.0,42500.0,Grey,1998.0,Automatic,7.0,345000000.0,Petrol,3.0
Toyota,Hiace,2024.0,12500.0,White,2982.0,Manual,16.0,510000000.0,Diesel,1.0
Honda,Hr,2022.0,27500.0,Grey,1498.0,Automatic,5.0,285000000.0,Petrol,3.0
Honda,Odyssey,2015.0,137500.0,Black,2356.0,Automatic,7.0,215000000.0,Petrol,10.0
Toyota,Rush,2018.0,42500.0,Black,1495.0,Automatic,7.0,185000000.0,Petrol,7.0
Mitsubishi,Pajero,2019.0,107500.0,Black,2442.0,Automatic,7.0,385000000.0,Diesel,6.0
Toyota,Yaris,2017.0,102500.0,Black,1496.0,Automatic,5.0,155000000.0,Petrol,8.0
Bmw,320I,2017.0,37500.0,Black,1995.0,Automatic,5.0,309000000.0,Petrol,8.0
Mercedes,Benz,2017.0,27500.0,Black,1991.0,Automatic,5.0,315000000.0,Petrol,8.0
Mitsubishi,Pajero,2023.0,12500.0,Black,2442.0,Automatic,7.0,575000000.0,Diesel,2.0
Jeep,Wrangler,2014.0,27500.0,Black,3604.0,Automatic,5.0,895000000.0,Petrol,11.0
Mitsubishi,Pajero,2022.0,37500.0,White,2442.0,Automatic,7.0,469000000.0,Diesel,3.0
Toyota,Kijang,2023.0,17500.0,White,1998.0,Automatic,7.0,469000000.0,Hybrid,2.0
Honda,Br,2023.0,32500.0,Black,1498.0,Automatic,7.0,209000000.0,Petrol,2.0
Mg,5,2024.0,7500.0,White,1498.0,Automatic,5.0,247000000.0,Petrol,1.0
Toyota,Fortuner,2021.0,67500.0,White,2393.0,Automatic,7.0,415000000.0,Diesel,4.0
Toyota,Kijang,2024.0,27500.0,Black,1987.0,Automatic,8.0,368000000.0,Petrol,1.0
Toyota,Veloz,2022.0,72500.0,Silver,1496.0,Automatic,7.0,205000000.0,Petrol,3.0
Toyota,Land,2016.0,112500.0,Black,4461.0,Automatic,8.0,1589000000.0,Diesel,9.0
Toyota,Land,2012.0,112500.0,Black,4461.0,Automatic,8.0,1150000000.0,Diesel,13.0
Kia,Grand,2023.0,27500.0,Black,2151.0,Automatic,7.0,608000000.0,Diesel,2.0
Bmw,530I,2022.0,22500.0,White,1998.0,Automatic,5.0,759000000.0,Petrol,3.0
Mazda,Cx,2016.0,112500.0,Maroon,2488.0,Automatic,5.0,189000000.0,Petrol,9.0
Toyota,Land,2023.0,7500.0,Black,3346.0,Automatic,7.0,2095000000.0,Diesel,2.0
Toyota,Alphard,2024.0,12500.0,Black,2500.0,Automatic,7.0,1375000000.0,Hybrid,1.0
Hyundai,Stargazer,2022.0,12500.0,White,1497.0,Automatic,7.0,190000000.0,Petrol,3.0
Honda,Cr,2018.0,27500.0,Grey,1498.0,Automatic,5.0,309000000.0,Petrol,7.0
Hyundai,Palisade,2021.0,57500.0,Blue,2199.0,Automatic,7.0,519000000.0,Diesel,4.0
Lexus,Lm,2020.0,17500.0,Black,3456.0,Automatic,7.0,1050000000.0,Petrol,5.0
Bmw,X6,2021.0,2500.0,Black,2998.0,Automatic,5.0,1375000000.0,Petrol,4.0
Toyota,Yaris,2021.0,42500.0,Red,1495.0,Automatic,5.0,195000000.0,Petrol,4.0
Toyota,Kijang,2024.0,7500.0,Black,1987.0,Automatic,8.0,509000000.0,Hybrid,1.0
Suzuki,Xl7,2024.0,12500.0,White,1500.0,Automatic,7.0,241000000.0,Hybrid,1.0
Lexus,Es,2020.0,42500.0,Black,2487.0,Automatic,5.0,595000000.0,Hybrid,5.0
Kia,Grand,2018.0,47500.0,White,2199.0,Automatic,8.0,323000000.0,Diesel,7.0
Hyundai,Staria,2022.0,62500.0,Black,2199.0,Automatic,9.0,550000000.0,Diesel,3.0
Mitsubishi,Pajero,2018.0,57500.0,White,2442.0,Automatic,7.0,337000000.0,Diesel,7.0
Toyota,Voxy,2022.0,37500.0,Black,1986.0,Automatic,7.0,394000000.0,Petrol,3.0
Mitsubishi,Pajero,2023.0,27500.0,Brown,2442.0,Automatic,7.0,541000000.0,Diesel,2.0
Honda,Brio,2023.0,27500.0,White,1199.0,Automatic,5.0,145000000.0,Petrol,2.0
Hyundai,Santa,2024.0,2500.0,White,1598.0,Automatic,6.0,742000000.0,Hybrid,1.0
Audi,A5,2022.0,2500.0,Red,1984.0,Automatic,5.0,866000000.0,Petrol,3.0
Toyota,Prius,2023.0,2500.0,Black,1987.0,Automatic,5.0,840000000.0,Hybrid,2.0
Subaru,Crosstrek,2023.0,12500.0,Orange,1995.0,Automatic,5.0,378000000.0,Petrol,2.0
Toyota,Fortuner,2021.0,17500.0,Black,2393.0,Automatic,7.0,469000000.0,Diesel,4.0
Bmw,X3,2022.0,37500.0,Black,1998.0,Automatic,5.0,675000000.0,Petrol,3.0
Nissan,Serena,2019.0,62500.0,White,1997.0,Automatic,7.0,249000000.0,Petrol,6.0
Bmw,X1,2017.0,62500.0,Black,1499.0,Automatic,5.0,289000000.0,Petrol,8.0
Mercedes,Benz,2022.0,2500.0,White,1332.0,Automatic,7.0,645000000.0,Petrol,3.0
Volkswagen,Tiguan,2014.0,92500.0,White,1390.0,Automatic,5.0,115000000.0,Petrol,11.0
Lexus,Lm,2022.0,22500.0,Black,3456.0,Automatic,7.0,1250000000.0,Petrol,3.0
Toyota,Vellfire,2016.0,92500.0,White,2494.0,Automatic,7.0,525000000.0,Petrol,9.0
Daihatsu,Ayla,2020.0,65161.0,Red,1197.0,Manual,5.0,106000000.0,Petrol,5.0
Ford,Mustang,2019.0,17500.0,Orange,2261.0,Automatic,4.0,995000000.0,Petrol,6.0
Honda,Brio,2015.0,97500.0,White,1198.0,Automatic,5.0,99000000.0,Petrol,10.0
Honda,Wr,2023.0,17500.0,Grey,1498.0,Automatic,5.0,225000000.0,Petrol,2.0
Toyota,Kijang,2023.0,37500.0,Black,1998.0,Automatic,7.0,340000000.0,Hybrid,2.0
Toyota,Voxy,2018.0,67500.0,Black,1986.0,Automatic,7.0,250000000.0,Petrol,7.0
Nissan,Serena,2014.0,102500.0,Black,1997.0,Automatic,7.0,120000000.0,Petrol,11.0
Honda,Cr,2018.0,77500.0,Silver,1498.0,Automatic,5.0,285000000.0,Petrol,7.0
Bmw,X3,2023.0,17500.0,Black,1998.0,Automatic,5.0,1010000000.0,Petrol,2.0
Toyota,Sienta,2017.0,72500.0,Black,1497.0,Automatic,7.0,150000000.0,Petrol,8.0
Mercedes,Benz,2012.0,97500.0,White,1796.0,Automatic,2.0,486000000.0,Petrol,13.0
Mercedes,Benz,1997.0,147500.0,Silver,3199.0,Automatic,5.0,115000000.0,Petrol,28.0
Toyota,Sienta,2016.0,97500.0,Black,1497.0,Automatic,7.0,150000000.0,Petrol,9.0
Mitsubishi,Triton,2019.0,82500.0,White,2442.0,Automatic,5.0,395000000.0,Diesel,6.0
Suzuki,Baleno,2023.0,17500.0,White,1462.0,Automatic,5.0,195000000.0,Petrol,2.0
Toyota,Kijang,2023.0,17500.0,White,1998.0,Automatic,7.0,480000000.0,Petrol,2.0
Toyota,Voxy,2019.0,92500.0,Black,1986.0,Automatic,7.0,260000000.0,Petrol,6.0
Toyota,Kijang,2023.0,17500.0,White,1998.0,Automatic,7.0,485000000.0,Hybrid,2.0
Mercedes,Benz,2015.0,77500.0,White,1595.0,Automatic,5.0,299000000.0,Petrol,10.0
Honda,Hr,2022.0,27500.0,Silver,1498.0,Automatic,5.0,280000000.0,Petrol,3.0
Toyota,Previa,2007.0,132500.0,Black,2362.0,Automatic,7.0,139000000.0,Petrol,18.0
Mercedes,Benz,2010.0,87500.0,Grey,2996.0,Automatic,7.0,189000000.0,Petrol,15.0
Honda,Hr,2024.0,17500.0,Grey,1498.0,Automatic,5.0,323000000.0,Petrol,1.0
Mercedes,Benz,2014.0,82500.0,Silver,1991.0,Automatic,5.0,269000000.0,Petrol,11.0
Bmw,320I,2014.0,87500.0,White,1997.0,Automatic,5.0,275000000.0,Petrol,11.0
Toyota,Fortuner,2021.0,82500.0,Black,2393.0,Automatic,7.0,410000000.0,Diesel,4.0
Toyota,Camry,2018.0,87500.0,Black,2494.0,Automatic,5.0,309000000.0,Hybrid,7.0
Toyota,Alphard,2018.0,62500.0,Black,2494.0,Automatic,7.0,575000000.0,Petrol,7.0
Suzuki,Baleno,2022.0,52500.0,Brown,1462.0,Automatic,5.0,182000000.0,Petrol,3.0
Suzuki,Xl7,2022.0,27500.0,Black,1500.0,Automatic,7.0,200000000.0,Petrol,3.0
Daihatsu,Sigra,2019.0,47500.0,Silver,1197.0,Manual,7.0,99000000.0,Petrol,6.0
Toyota,Yaris,2021.0,42500.0,White,1496.0,Automatic,5.0,206000000.0,Petrol,4.0
Toyota,Fortuner,2019.0,67500.0,White,2393.0,Automatic,7.0,362000000.0,Diesel,6.0
Honda,Civic,2018.0,72500.0,Silver,1498.0,Automatic,5.0,297000000.0,Petrol,7.0
Mitsubishi,Outlander,2019.0,52500.0,White,2360.0,Automatic,5.0,355000000.0,Hybrid,6.0
Toyota,Yaris,2017.0,92500.0,White,1496.0,Automatic,5.0,140000000.0,Petrol,8.0
Toyota,Fortuner,2017.0,57500.0,Silver,2393.0,Automatic,7.0,348000000.0,Diesel,8.0
Honda,Cr,2019.0,62500.0,White,1993.0,Automatic,5.0,243000000.0,Petrol,6.0
Mazda,Cx,2022.0,22500.0,Red,2488.0,Automatic,5.0,419000000.0,Petrol,3.0
Hyundai,Palisade,2021.0,52500.0,Black,2199.0,Automatic,7.0,525000000.0,Diesel,4.0
Volkswagen,Tiguan,2021.0,42500.0,Black,1395.0,Automatic,5.0,309000000.0,Petrol,4.0
Bmw,X3,2021.0,52500.0,Blue,1998.0,Automatic,5.0,648000000.0,Petrol,4.0
Mazda,Cx,2018.0,42500.0,Grey,1998.0,Automatic,5.0,228000000.0,Petrol,7.0
Honda,Hr,2018.0,37500.0,Red,1497.0,Automatic,5.0,192000000.0,Petrol,7.0
Suzuki,Ertiga,2018.0,17500.0,Grey,1462.0,Automatic,7.0,148000000.0,Petrol,7.0
Suzuki,Grand,2023.0,27500.0,Grey,1462.0,Automatic,5.0,268000000.0,Hybrid,2.0
Volkswagen,Tiguan,2020.0,22500.0,Black,1395.0,Automatic,5.0,298000000.0,Petrol,5.0
Mitsubishi,Pajero,2022.0,17500.0,Black,2442.0,Automatic,7.0,525000000.0,Diesel,3.0
Citroen,C3,2025.0,2500.0,White,1198.0,Manual,5.0,130500000.0,Petrol,0.0
Honda,Brio,2016.0,82500.0,Grey,1199.0,Automatic,5.0,116000000.0,Petrol,9.0
Mercedes,Benz,2014.0,27500.0,Black,1991.0,Automatic,5.0,257000000.0,Petrol,11.0
Mitsubishi,Pajero,2023.0,17500.0,Black,2442.0,Automatic,7.0,573000000.0,Diesel,2.0
Toyota,Alphard,2024.0,12500.0,Black,2500.0,Automatic,7.0,1375000000.0,Hybrid,1.0
Honda,Wr,2024.0,27500.0,Grey,1498.0,Automatic,5.0,236000000.0,Petrol,1.0
Toyota,Alphard,2024.0,17500.0,White,2500.0,Automatic,7.0,1350000000.0,Hybrid,1.0
Toyota,Fortuner,2021.0,67500.0,White,2393.0,Automatic,7.0,413000000.0,Diesel,4.0
Honda,Hr,2023.0,17500.0,Brown,1498.0,Automatic,5.0,314000000.0,Petrol,2.0
Hyundai,Palisade,2021.0,57500.0,Blue,2199.0,Automatic,7.0,517000000.0,Diesel,4.0
Bmw,520I,2013.0,92500.0,Black,1997.0,Automatic,5.0,189000000.0,Petrol,12.0
Bmw,528I,2013.0,52500.0,Black,2996.0,Automatic,5.0,275000000.0,Petrol,12.0
Nissan,X,2017.0,92500.0,Black,2488.0,Automatic,7.0,172000000.0,Petrol,8.0
Honda,Cr,2018.0,77500.0,Grey,1498.0,Automatic,5.0,285000000.0,Petrol,7.0
Bmw,M3,2023.0,2500.0,Green,2993.0,Automatic,5.0,1850000000.0,Petrol,2.0
Bmw,330I,2016.0,67500.0,Grey,1998.0,Automatic,5.0,368000000.0,Petrol,9.0
Toyota,Alphard,2012.0,42500.0,White,3456.0,Automatic,7.0,310000000.0,Petrol,13.0
Proton,Exora,2011.0,172500.0,Silver,1600.0,Automatic,7.0,59000000.0,Petrol,14.0
Toyota,Harrier,2007.0,207500.0,Black,2362.0,Automatic,5.0,140000000.0,Petrol,18.0
Mitsubishi,Xpander,2021.0,67500.0,Silver,1499.0,Automatic,7.0,172000000.0,Petrol,4.0
Hummer,H3,2006.0,17500.0,Black,3460.0,Automatic,5.0,625000000.0,Petrol,19.0
Mitsubishi,Xpander,2019.0,52500.0,White,1499.0,Automatic,7.0,169000000.0,Petrol,6.0
Honda,Brio,2020.0,32500.0,Grey,1199.0,Automatic,5.0,160000000.0,Petrol,5.0
Bmw,X5,2017.0,67500.0,White,2979.0,Automatic,5.0,590000000.0,Petrol,8.0
Toyota,Calya,2022.0,17500.0,Grey,1197.0,Manual,7.0,131000000.0,Petrol,3.0
Honda,Jazz,2018.0,57500.0,Grey,1497.0,Automatic,5.0,205000000.0,Petrol,7.0
Jeep,Wrangler,2024.0,2500.0,Black,2000.0,Automatic,5.0,1950000000.0,Petrol,1.0
Toyota,Land,2016.0,67500.0,Black,4461.0,Automatic,8.0,1425000000.0,Diesel,9.0
Toyota,Yaris,2021.0,47500.0,Red,1495.0,Automatic,5.0,193000000.0,Petrol,4.0
Lexus,Es,2020.0,42500.0,Black,2487.0,Automatic,5.0,593000000.0,Hybrid,5.0
Honda,Civic,2019.0,22500.0,Grey,1498.0,Automatic,5.0,320000000.0,Petrol,6.0
Toyota,Alphard,2018.0,17500.0,Black,2494.0,Automatic,7.0,590000000.0,Petrol,7.0
Subaru,Forester,2013.0,87500.0,White,1998.0,Automatic,5.0,178000000.0,Petrol,12.0
Mazda,2,2022.0,17500.0,Silver,1496.0,Automatic,5.0,207000000.0,Petrol,3.0
Toyota,Sienta,2017.0,87500.0,White,1497.0,Automatic,7.0,145000000.0,Petrol,8.0
Hyundai,Stargazer,2022.0,22500.0,Black,1497.0,Automatic,7.0,195000000.0,Petrol,3.0
Daihatsu,Terios,2021.0,82500.0,Silver,1496.0,Automatic,7.0,192000000.0,Petrol,4.0
Toyota,Calya,2023.0,17500.0,Black,1197.0,Automatic,7.0,122000000.0,Petrol,2.0
Bmw,X3,2016.0,92500.0,White,1997.0,Automatic,5.0,327000000.0,Petrol,9.0
Honda,Odyssey,2015.0,137500.0,Black,2356.0,Automatic,7.0,215000000.0,Petrol,10.0
Toyota,Calya,2021.0,67500.0,White,1197.0,Automatic,7.0,133000000.0,Petrol,4.0
Honda,Br,2018.0,27500.0,Silver,1497.0,Automatic,7.0,146000000.0,Petrol,7.0
Mazda,Cx,2022.0,32500.0,White,1496.0,Automatic,5.0,264000000.0,Petrol,3.0
Bmw,X5,2022.0,12500.0,Black,2998.0,Automatic,5.0,950000000.0,Petrol,3.0
Honda,Mobilio,2016.0,67576.0,Grey,1496.0,Automatic,7.0,136000000.0,Petrol,9.0
Toyota,Rush,2019.0,82500.0,Silver,1495.0,Automatic,7.0,198000000.0,Petrol,6.0
Mercedes,Benz,2011.0,37500.0,Grey,2996.0,Automatic,5.0,170000000.0,Petrol,14.0
Daihatsu,Rocky,2022.0,22500.0,White,998.0,Automatic,5.0,180000000.0,Petrol,3.0
Toyota,Sienta,2019.0,82500.0,White,1497.0,Automatic,7.0,195000000.0,Petrol,6.0
Ford,Escape,2009.0,127500.0,Silver,2261.0,Automatic,5.0,84000000.0,Petrol,16.0
Daihatsu,Sirion,2022.0,12903.0,Red,1329.0,Automatic,5.0,165000000.0,Petrol,3.0
Honda,Mobilio,2019.0,63000.0,Black,1496.0,Automatic,7.0,148000000.0,Petrol,6.0
Daihatsu,Ayla,2023.0,16292.0,Grey,1197.0,Manual,5.0,127000000.0,Petrol,2.0
Toyota,Calya,2024.0,16374.0,Grey,1197.0,Automatic,7.0,143000000.0,Petrol,1.0
Suzuki,Ertiga,2020.0,54021.0,Silver,1462.0,Automatic,7.0,173000000.0,Petrol,5.0
Toyota,Kijang,2023.0,57500.0,Black,1998.0,Automatic,7.0,445000000.0,Hybrid,2.0
Lexus,Rx,2011.0,112500.0,White,2671.0,Automatic,5.0,199000000.0,Petrol,14.0
Bmw,320I,2006.0,122500.0,Grey,1995.0,Automatic,5.0,99000000.0,Petrol,19.0
Mini,Cabrio,2020.0,2500.0,Red,1499.0,Automatic,4.0,675000000.0,Petrol,5.0
Toyota,86,2012.0,27500.0,White,1998.0,Automatic,4.0,415000000.0,Petrol,13.0
Honda,Cr,2023.0,7500.0,Blue,1993.0,Automatic,5.0,611000000.0,Hybrid,2.0
Mazda,Cx,2022.0,32500.0,White,2488.0,Automatic,5.0,409000000.0,Petrol,3.0
Honda,Hr,2024.0,12500.0,Grey,1498.0,Automatic,5.0,322000000.0,Petrol,1.0
Toyota,Kijang,2023.0,17500.0,White,1998.0,Automatic,7.0,485000000.0,Hybrid,2.0
Toyota,Avanza,2024.0,27500.0,Black,1496.0,Automatic,7.0,199000000.0,Petrol,1.0
Honda,Hr,2022.0,17500.0,Grey,1498.0,Automatic,5.0,303000000.0,Petrol,3.0
Honda,Hr,2023.0,27500.0,Black,1498.0,Automatic,5.0,298000000.0,Petrol,2.0
Mitsubishi,Pajero,2020.0,87500.0,White,2442.0,Automatic,7.0,368000000.0,Diesel,5.0
Toyota,Fortuner,2022.0,32500.0,Black,2755.0,Automatic,7.0,535000000.0,Diesel,3.0
Toyota,Fortuner,2019.0,112500.0,Black,2393.0,Automatic,7.0,340000000.0,Diesel,6.0
Lexus,Rx,2012.0,62500.0,Black,2672.0,Automatic,5.0,192000000.0,Petrol,13.0
Hyundai,Staria,2022.0,17500.0,White,2199.0,Automatic,7.0,655000000.0,Diesel,3.0
Honda,Wr,2024.0,17500.0,Red,1498.0,Automatic,5.0,241000000.0,Petrol,1.0
Hyundai,Stargazer,2024.0,17500.0,White,1497.0,Automatic,7.0,223000000.0,Petrol,1.0
Honda,Jazz,2017.0,52500.0,Grey,1497.0,Automatic,5.0,187000000.0,Petrol,8.0
Toyota,Kijang,2023.0,22500.0,Black,1998.0,Automatic,7.0,499000000.0,Hybrid,2.0
Mercedes,Benz,2018.0,42500.0,Black,2999.0,Automatic,5.0,770000000.0,Petrol,7.0
Bmw,X3,2021.0,32500.0,Black,1998.0,Automatic,5.0,575000000.0,Petrol,4.0
Suzuki,Jimny,2024.0,7500.0,Brown,1462.0,Automatic,4.0,428000000.0,Petrol,1.0
Bmw,X6,2021.0,17500.0,Brown,2998.0,Automatic,5.0,1275000000.0,Petrol,4.0
Toyota,Agya,2019.0,32500.0,Grey,1197.0,Automatic,5.0,127000000.0,Petrol,6.0
Bmw,X5,2024.0,32500.0,Black,2998.0,Automatic,5.0,1375000000.0,Petrol,1.0
Volkswagen,Tiguan,2021.0,22500.0,Black,1395.0,Automatic,5.0,284000000.0,Petrol,4.0
Mg,Zs,2023.0,22500.0,Red,1498.0,Automatic,5.0,199000000.0,Petrol,2.0
Suzuki,Jimny,2022.0,12500.0,Brown,1462.0,Automatic,4.0,401000000.0,Petrol,3.0
Mazda,Cx,2022.0,32500.0,White,1496.0,Automatic,5.0,266000000.0,Petrol,3.0
Peugeot,3008,2019.0,72500.0,Black,1598.0,Automatic,5.0,280000000.0,Petrol,6.0
Toyota,Vellfire,2010.0,112500.0,Black,2362.0,Automatic,7.0,180000000.0,Petrol,15.0
Toyota,Camry,2015.0,77500.0,Black,2494.0,Automatic,5.0,190000000.0,Petrol,10.0
Toyota,Vios,2017.0,67500.0,Black,1496.0,Automatic,5.0,140000000.0,Petrol,8.0
Toyota,Kijang,2020.0,72500.0,Black,1998.0,Automatic,7.0,290000000.0,Petrol,5.0
Mitsubishi,Pajero,2018.0,122500.0,Black,2442.0,Automatic,7.0,370000000.0,Diesel,7.0
Aston,Martin,2016.0,2500.0,Silver,5935.0,Automatic,4.0,3250000000.0,Petrol,9.0
Hyundai,Stargazer,2023.0,22500.0,White,1497.0,Automatic,7.0,197000000.0,Petrol,2.0
Hyundai,Creta,2022.0,72500.0,Black,1497.0,Automatic,5.0,185000000.0,Petrol,3.0
Toyota,Fortuner,2013.0,127500.0,Black,2694.0,Automatic,7.0,195000000.0,Petrol,12.0
Honda,Jazz,2016.0,92500.0,Grey,1497.0,Automatic,5.0,168000000.0,Petrol,9.0
Honda,Hr,2017.0,87500.0,Black,1497.0,Automatic,5.0,177000000.0,Petrol,8.0
Suzuki,Baleno,2020.0,82500.0,White,1373.0,Automatic,5.0,176000000.0,Petrol,5.0
Mitsubishi,Outlander,2019.0,52500.0,White,2360.0,Automatic,5.0,360000000.0,Hybrid,6.0
Toyota,Camry,2022.0,22500.0,Black,2487.0,Automatic,5.0,409000000.0,Petrol,3.0
Toyota,Fortuner,2022.0,82500.0,Black,2755.0,Automatic,7.0,435000000.0,Diesel,3.0
Honda,Cr,2019.0,62500.0,White,1993.0,Automatic,5.0,248000000.0,Petrol,6.0
Wuling,Almaz,2021.0,37500.0,White,1451.0,Automatic,7.0,180000000.0,Petrol,4.0
Toyota,Voxy,2019.0,92500.0,Black,1986.0,Automatic,7.0,265000000.0,Petrol,6.0
Mercedes,Benz,2019.0,27500.0,Black,1497.0,Automatic,5.0,431000000.0,Petrol,6.0
Toyota,Camry,2017.0,82500.0,Black,2494.0,Automatic,5.0,200000000.0,Petrol,8.0
Toyota,Fortuner,2021.0,82500.0,Black,2393.0,Automatic,7.0,420000000.0,Diesel,4.0
Honda,Cr,2015.0,122500.0,Black,2354.0,Automatic,5.0,202000000.0,Petrol,10.0
Hyundai,Palisade,2024.0,2500.0,Black,2199.0,Automatic,7.0,846000000.0,Diesel,1.0
Honda,Cr,2022.0,62500.0,White,1498.0,Automatic,5.0,390000000.0,Petrol,3.0
Mercedes,Benz,2019.0,22500.0,White,1991.0,Automatic,7.0,416000000.0,Petrol,6.0
Bmw,Z4,2013.0,22500.0,White,1997.0,Automatic,2.0,646000000.0,Petrol,12.0
Hyundai,Palisade,2023.0,47500.0,White,2199.0,Automatic,7.0,698000000.0,Diesel,2.0
Honda,Jazz,2016.0,67500.0,Blue,1497.0,Automatic,5.0,185000000.0,Petrol,9.0
Chevrolet,Trax,2017.0,32500.0,Black,1399.0,Automatic,5.0,135000000.0,Petrol,8.0
Toyota,Kijang,2018.0,82500.0,Silver,2393.0,Automatic,7.0,330000000.0,Diesel,7.0
Toyota,Yaris,2023.0,27500.0,White,1496.0,Automatic,5.0,307000000.0,Hybrid,2.0
Toyota,Harrier,2015.0,62500.0,Black,1986.0,Automatic,5.0,265000000.0,Petrol,10.0
Nissan,Serena,2016.0,62500.0,Black,1997.0,Automatic,7.0,160000000.0,Petrol,9.0
Toyota,Alphard,2017.0,72500.0,Black,2494.0,Automatic,7.0,567000000.0,Petrol,8.0
Toyota,Harrier,2015.0,72500.0,White,1986.0,Automatic,5.0,265000000.0,Petrol,10.0
Maserati,Ghibli,2014.0,32500.0,White,2979.0,Automatic,5.0,950000000.0,Petrol,11.0
Toyota,Kijang,2023.0,2500.0,Grey,1998.0,Automatic,7.0,510000000.0,Hybrid,2.0
Honda,City,2018.0,57500.0,Black,1497.0,Automatic,5.0,185000000.0,Petrol,7.0
Bmw,430I,2024.0,2500.0,White,1998.0,Automatic,4.0,1475000000.0,Petrol,1.0
Mercedes,Benz,2024.0,2500.0,White,1496.0,Automatic,5.0,785000000.0,Petrol,1.0
Mercedes,Benz,2024.0,2500.0,Black,1999.0,Automatic,5.0,1225000000.0,Petrol,1.0
Mercedes,Benz,2019.0,2500.0,Black,1332.0,Automatic,5.0,585000000.0,Petrol,6.0
Suzuki,Sx4,2018.0,82500.0,Blue,1500.0,Automatic,5.0,149000000.0,Petrol,7.0
Honda,Br,2023.0,22500.0,White,1498.0,Automatic,7.0,230000000.0,Petrol,2.0
Toyota,Fortuner,2018.0,17500.0,Brown,2393.0,Automatic,7.0,387000000.0,Diesel,7.0
Mitsubishi,Pajero,2023.0,27500.0,White,2442.0,Automatic,7.0,498000000.0,Diesel,2.0
Mazda,Cx,2023.0,7500.0,Red,3283.0,Automatic,5.0,613000000.0,Hybrid,2.0
Lexus,Rx,2019.0,37500.0,Black,1998.0,Automatic,5.0,725000000.0,Petrol,6.0
Toyota,Fortuner,2024.0,12500.0,Black,2755.0,Automatic,7.0,537000000.0,Diesel,1.0
Wuling,Alvez,2023.0,27500.0,Grey,1485.0,Automatic,5.0,191000000.0,Petrol,2.0
Toyota,Kijang,2024.0,17500.0,White,1987.0,Automatic,8.0,437000000.0,Petrol,1.0
Suzuki,Xl7,2024.0,4357.0,Grey,1500.0,Automatic,7.0,203000000.0,Petrol,1.0
Nissan,Livina,2021.0,60863.0,White,1499.0,Automatic,7.0,185000000.0,Petrol,4.0
Mitsubishi,Outlander,2019.0,17500.0,White,2360.0,Automatic,5.0,365000000.0,Hybrid,6.0
Mini,Cooper,2014.0,32500.0,Orange,2000.0,Automatic,4.0,395000000.0,Petrol,11.0
Jeep,Compass,2019.0,12500.0,Black,1368.0,Automatic,5.0,285000000.0,Petrol,6.0
Toyota,Sienta,2017.0,97500.0,Grey,1497.0,Automatic,7.0,130000000.0,Petrol,8.0
Mitsubishi,Xpander,2018.0,73109.0,Silver,1499.0,Automatic,7.0,190000000.0,Petrol,7.0
Toyota,Kijang,2020.0,97500.0,Black,2393.0,Automatic,7.0,395000000.0,Diesel,5.0
Mazda,Cx,2019.0,27500.0,Red,2488.0,Automatic,7.0,299000000.0,Petrol,6.0
Lexus,Lm,2024.0,17500.0,Black,3456.0,Automatic,4.0,1975000000.0,Petrol,1.0
Bmw,M5,2012.0,17500.0,Black,4395.0,Automatic,5.0,788000000.0,Petrol,13.0
Audi,A6,2013.0,57500.0,Black,1984.0,Automatic,5.0,239000000.0,Petrol,12.0
Hyundai,Stargazer,2024.0,12500.0,Grey,1497.0,Automatic,7.0,235000000.0,Petrol,1.0
Honda,Jazz,2018.0,62500.0,Grey,1497.0,Automatic,5.0,203000000.0,Petrol,7.0
Toyota,Alphard,2023.0,22500.0,White,2494.0,Automatic,7.0,845000000.0,Petrol,2.0
Daihatsu,Sigra,2021.0,37500.0,Black,1197.0,Manual,7.0,111000000.0,Petrol,4.0
Hyundai,Santa,2024.0,2500.0,Black,2497.0,Automatic,7.0,680000000.0,Petrol,1.0
Hyundai,Santa,2024.0,12500.0,Black,1598.0,Automatic,6.0,690000000.0,Hybrid,1.0
Suzuki,Baleno,2023.0,9380.0,Blue,1462.0,Automatic,5.0,202000000.0,Petrol,2.0
Honda,Jazz,2016.0,87547.0,White,1497.0,Automatic,5.0,179000000.0,Petrol,9.0
Mitsubishi,Xpander,2021.0,117500.0,Black,1499.0,Automatic,7.0,210000000.0,Petrol,4.0
Mini,Cabrio,2021.0,2500.0,Green,1998.0,Automatic,4.0,860000000.0,Petrol,4.0
Bmw,320I,2015.0,92500.0,Black,1997.0,Automatic,5.0,260000000.0,Petrol,10.0
Bmw,320I,2020.0,7500.0,Grey,1995.0,Automatic,5.0,950000000.0,Petrol,5.0
Bmw,520I,2023.0,2500.0,Blue,1998.0,Automatic,5.0,760000000.0,Petrol,2.0
Lexus,Nx,2023.0,17500.0,Grey,2494.0,Automatic,5.0,1110000000.0,Hybrid,2.0
Bmw,520I,2024.0,2500.0,White,1998.0,Automatic,5.0,1075000000.0,Petrol,1.0
Bmw,X5,2024.0,2500.0,Black,2998.0,Automatic,5.0,1525000000.0,Petrol,1.0
Bmw,520I,2020.0,42500.0,Black,1998.0,Automatic,5.0,579000000.0,Petrol,5.0
Mercedes,Benz,2015.0,72500.0,Grey,1595.0,Automatic,5.0,225000000.0,Petrol,10.0
Honda,Civic,2016.0,47500.0,Black,1498.0,Automatic,5.0,245000000.0,Petrol,9.0
Toyota,Alphard,2014.0,82500.0,White,2362.0,Automatic,7.0,240000000.0,Petrol,11.0
Suzuki,Sx4,2017.0,132500.0,White,1500.0,Automatic,5.0,130000000.0,Petrol,8.0
Jeep,Compass,2019.0,12500.0,Brown,1368.0,Automatic,5.0,285000000.0,Petrol,6.0
Honda,Odyssey,2016.0,92500.0,Black,2356.0,Automatic,7.0,245000000.0,Petrol,9.0
Toyota,Raize,2023.0,12500.0,Blue,998.0,Automatic,5.0,205000000.0,Petrol,2.0
Bmw,X1,2012.0,47500.0,White,1995.0,Automatic,5.0,140000000.0,Petrol,13.0
Toyota,Alphard,2013.0,102500.0,Black,2362.0,Automatic,7.0,180000000.0,Petrol,12.0
Toyota,Agya,2018.0,12500.0,Yellow,1197.0,Automatic,5.0,90000000.0,Petrol,7.0
Lexus,Nx,2019.0,62500.0,Grey,1998.0,Automatic,5.0,495000000.0,Petrol,6.0
Bmw,320I,2015.0,92500.0,Black,1998.0,Automatic,5.0,270000000.0,Petrol,10.0
Mitsubishi,Xpander,2021.0,112500.0,Black,1499.0,Automatic,7.0,190000000.0,Petrol,4.0
Toyota,Kijang,2018.0,62500.0,Silver,1998.0,Automatic,8.0,234000000.0,Petrol,7.0
Chery,Tiggo,2025.0,7500.0,White,1500.0,Automatic,5.0,225000000.0,Petrol,0.0
Wuling,Cortez,2018.0,102500.0,Brown,1798.0,Automatic,7.0,105000000.0,Petrol,7.0
Chery,Omoda,2023.0,12500.0,Grey,1498.0,Automatic,5.0,190000000.0,Petrol,2.0
Toyota,Raize,2021.0,77500.0,Blue,998.0,Automatic,5.0,170000000.0,Petrol,4.0
Toyota,Kijang,2023.0,37500.0,White,1998.0,Automatic,7.0,455000000.0,Hybrid,2.0
Chery,Omoda,2023.0,2500.0,Grey,1498.0,Automatic,5.0,263000000.0,Petrol,2.0
Subaru,Wrx,2023.0,12500.0,White,2387.0,Automatic,5.0,688000000.0,Petrol,2.0
Mg,Hs,2021.0,37500.0,Red,1490.0,Automatic,5.0,207000000.0,Petrol,4.0
Kia,Seltos,2020.0,32500.0,Black,1353.0,Automatic,5.0,211000000.0,Petrol,5.0
Mg,5,2023.0,22500.0,Grey,1498.0,Automatic,5.0,242000000.0,Petrol,2.0
Honda,Cr,2018.0,77500.0,Grey,1498.0,Automatic,5.0,293000000.0,Petrol,7.0
Mg,Zs,2022.0,27500.0,Red,1498.0,Automatic,5.0,190000000.0,Petrol,3.0
Toyota,Raize,2023.0,22500.0,Silver,998.0,Automatic,5.0,195000000.0,Petrol,2.0
Honda,Cr,2021.0,17500.0,White,1498.0,Automatic,5.0,395000000.0,Petrol,4.0
Suzuki,Jimny,2021.0,12500.0,Black,1462.0,Automatic,4.0,375000000.0,Petrol,4.0
Suzuki,Baleno,2018.0,77500.0,Blue,1373.0,Automatic,5.0,151000000.0,Petrol,7.0
Honda,Hr,2023.0,22500.0,Grey,1498.0,Automatic,5.0,325000000.0,Petrol,2.0
Bmw,520I,2024.0,7500.0,White,1998.0,Automatic,5.0,1075000000.0,Petrol,1.0
Bmw,X5,2023.0,17500.0,Black,2998.0,Automatic,5.0,1375000000.0,Petrol,2.0
Toyota,Vellfire,2016.0,77500.0,Black,2493.0,Automatic,7.0,570000000.0,Petrol,9.0
Bmw,430I,2018.0,7500.0,Red,1998.0,Automatic,4.0,1050000000.0,Petrol,7.0
Honda,Cr,2022.0,47500.0,Grey,1498.0,Automatic,5.0,393000000.0,Petrol,3.0
Ford,Everest,2024.0,12500.0,Grey,1996.0,Automatic,7.0,797000000.0,Diesel,1.0
Honda,Cr,2021.0,17500.0,White,1498.0,Automatic,5.0,393000000.0,Petrol,4.0
Honda,Hr,2024.0,22500.0,Grey,1498.0,Automatic,5.0,323000000.0,Petrol,1.0
Suzuki,Baleno,2018.0,77500.0,Blue,1373.0,Automatic,5.0,149000000.0,Petrol,7.0
Suzuki,Jimny,2021.0,17500.0,Black,1462.0,Automatic,4.0,373000000.0,Petrol,4.0
Mitsubishi,Xpander,2021.0,52500.0,Black,1499.0,Automatic,7.0,210000000.0,Petrol,4.0
Mercedes,Benz,2021.0,2500.0,Silver,3982.0,Automatic,5.0,5500000000.0,Petrol,4.0
Toyota,86,2020.0,7500.0,Red,1998.0,Automatic,4.0,850000000.0,Petrol,5.0
Bmw,320I,2017.0,32500.0,Black,1995.0,Automatic,5.0,309000000.0,Petrol,8.0
Mercedes,Benz,2016.0,22500.0,White,2996.0,Automatic,7.0,559000000.0,Petrol,9.0
Toyota,Raize,2023.0,22500.0,Silver,998.0,Automatic,5.0,193000000.0,Petrol,2.0
Mercedes,Benz,2018.0,37500.0,White,1991.0,Automatic,5.0,365000000.0,Petrol,7.0
Bmw,X5,2017.0,47500.0,Black,2979.0,Automatic,5.0,399000000.0,Petrol,8.0
Bmw,Z4,2024.0,2500.0,Red,2993.0,Automatic,2.0,1750000000.0,Petrol,1.0
Honda,Freed,2014.0,117500.0,Grey,1497.0,Automatic,7.0,135000000.0,Petrol,11.0
Mercedes,Benz,2021.0,22500.0,Black,2999.0,Automatic,7.0,975000000.0,Petrol,4.0
Mercedes,Benz,2020.0,12500.0,Grey,1332.0,Automatic,5.0,675000000.0,Petrol,5.0
Honda,Hr,2018.0,72500.0,White,1497.0,Automatic,5.0,179000000.0,Petrol,7.0
Mitsubishi,Pajero,2018.0,122500.0,Brown,2442.0,Automatic,7.0,355000000.0,Diesel,7.0
Hyundai,Stargazer,2023.0,22500.0,White,1497.0,Automatic,7.0,195000000.0,Petrol,2.0
Hyundai,Creta,2022.0,47500.0,Grey,1497.0,Automatic,5.0,235000000.0,Petrol,3.0
Toyota,Veloz,2022.0,22500.0,White,1496.0,Automatic,7.0,209000000.0,Petrol,3.0
Peugeot,5008,2021.0,47500.0,White,1598.0,Automatic,7.0,343000000.0,Petrol,4.0
Honda,Brio,2022.0,27500.0,Orange,1199.0,Automatic,5.0,169000000.0,Petrol,3.0
Bmw,X7,2022.0,12500.0,Black,2998.0,Automatic,7.0,1350000000.0,Petrol,3.0
Porsche,Panamera,2017.0,7500.0,White,2894.0,Automatic,4.0,1650000000.0,Petrol,8.0
Mg,Zs,2023.0,22500.0,Red,1498.0,Automatic,5.0,197000000.0,Petrol,2.0
Toyota,Camry,2013.0,142500.0,Black,2494.0,Automatic,5.0,145000000.0,Petrol,12.0
Toyota,Vios,2005.0,127500.0,Black,1496.0,Manual,5.0,68000000.0,Petrol,20.0
Mg,Vs,2024.0,12500.0,Grey,1498.0,Automatic,5.0,247000000.0,Petrol,1.0
Honda,Hr,2016.0,117500.0,Black,1799.0,Automatic,5.0,198000000.0,Petrol,9.0
Mercedes,Benz,2014.0,37500.0,Black,2143.0,Automatic,5.0,285000000.0,Diesel,11.0
Mitsubishi,Xpander,2019.0,32500.0,Silver,1499.0,Automatic,7.0,190000000.0,Petrol,6.0
Toyota,Alphard,2019.0,62500.0,Black,2494.0,Automatic,7.0,626000000.0,Petrol,6.0
Toyota,Vellfire,2017.0,62500.0,White,2494.0,Automatic,7.0,586000000.0,Petrol,8.0
Ferrari,California,2013.0,7500.0,Red,4297.0,Automatic,4.0,2850000000.0,Petrol,12.0
Toyota,Land,2019.0,127500.0,Black,4461.0,Automatic,8.0,1550000000.0,Diesel,6.0
Mercedes,Benz,2017.0,32500.0,Black,1991.0,Automatic,5.0,389000000.0,Petrol,8.0
Porsche,Macan,2016.0,17500.0,Grey,2997.0,Automatic,5.0,850000000.0,Petrol,9.0
Suzuki,Ertiga,2024.0,7500.0,Silver,1462.0,Automatic,7.0,180000000.0,Petrol,1.0
Bmw,X5,2022.0,27500.0,Grey,2998.0,Automatic,5.0,883000000.0,Petrol,3.0
Honda,Mobilio,2018.0,72500.0,Grey,1496.0,Automatic,7.0,134000000.0,Petrol,7.0
Toyota,Fortuner,2018.0,67500.0,White,2393.0,Automatic,7.0,360000000.0,Diesel,7.0
Mercedes,Benz,2016.0,57500.0,Black,2996.0,Automatic,5.0,365000000.0,Petrol,9.0
Hyundai,Creta,2023.0,22500.0,Red,1497.0,Automatic,5.0,269000000.0,Petrol,2.0
Suzuki,Ignis,2019.0,17500.0,Grey,1197.0,Automatic,5.0,110000000.0,Petrol,6.0
Honda,Brio,2019.0,27500.0,Grey,1199.0,Automatic,5.0,127000000.0,Petrol,6.0
Honda,Mobilio,2018.0,72500.0,Grey,1496.0,Automatic,7.0,110000000.0,Petrol,7.0
Mazda,Cx,2020.0,27500.0,Black,1998.0,Automatic,5.0,317000000.0,Petrol,5.0
Toyota,Agya,2013.0,127500.0,Black,998.0,Manual,5.0,70000000.0,Petrol,12.0
Hyundai,Stargazer,2022.0,42500.0,Black,1497.0,Automatic,7.0,179000000.0,Petrol,3.0
Honda,Cr,2018.0,87500.0,Grey,1498.0,Automatic,5.0,255000000.0,Petrol,7.0
Toyota,Rush,2014.0,92500.0,Silver,1495.0,Automatic,5.0,119000000.0,Petrol,11.0
Toyota,Avanza,2020.0,92500.0,Black,1329.0,Automatic,7.0,148000000.0,Petrol,5.0
Toyota,Kijang,2022.0,47500.0,White,1998.0,Automatic,7.0,425000000.0,Hybrid,3.0
Mazda,2,2018.0,42500.0,Red,1496.0,Automatic,5.0,170000000.0,Petrol,7.0
Toyota,Agya,2024.0,12500.0,Red,1200.0,Automatic,5.0,147000000.0,Petrol,1.0
Honda,Mobilio,2018.0,42500.0,White,1496.0,Automatic,7.0,160000000.0,Petrol,7.0
Toyota,Vellfire,2013.0,52500.0,Black,2362.0,Automatic,7.0,312000000.0,Petrol,12.0
Honda,Hr,2022.0,47500.0,Grey,1498.0,Automatic,5.0,310000000.0,Petrol,3.0
Honda,Cr,2019.0,52500.0,White,1498.0,Automatic,5.0,245000000.0,Petrol,6.0
Toyota,Kijang,2023.0,32500.0,Black,1998.0,Automatic,7.0,377000000.0,Hybrid,2.0
Toyota,Voxy,2022.0,52500.0,White,1986.0,Automatic,7.0,420000000.0,Petrol,3.0
Honda,Mobilio,2014.0,122500.0,Black,1496.0,Automatic,7.0,110000000.0,Petrol,11.0
Mazda,Cx,2023.0,32500.0,Grey,1496.0,Automatic,5.0,250000000.0,Petrol,2.0
Toyota,Calya,2022.0,27500.0,Grey,1197.0,Automatic,7.0,127000000.0,Petrol,3.0
Toyota,Voxy,2022.0,57500.0,Purple,1986.0,Automatic,7.0,368000000.0,Petrol,3.0
Honda,Hr,2023.0,22500.0,Black,1498.0,Automatic,5.0,350000000.0,Petrol,2.0
Mazda,Biante,2013.0,112500.0,Silver,1997.0,Automatic,7.0,100000000.0,Petrol,12.0
Honda,Civic,2018.0,57500.0,Black,1498.0,Automatic,5.0,299000000.0,Petrol,7.0
Toyota,Fortuner,2024.0,22500.0,Black,2755.0,Automatic,7.0,526000000.0,Diesel,1.0
Toyota,Veloz,2023.0,17500.0,White,1496.0,Automatic,7.0,220000000.0,Petrol,2.0
Mitsubishi,Xpander,2019.0,72500.0,Black,1499.0,Automatic,7.0,197000000.0,Petrol,6.0
Toyota,Raize,2022.0,77500.0,Grey,1198.0,Automatic,5.0,170000000.0,Petrol,3.0
Hyundai,Creta,2023.0,32500.0,Black,1497.0,Automatic,5.0,260000000.0,Petrol,2.0
Toyota,Land,2016.0,72500.0,Black,4461.0,Automatic,8.0,1425000000.0,Diesel,9.0
Mitsubishi,Xpander,2021.0,77500.0,Black,1499.0,Automatic,7.0,185000000.0,Petrol,4.0
Honda,Wr,2023.0,27500.0,Black,1498.0,Automatic,5.0,215000000.0,Petrol,2.0
Mitsubishi,Xpander,2021.0,37500.0,Black,1499.0,Automatic,7.0,185000000.0,Petrol,4.0
Honda,Freed,2014.0,142500.0,Silver,1497.0,Automatic,7.0,125000000.0,Petrol,11.0
Suzuki,Baleno,2020.0,67500.0,Grey,1373.0,Automatic,5.0,159000000.0,Petrol,5.0
Honda,Jazz,2018.0,42500.0,Yellow,1497.0,Automatic,5.0,179000000.0,Petrol,7.0
Mercedes,Benz,2020.0,22500.0,Blue,1332.0,Automatic,7.0,530000000.0,Petrol,5.0
Toyota,Raize,2022.0,17500.0,Blue,998.0,Automatic,5.0,190000000.0,Petrol,3.0
Mazda,Cx,2019.0,47500.0,Red,2488.0,Automatic,7.0,310000000.0,Petrol,6.0
Nissan,Serena,2022.0,27500.0,Red,1997.0,Automatic,7.0,290000000.0,Petrol,3.0
Mazda,Cx,2020.0,37500.0,Black,1998.0,Automatic,5.0,237000000.0,Petrol,5.0
Mitsubishi,Xpander,2022.0,42500.0,Grey,1499.0,Automatic,7.0,207000000.0,Petrol,3.0
Toyota,Fortuner,2018.0,32500.0,Brown,2393.0,Automatic,7.0,370000000.0,Diesel,7.0
Honda,City,2022.0,22500.0,White,1498.0,Automatic,5.0,205000000.0,Petrol,3.0
Toyota,Kijang,2024.0,7500.0,Black,1987.0,Automatic,8.0,373000000.0,Petrol,1.0
Wuling,Alvez,2023.0,32500.0,Red,1485.0,Automatic,5.0,187000000.0,Petrol,2.0
Toyota,Kijang,2010.0,117500.0,Silver,1998.0,Manual,8.0,107000000.0,Petrol,15.0
Honda,Civic,2018.0,82500.0,Blue,1498.0,Automatic,5.0,240000000.0,Petrol,7.0
Honda,Accord,2017.0,2500.0,Black,2356.0,Automatic,5.0,205000000.0,Petrol,8.0
Mercedes,Benz,2021.0,12500.0,Red,1332.0,Automatic,5.0,433000000.0,Petrol,4.0
Toyota,Kijang,2022.0,17500.0,Black,1998.0,Automatic,8.0,413000000.0,Petrol,3.0
Hyundai,Creta,2025.0,2500.0,White,1482.0,Automatic,5.0,426000000.0,Petrol,0.0
Toyota,Rush,2023.0,17500.0,Silver,1496.0,Automatic,7.0,229000000.0,Petrol,2.0
Lexus,Rx,2011.0,87500.0,White,2671.0,Automatic,5.0,213000000.0,Petrol,14.0
Hyundai,Palisade,2023.0,17500.0,Blue,2199.0,Automatic,7.0,740000000.0,Diesel,2.0
Lexus,Nx,2018.0,67500.0,Grey,1998.0,Automatic,5.0,499000000.0,Petrol,7.0
Toyota,Camry,2019.0,32500.0,Black,2494.0,Automatic,5.0,325000000.0,Petrol,6.0
Honda,Hr,2023.0,27500.0,Black,1498.0,Automatic,5.0,305000000.0,Petrol,2.0
Toyota,Kijang,2018.0,92500.0,Black,1998.0,Automatic,8.0,210000000.0,Petrol,7.0
Mg,Hs,2022.0,22500.0,White,1490.0,Automatic,5.0,241000000.0,Petrol,3.0
Mini,Cabrio,2012.0,42500.0,Blue,1598.0,Automatic,4.0,374000000.0,Petrol,13.0
Mitsubishi,Pajero,2020.0,37500.0,Black,2442.0,Automatic,7.0,405000000.0,Diesel,5.0
Mg,Zs,2021.0,37500.0,Silver,1498.0,Automatic,5.0,157000000.0,Petrol,4.0
Toyota,Yaris,2022.0,32500.0,White,1495.0,Automatic,5.0,206000000.0,Petrol,3.0
Honda,Cr,2019.0,77500.0,White,1498.0,Automatic,5.0,323000000.0,Petrol,6.0
Honda,Hr,2023.0,12500.0,Black,1498.0,Automatic,5.0,313000000.0,Petrol,2.0
Mini,Cooper,2021.0,7500.0,Blue,1499.0,Automatic,4.0,510000000.0,Petrol,4.0
Volkswagen,Tiguan,2020.0,32500.0,Grey,1395.0,Automatic,5.0,287000000.0,Petrol,5.0
Toyota,Raize,2024.0,32500.0,Silver,1198.0,Automatic,5.0,177000000.0,Petrol,1.0
Toyota,Calya,2024.0,15110.0,Brown,1197.0,Automatic,7.0,143000000.0,Petrol,1.0
Toyota,Fortuner,2021.0,39041.0,Black,2393.0,Automatic,7.0,370000000.0,Diesel,4.0
Suzuki,Sx4,2018.0,48833.0,Grey,1500.0,Automatic,5.0,169000000.0,Petrol,7.0
Mazda,Cx,2023.0,2500.0,White,2488.0,Automatic,5.0,475000000.0,Petrol,2.0
Toyota,Alphard,2020.0,32500.0,White,2494.0,Automatic,7.0,720000000.0,Petrol,5.0
Mitsubishi,Xpander,2018.0,47500.0,White,1499.0,Automatic,7.0,168000000.0,Petrol,7.0
Mitsubishi,Xpander,2023.0,52500.0,Black,1499.0,Automatic,7.0,215000000.0,Petrol,2.0
Hyundai,Stargazer,2022.0,62500.0,Grey,1497.0,Automatic,7.0,181000000.0,Petrol,3.0
Mitsubishi,Pajero,2020.0,57500.0,White,2442.0,Automatic,7.0,378000000.0,Diesel,5.0
Honda,Hr,2024.0,22500.0,Grey,1498.0,Automatic,5.0,330000000.0,Petrol,1.0
Toyota,Raize,2024.0,32500.0,Silver,1198.0,Automatic,5.0,179000000.0,Petrol,1.0
Mini,Cooper,2019.0,17500.0,Green,1499.0,Automatic,4.0,499000000.0,Petrol,6.0
Volkswagen,Tiguan,2020.0,32500.0,Grey,1395.0,Automatic,5.0,289000000.0,Petrol,5.0
Nissan,Serena,2018.0,137500.0,Black,1997.0,Automatic,7.0,189000000.0,Petrol,7.0
Mercedes,Benz,2019.0,7500.0,White,1991.0,Automatic,5.0,719000000.0,Petrol,6.0
Hyundai,Palisade,2022.0,87500.0,White,2199.0,Automatic,7.0,675000000.0,Diesel,3.0
Mazda,Cx,2021.0,47500.0,Grey,2488.0,Automatic,5.0,350000000.0,Petrol,4.0
Mitsubishi,Xpander,2023.0,12500.0,Black,1499.0,Automatic,7.0,257000000.0,Petrol,2.0
Toyota,Sienta,2021.0,32500.0,White,1497.0,Automatic,7.0,215000000.0,Petrol,4.0
Hyundai,Santa,2023.0,27500.0,White,2497.0,Automatic,7.0,402000000.0,Petrol,2.0
Hyundai,Stargazer,2023.0,27500.0,White,1497.0,Automatic,7.0,198000000.0,Petrol,2.0
Lexus,Lx,2022.0,7500.0,Grey,3445.0,Automatic,7.0,2648000000.0,Petrol,3.0
Toyota,Avanza,2008.0,137500.0,Black,1298.0,Manual,7.0,80000000.0,Petrol,17.0
Mitsubishi,Xforce,2024.0,12500.0,Black,1499.0,Automatic,5.0,283000000.0,Petrol,1.0
Toyota,Kijang,2010.0,117500.0,Silver,1998.0,Manual,8.0,105000000.0,Petrol,15.0
Honda,Jazz,2016.0,77500.0,Black,1497.0,Automatic,5.0,156000000.0,Petrol,9.0
Honda,Mobilio,2019.0,62500.0,White,1496.0,Automatic,7.0,145000000.0,Petrol,6.0
Honda,Hr,2023.0,47500.0,Black,1498.0,Automatic,5.0,295000000.0,Petrol,2.0
Mitsubishi,Xpander,2019.0,12500.0,Silver,1499.0,Automatic,7.0,220000000.0,Petrol,6.0
Mercedes,Benz,2017.0,22500.0,White,1991.0,Automatic,4.0,689000000.0,Petrol,8.0
Toyota,Kijang,2016.0,87500.0,Silver,2393.0,Automatic,8.0,304000000.0,Diesel,9.0
Mazda,Cx,2020.0,12500.0,White,1998.0,Automatic,5.0,326000000.0,Petrol,5.0
Toyota,Voxy,2023.0,12500.0,White,1986.0,Automatic,5.0,432000000.0,Petrol,2.0
Mercedes,Benz,2008.0,27500.0,Black,2996.0,Automatic,5.0,260000000.0,Petrol,17.0
Lexus,Lbx,2024.0,12500.0,Blue,1490.0,Automatic,5.0,649000000.0,Petrol,1.0
Mercedes,Benz,2014.0,52500.0,Black,1595.0,Automatic,5.0,285000000.0,Petrol,11.0
Mercedes,Benz,2017.0,22500.0,Silver,1991.0,Automatic,5.0,425000000.0,Petrol,8.0
Mini,Cooper,2023.0,2500.0,Grey,1998.0,Automatic,4.0,850000000.0,Petrol,2.0
Bmw,M4,2014.0,17500.0,Orange,2993.0,Automatic,4.0,1250000000.0,Petrol,11.0
Toyota,Alphard,2017.0,97500.0,White,2494.0,Automatic,7.0,498000000.0,Petrol,8.0
Lexus,Lx,2025.0,2500.0,Black,3445.0,Automatic,4.0,3350000000.0,Petrol,0.0
Honda,Cr,2019.0,72500.0,Grey,1498.0,Automatic,5.0,310000000.0,Petrol,6.0
Suzuki,Jimny,2023.0,7500.0,Green,1462.0,Manual,4.0,367000000.0,Petrol,2.0
Mazda,Cx,2016.0,112500.0,Red,2488.0,Automatic,5.0,189000000.0,Petrol,9.0
Mini,Clubman,2018.0,7500.0,Maroon,1998.0,Automatic,5.0,725000000.0,Petrol,7.0
Mini,Cabrio,2023.0,2500.0,Yellow,1998.0,Automatic,4.0,955000000.0,Petrol,2.0
Toyota,Vellfire,2025.0,2500.0,White,2500.0,Automatic,7.0,1550000000.0,Hybrid,0.0
Subaru,Crosstrek,2023.0,22500.0,Silver,1995.0,Automatic,5.0,353000000.0,Petrol,2.0
Suzuki,Apv,2024.0,17500.0,Grey,1500.0,Manual,8.0,128000000.0,Petrol,1.0
Toyota,Harrier,2010.0,87500.0,White,2362.0,Automatic,5.0,189000000.0,Petrol,15.0
Toyota,Rush,2023.0,37500.0,Black,1496.0,Automatic,7.0,210000000.0,Petrol,2.0
Bmw,320I,2024.0,12500.0,Grey,1995.0,Automatic,5.0,790000000.0,Petrol,1.0
Hyundai,Creta,2022.0,47500.0,Silver,1497.0,Automatic,5.0,235000000.0,Petrol,3.0
Honda,Br,2024.0,2500.0,Grey,1498.0,Automatic,7.0,246000000.0,Petrol,1.0
Mitsubishi,Pajero,2022.0,17500.0,White,2442.0,Automatic,7.0,480000000.0,Diesel,3.0
Mitsubishi,Xforce,2025.0,2500.0,White,1499.0,Automatic,5.0,297000000.0,Petrol,0.0
Wuling,Cortez,2019.0,67500.0,Black,1451.0,Automatic,7.0,157000000.0,Petrol,6.0
Honda,Civic,2018.0,72500.0,Silver,1498.0,Automatic,5.0,270000000.0,Petrol,7.0
Bmw,320I,2015.0,42500.0,Black,1997.0,Automatic,5.0,265000000.0,Petrol,10.0
Mazda,Cx,2024.0,7500.0,Grey,2488.0,Automatic,5.0,474000000.0,Petrol,1.0
Honda,Cr,2024.0,12500.0,Red,1993.0,Automatic,5.0,626000000.0,Hybrid,1.0
Mitsubishi,Pajero,2021.0,32500.0,Grey,2442.0,Automatic,7.0,440000000.0,Diesel,4.0
Toyota,Voxy,2023.0,12500.0,Black,1986.0,Automatic,5.0,433000000.0,Petrol,2.0
Mercedes,Benz,2014.0,57500.0,Black,1595.0,Automatic,5.0,275000000.0,Petrol,11.0
Toyota,Alphard,2023.0,12500.0,White,2494.0,Automatic,7.0,895000000.0,Petrol,2.0
Honda,Br,2022.0,47500.0,White,1498.0,Automatic,7.0,214000000.0,Petrol,3.0
Lexus,Rx,2016.0,47500.0,Black,1998.0,Automatic,5.0,584000000.0,Petrol,9.0
Hyundai,H,2013.0,47500.0,White,2359.0,Automatic,8.0,130000000.0,Petrol,12.0
Mini,Countryman,2011.0,37500.0,Red,1598.0,Automatic,5.0,314000000.0,Petrol,14.0
Toyota,Fortuner,2019.0,62500.0,Black,2393.0,Automatic,7.0,398000000.0,Diesel,6.0
Bmw,320I,2015.0,82500.0,Brown,1997.0,Automatic,5.0,249000000.0,Petrol,10.0
Bmw,116I,2012.0,92500.0,White,1596.0,Automatic,5.0,229000000.0,Petrol,13.0
Honda,Brio,2022.0,27500.0,Black,1199.0,Manual,5.0,138000000.0,Petrol,3.0
Ford,Ecosport,2014.0,132500.0,Silver,1499.0,Automatic,5.0,99000000.0,Petrol,11.0
Honda,Odyssey,2014.0,112500.0,Purple,2356.0,Automatic,7.0,219000000.0,Petrol,11.0
Mercedes,Benz,2011.0,82500.0,Brown,1796.0,Automatic,5.0,179000000.0,Petrol,14.0
Bmw,116I,2012.0,82500.0,White,1596.0,Automatic,5.0,229000000.0,Petrol,13.0
Hyundai,Stargazer,2022.0,37500.0,White,1497.0,Automatic,7.0,190000000.0,Petrol,3.0
Hyundai,Stargazer,2023.0,32500.0,Grey,1497.0,Automatic,7.0,170000000.0,Petrol,2.0
Toyota,Fortuner,2022.0,32500.0,Black,2755.0,Automatic,7.0,537000000.0,Diesel,3.0
Honda,Hr,2023.0,27500.0,Black,1498.0,Automatic,5.0,300000000.0,Petrol,2.0
Honda,Brio,2021.0,22500.0,Grey,1199.0,Automatic,5.0,140000000.0,Petrol,4.0
Honda,Hr,2022.0,12500.0,Grey,1498.0,Automatic,5.0,305000000.0,Petrol,3.0
Mazda,Cx,2022.0,32500.0,White,2488.0,Automatic,5.0,411000000.0,Petrol,3.0
Honda,Wr,2024.0,17500.0,Red,1498.0,Automatic,5.0,243000000.0,Petrol,1.0
Honda,Cr,2022.0,62500.0,Silver,1498.0,Automatic,5.0,384000000.0,Petrol,3.0
Toyota,Voxy,2019.0,57500.0,Black,1986.0,Automatic,7.0,285000000.0,Petrol,6.0
Toyota,Sienta,2018.0,62500.0,Orange,1497.0,Automatic,7.0,166000000.0,Petrol,7.0
Honda,City,2021.0,52500.0,Black,1498.0,Automatic,5.0,205000000.0,Petrol,4.0
Chevrolet,Trax,2017.0,92500.0,Grey,1399.0,Automatic,5.0,128000000.0,Petrol,8.0
Toyota,Fortuner,2017.0,62500.0,Black,2393.0,Automatic,7.0,325000000.0,Diesel,8.0
Toyota,Land,2022.0,22500.0,Black,3346.0,Automatic,7.0,1995000000.0,Diesel,3.0
Toyota,Veloz,2022.0,42500.0,Black,1496.0,Automatic,7.0,219000000.0,Petrol,3.0
Toyota,Voxy,2022.0,52500.0,Black,1986.0,Automatic,5.0,375000000.0,Petrol,3.0
Toyota,Alphard,2025.0,2500.0,White,2500.0,Automatic,7.0,1550000000.0,Hybrid,0.0
Mitsubishi,Pajero,2016.0,122500.0,White,2442.0,Automatic,7.0,365000000.0,Diesel,9.0
Toyota,Alphard,2024.0,7500.0,Black,2500.0,Automatic,7.0,1475000000.0,Hybrid,1.0
Mercedes,Benz,2023.0,2500.0,Grey,1999.0,Automatic,5.0,825000000.0,Petrol,2.0
Honda,Mobilio,2016.0,72500.0,White,1496.0,Automatic,7.0,115000000.0,Petrol,9.0
Hyundai,Staria,2022.0,42500.0,Black,2199.0,Automatic,7.0,599000000.0,Diesel,3.0
Toyota,Kijang,2023.0,22500.0,White,1998.0,Automatic,7.0,496000000.0,Petrol,2.0
Toyota,Kijang,2023.0,47500.0,White,1998.0,Automatic,7.0,420000000.0,Hybrid,2.0
Toyota,Hiace,2024.0,2500.0,White,2982.0,Manual,16.0,519000000.0,Diesel,1.0
Toyota,Camry,2019.0,52500.0,Black,2494.0,Automatic,5.0,285000000.0,Petrol,6.0
Lexus,Gs,2017.0,32500.0,White,1998.0,Automatic,5.0,514000000.0,Petrol,8.0
Honda,Hr,2016.0,112500.0,White,1497.0,Automatic,5.0,150000000.0,Petrol,9.0
Toyota,Rush,2014.0,122500.0,Silver,1495.0,Automatic,5.0,115000000.0,Petrol,11.0
Toyota,Avanza,2013.0,107500.0,Silver,1298.0,Automatic,7.0,90000000.0,Petrol,12.0
Toyota,Avanza,2020.0,107500.0,Silver,1329.0,Automatic,7.0,136000000.0,Petrol,5.0
Honda,Hr,2017.0,132500.0,Black,1497.0,Automatic,5.0,164000000.0,Petrol,8.0
Suzuki,Jimny,2023.0,7500.0,Yellow,1462.0,Automatic,4.0,414000000.0,Petrol,2.0
Toyota,Veloz,2023.0,47500.0,White,1496.0,Automatic,7.0,210000000.0,Petrol,2.0
Toyota,Sienta,2016.0,92500.0,Orange,1497.0,Automatic,7.0,125000000.0,Petrol,9.0
Toyota,Alphard,2013.0,122500.0,Black,2362.0,Automatic,7.0,240000000.0,Petrol,12.0
Toyota,Agya,2018.0,37500.0,Yellow,1197.0,Automatic,5.0,94000000.0,Petrol,7.0
Nissan,X,2015.0,157500.0,Black,2488.0,Automatic,7.0,129000000.0,Petrol,10.0
Honda,Mobilio,2015.0,162500.0,Grey,1496.0,Automatic,7.0,97000000.0,Petrol,10.0
Toyota,Veloz,2023.0,37500.0,Silver,1496.0,Automatic,7.0,214000000.0,Petrol,2.0
Toyota,Sienta,2017.0,87500.0,Black,1497.0,Automatic,7.0,145000000.0,Petrol,8.0
Suzuki,Sx4,2019.0,37500.0,Grey,1500.0,Automatic,5.0,167000000.0,Petrol,6.0
Nissan,Serena,2017.0,102500.0,White,1997.0,Automatic,7.0,155000000.0,Petrol,8.0
Mitsubishi,Xpander,2019.0,82500.0,Black,1499.0,Automatic,7.0,175000000.0,Petrol,6.0
Mercedes,Benz,2014.0,77500.0,Grey,1595.0,Automatic,5.0,219000000.0,Petrol,11.0
Mazda,Biante,2015.0,92500.0,White,1997.0,Automatic,7.0,140000000.0,Petrol,10.0
Mazda,Biante,2015.0,97500.0,Black,1997.0,Automatic,7.0,140000000.0,Petrol,10.0
Mazda,2,2016.0,112500.0,White,1496.0,Automatic,5.0,135000000.0,Petrol,9.0
Mercedes,Benz,2023.0,7500.0,Silver,1999.0,Automatic,5.0,825000000.0,Petrol,2.0
Honda,Cr,2020.0,52500.0,White,1498.0,Automatic,5.0,290000000.0,Petrol,5.0
Honda,Cr,2018.0,67500.0,Green,1498.0,Automatic,5.0,295000000.0,Petrol,7.0
Bmw,X7,2021.0,7500.0,Black,2998.0,Automatic,7.0,1290000000.0,Petrol,4.0
Chevrolet,Captiva,2015.0,92500.0,Black,1998.0,Automatic,7.0,145000000.0,Diesel,10.0
Mercedes,Benz,2021.0,7500.0,Black,1991.0,Automatic,5.0,745000000.0,Petrol,4.0
Volkswagen,Polo,2018.0,57500.0,Grey,1197.0,Automatic,5.0,125000000.0,Petrol,7.0
Lexus,Nx,2018.0,42500.0,Grey,1998.0,Automatic,5.0,510000000.0,Petrol,7.0
Toyota,Yaris,2012.0,107500.0,Silver,1497.0,Automatic,5.0,97000000.0,Petrol,13.0
Honda,Brio,2022.0,22500.0,Yellow,1199.0,Automatic,5.0,145000000.0,Petrol,3.0
Mercedes,Benz,2017.0,22500.0,White,1991.0,Automatic,5.0,385000000.0,Petrol,8.0
Toyota,Alphard,2018.0,32500.0,White,2494.0,Automatic,7.0,570000000.0,Petrol,7.0
Mercedes,Benz,2017.0,22500.0,Black,1991.0,Automatic,5.0,330000000.0,Petrol,8.0
Toyota,Vellfire,2011.0,157500.0,White,2362.0,Automatic,7.0,150000000.0,Petrol,14.0
Toyota,Alphard,2014.0,97500.0,Black,2362.0,Automatic,7.0,240000000.0,Petrol,11.0
Mercedes,Benz,2022.0,12500.0,Black,1332.0,Automatic,7.0,590000000.0,Petrol,3.0
Mini,Cooper,2020.0,17500.0,Orange,1499.0,Automatic,4.0,468000000.0,Petrol,5.0
Suzuki,Baleno,2020.0,77500.0,Red,1373.0,Automatic,5.0,162000000.0,Petrol,5.0
Honda,Hr,2018.0,72500.0,White,1497.0,Automatic,5.0,177000000.0,Petrol,7.0
Nissan,Serena,2011.0,107500.0,Silver,1998.0,Automatic,7.0,100000000.0,Petrol,14.0
Mitsubishi,Xpander,2021.0,82500.0,Black,1499.0,Automatic,7.0,185000000.0,Petrol,4.0
Land,Rover,2012.0,17500.0,White,1999.0,Automatic,5.0,295000000.0,Petrol,13.0
Lexus,Rx,2013.0,72500.0,White,2672.0,Automatic,5.0,265000000.0,Petrol,12.0
Hyundai,Stargazer,2023.0,37500.0,White,1497.0,Automatic,7.0,215000000.0,Petrol,2.0
Honda,Hr,2018.0,62500.0,Grey,1799.0,Automatic,5.0,212000000.0,Petrol,7.0
Honda,Hr,2015.0,122500.0,Grey,1497.0,Automatic,5.0,155000000.0,Petrol,10.0
Honda,Civic,2023.0,2500.0,White,1498.0,Automatic,5.0,475000000.0,Petrol,2.0
Honda,Cr,2018.0,87500.0,Silver,1498.0,Automatic,5.0,275000000.0,Petrol,7.0
Honda,Br,2022.0,22500.0,White,1498.0,Automatic,7.0,215000000.0,Petrol,3.0
Toyota,Yaris,2021.0,62500.0,Black,1496.0,Automatic,5.0,190000000.0,Petrol,4.0
Toyota,Veloz,2022.0,22500.0,Black,1496.0,Automatic,7.0,210000000.0,Petrol,3.0
Toyota,Calya,2023.0,22500.0,White,1197.0,Automatic,7.0,123000000.0,Petrol,2.0
Mercedes,Benz,2020.0,32500.0,Grey,1991.0,Automatic,7.0,684000000.0,Petrol,5.0
Hyundai,Stargazer,2022.0,47500.0,Black,1497.0,Automatic,7.0,188000000.0,Petrol,3.0
Honda,Wr,2023.0,32500.0,Black,1498.0,Automatic,5.0,222000000.0,Petrol,2.0
Honda,Hr,2016.0,87500.0,Blue,1497.0,Automatic,5.0,155000000.0,Petrol,9.0
Toyota,Rush,2018.0,77500.0,White,1495.0,Automatic,7.0,167000000.0,Petrol,7.0
Toyota,Fortuner,2019.0,62500.0,Black,2393.0,Automatic,7.0,357000000.0,Diesel,6.0
Toyota,Avanza,2012.0,77500.0,White,1298.0,Automatic,7.0,97000000.0,Petrol,13.0
Suzuki,Ignis,2018.0,37500.0,Blue,1197.0,Automatic,5.0,107000000.0,Petrol,7.0
Suzuki,Ertiga,2017.0,117500.0,Black,1373.0,Automatic,7.0,123000000.0,Petrol,8.0
Mitsubishi,Triton,2016.0,122500.0,White,2477.0,Manual,5.0,182000000.0,Diesel,9.0
Suzuki,Ertiga,2017.0,82500.0,Purple,1373.0,Automatic,7.0,130000000.0,Petrol,8.0
Suzuki,Baleno,2020.0,67500.0,Grey,1373.0,Automatic,5.0,157000000.0,Petrol,5.0
Nissan,Livina,2020.0,62500.0,Black,1499.0,Automatic,7.0,155000000.0,Petrol,5.0
Nissan,Grand,2015.0,142500.0,Silver,1498.0,Automatic,7.0,97000000.0,Petrol,10.0
Mitsubishi,Outlander,2016.0,82500.0,Brown,1998.0,Automatic,5.0,145000000.0,Petrol,9.0
Mazda,2,2018.0,62500.0,White,1496.0,Automatic,5.0,165000000.0,Petrol,7.0
Hyundai,Stargazer,2023.0,47500.0,Black,1497.0,Automatic,7.0,188000000.0,Petrol,2.0
Toyota,Fortuner,2023.0,2500.0,Black,2393.0,Automatic,7.0,434000000.0,Diesel,2.0
Hyundai,Creta,2022.0,42500.0,White,1497.0,Automatic,5.0,247000000.0,Petrol,3.0
Honda,Jazz,2019.0,67500.0,White,1497.0,Automatic,5.0,197000000.0,Petrol,6.0
Honda,Hr,2017.0,62500.0,White,1497.0,Automatic,5.0,165000000.0,Petrol,8.0
Honda,City,2022.0,22500.0,White,1498.0,Automatic,5.0,207000000.0,Petrol,3.0
Honda,Br,2017.0,72500.0,Silver,1497.0,Automatic,7.0,148000000.0,Petrol,8.0
Chevrolet,Trax,2017.0,92500.0,Grey,1399.0,Automatic,5.0,127000000.0,Petrol,8.0
Bmw,520D,2013.0,77500.0,Silver,1995.0,Automatic,5.0,195000000.0,Diesel,12.0
Toyota,Kijang,2021.0,27500.0,Black,2393.0,Automatic,8.0,378000000.0,Diesel,4.0
Mitsubishi,Pajero,2016.0,112500.0,Black,2442.0,Automatic,7.0,324000000.0,Diesel,9.0
Toyota,Kijang,2017.0,67500.0,Black,1998.0,Automatic,8.0,195000000.0,Petrol,8.0
Wuling,Almaz,2019.0,72500.0,Grey,1451.0,Automatic,5.0,145000000.0,Petrol,6.0
Suzuki,Jimny,2021.0,17500.0,Grey,1462.0,Automatic,4.0,425000000.0,Petrol,4.0
Toyota,Sienta,2017.0,57500.0,White,1497.0,Automatic,7.0,173000000.0,Petrol,8.0
Honda,Hr,2021.0,87500.0,Black,1497.0,Automatic,5.0,206000000.0,Petrol,4.0
Mazda,Cx,2020.0,47500.0,Black,2488.0,Automatic,7.0,350000000.0,Petrol,5.0
Chery,Tiggo,2025.0,7500.0,Black,1998.0,Automatic,8.0,324000000.0,Petrol,0.0
Suzuki,Baleno,2024.0,12500.0,Blue,1462.0,Automatic,5.0,214000000.0,Petrol,1.0
Mini,Cooper,2015.0,42500.0,Black,2000.0,Automatic,5.0,425000000.0,Petrol,10.0
Mini,Countryman,2021.0,2500.0,Green,1499.0,Automatic,5.0,530000000.0,Petrol,4.0
Honda,Brio,2021.0,22500.0,Black,1199.0,Manual,5.0,138000000.0,Petrol,4.0
Bmw,Z4,2023.0,2500.0,Red,1998.0,Automatic,2.0,1375000000.0,Petrol,2.0
Porsche,Boxster,2015.0,37500.0,White,2706.0,Automatic,2.0,1450000000.0,Petrol,10.0
Mercedes,Benz,2016.0,32500.0,Grey,1595.0,Automatic,5.0,279000000.0,Petrol,9.0
Mini,Countryman,2019.0,12500.0,Blue,1998.0,Automatic,5.0,460000000.0,Petrol,6.0
Toyota,Veloz,2022.0,17500.0,Silver,1496.0,Automatic,7.0,223000000.0,Petrol,3.0
Toyota,Kijang,2019.0,147500.0,Black,2393.0,Automatic,8.0,275000000.0,Diesel,6.0
Toyota,Voxy,2023.0,22500.0,Black,1986.0,Automatic,5.0,429000000.0,Petrol,2.0
Toyota,Fortuner,2014.0,122500.0,Black,2694.0,Automatic,7.0,225000000.0,Petrol,11.0
Nissan,Serena,2022.0,22500.0,Black,1997.0,Automatic,7.0,309000000.0,Petrol,3.0
Mitsubishi,Pajero,2015.0,157500.0,White,2477.0,Automatic,7.0,235000000.0,Diesel,10.0
Toyota,Voxy,2018.0,42500.0,Black,1986.0,Automatic,7.0,280000000.0,Petrol,7.0
Mitsubishi,Pajero,2018.0,77500.0,White,2477.0,Automatic,7.0,315000000.0,Diesel,7.0
Toyota,Vellfire,2012.0,57500.0,White,2362.0,Automatic,7.0,270000000.0,Petrol,13.0
Mitsubishi,Pajero,2020.0,57500.0,White,2477.0,Automatic,7.0,430000000.0,Diesel,5.0
Mg,Hs,2022.0,32500.0,Maroon,1490.0,Automatic,5.0,270000000.0,Petrol,3.0
Wuling,Almaz,2021.0,32500.0,Silver,1451.0,Automatic,7.0,210000000.0,Petrol,4.0
Toyota,Kijang,2022.0,57500.0,Black,1998.0,Automatic,7.0,415000000.0,Petrol,3.0
Toyota,Veloz,2022.0,22500.0,Black,1496.0,Automatic,7.0,205000000.0,Petrol,3.0
Toyota,Veloz,2022.0,42500.0,Silver,1496.0,Automatic,7.0,209000000.0,Petrol,3.0
Honda,Br,2022.0,7500.0,Grey,1498.0,Automatic,7.0,219000000.0,Petrol,3.0
Toyota,Yaris,2021.0,62500.0,Black,1496.0,Automatic,5.0,189000000.0,Petrol,4.0
Mazda,2,2018.0,42500.0,Maroon,1496.0,Automatic,5.0,170000000.0,Petrol,7.0
Toyota,Veloz,2022.0,42500.0,Black,1496.0,Automatic,7.0,219000000.0,Petrol,3.0
Mitsubishi,Xpander,2022.0,42500.0,Grey,1499.0,Automatic,7.0,219000000.0,Petrol,3.0
Mitsubishi,Xpander,2021.0,82500.0,Black,1499.0,Automatic,7.0,189000000.0,Petrol,4.0
Toyota,Harrier,2021.0,17500.0,Black,1987.0,Automatic,5.0,749000000.0,Petrol,4.0
Honda,Cr,2018.0,87500.0,Grey,1498.0,Automatic,5.0,265000000.0,Petrol,7.0
Honda,Hr,2018.0,62500.0,Grey,1799.0,Automatic,5.0,215000000.0,Petrol,7.0
Honda,Civic,2017.0,67500.0,Black,1498.0,Automatic,5.0,259000000.0,Petrol,8.0
Mitsubishi,Xpander,2022.0,27500.0,Black,1499.0,Automatic,7.0,234000000.0,Petrol,3.0
Toyota,Alphard,2014.0,97500.0,Black,2362.0,Automatic,7.0,229000000.0,Petrol,11.0
Honda,Freed,2014.0,142500.0,Grey,1497.0,Automatic,7.0,129000000.0,Petrol,11.0
Nissan,Serena,2022.0,32500.0,Red,1997.0,Automatic,7.0,298000000.0,Petrol,3.0
Hyundai,Creta,2022.0,42500.0,White,1497.0,Automatic,5.0,249000000.0,Petrol,3.0
Mazda,2,2018.0,67500.0,White,1496.0,Automatic,5.0,159000000.0,Petrol,7.0
Honda,Accord,2013.0,92500.0,Silver,2356.0,Automatic,5.0,158000000.0,Petrol,12.0
Porsche,Macan,2016.0,22500.0,Grey,2997.0,Automatic,5.0,825000000.0,Petrol,9.0
Suzuki,Baleno,2020.0,80550.0,White,1373.0,Automatic,5.0,178000000.0,Petrol,5.0
Bmw,530I,2019.0,27500.0,Grey,1998.0,Automatic,5.0,559000000.0,Petrol,6.0
Porsche,Macan,2016.0,37500.0,Black,1984.0,Automatic,5.0,600000000.0,Petrol,9.0
Lexus,Lx,2023.0,27500.0,Black,3445.0,Automatic,7.0,3150000000.0,Petrol,2.0
Renault,Koleos,2017.0,82500.0,Black,2488.0,Automatic,5.0,179000000.0,Petrol,8.0
Mazda,6,2018.0,42500.0,White,2488.0,Automatic,5.0,279000000.0,Petrol,7.0
Bmw,530I,2017.0,17500.0,Black,1998.0,Automatic,5.0,434000000.0,Petrol,8.0
Mazda,6,2018.0,37500.0,Red,2488.0,Automatic,5.0,279000000.0,Petrol,7.0
Mazda,Cx,2017.0,62500.0,White,1998.0,Automatic,5.0,198000000.0,Petrol,8.0
Honda,Cr,2016.0,112500.0,Black,2354.0,Automatic,5.0,179000000.0,Petrol,9.0
Toyota,Raize,2022.0,17500.0,Blue,998.0,Automatic,5.0,189000000.0,Petrol,3.0
Nissan,Serena,2019.0,37500.0,Black,1997.0,Automatic,7.0,207000000.0,Petrol,6.0
Hyundai,Staria,2021.0,22500.0,Black,2199.0,Automatic,7.0,594000000.0,Diesel,4.0
Hyundai,Creta,2024.0,2500.0,Black,1497.0,Automatic,5.0,315000000.0,Petrol,1.0
Toyota,Fortuner,2022.0,42500.0,Grey,2393.0,Automatic,7.0,435000000.0,Diesel,3.0
Chevrolet,Trailblazer,2017.0,92500.0,Black,2499.0,Automatic,7.0,229000000.0,Diesel,8.0
Hyundai,Stargazer,2023.0,47500.0,Black,1497.0,Automatic,7.0,199000000.0,Petrol,2.0
Honda,Brio,2022.0,22500.0,Yellow,1199.0,Automatic,5.0,138000000.0,Petrol,3.0
Toyota,Fortuner,2019.0,62500.0,Black,2393.0,Automatic,7.0,355000000.0,Diesel,6.0
Mazda,Cx,2016.0,52500.0,White,2488.0,Automatic,5.0,185000000.0,Petrol,9.0
Honda,City,2022.0,22500.0,Red,1498.0,Automatic,5.0,209000000.0,Petrol,3.0
Suzuki,Ignis,2018.0,37500.0,Blue,1197.0,Automatic,5.0,125000000.0,Petrol,7.0
Suzuki,Splash,2014.0,72500.0,Black,1197.0,Automatic,5.0,75000000.0,Petrol,11.0
Toyota,Fortuner,2022.0,47500.0,Grey,2393.0,Automatic,7.0,445000000.0,Diesel,3.0
Mazda,3,2023.0,32500.0,Red,1998.0,Automatic,5.0,425000000.0,Petrol,2.0
Toyota,Avanza,2017.0,92500.0,White,1329.0,Automatic,7.0,118000000.0,Petrol,8.0
Mitsubishi,Pajero,2023.0,22500.0,Black,2442.0,Automatic,7.0,450000000.0,Diesel,2.0
Bmw,318I,1991.0,202500.0,Green,1766.0,Manual,5.0,125000000.0,Petrol,34.0
Toyota,Agya,2022.0,12500.0,White,1197.0,Automatic,5.0,127000000.0,Petrol,3.0
Honda,Cr,2017.0,122500.0,Silver,1498.0,Automatic,5.0,265000000.0,Petrol,8.0
Bmw,X5,2022.0,7500.0,Black,2998.0,Automatic,5.0,975000000.0,Petrol,3.0
Honda,Hr,2016.0,82500.0,Grey,1799.0,Automatic,5.0,185000009.0,Petrol,9.0
Toyota,Agya,2022.0,17500.0,Grey,1197.0,Automatic,5.0,125000000.0,Petrol,3.0
Jeep,Willys,1958.0,202500.0,Green,2199.0,Manual,4.0,165000000.0,Petrol,67.0
Porsche,Boxster,2015.0,2500.0,White,2706.0,Automatic,2.0,1450000000.0,Petrol,10.0
Toyota,Kijang,2018.0,142500.0,Black,1998.0,Automatic,7.0,225000000.0,Petrol,7.0
Bmw,520I,2024.0,2500.0,Grey,1998.0,Automatic,5.0,1075000000.0,Petrol,1.0
Toyota,Kijang,2023.0,52500.0,White,1998.0,Automatic,7.0,435000000.0,Hybrid,2.0
Mercedes,Benz,2015.0,117500.0,Silver,1595.0,Automatic,5.0,250000000.0,Petrol,10.0
Honda,Br,2022.0,47500.0,White,1498.0,Automatic,7.0,202000000.0,Petrol,3.0
Honda,Jazz,2016.0,97500.0,Red,1497.0,Automatic,5.0,177000000.0,Petrol,9.0
Toyota,Land,1980.0,202500.0,Green,4230.0,Manual,5.0,195000000.0,Petrol,45.0
Toyota,Rush,2022.0,52500.0,White,1496.0,Automatic,7.0,225000000.0,Petrol,3.0
Lexus,Rx,2021.0,37500.0,White,1998.0,Automatic,5.0,810000000.0,Petrol,4.0
Toyota,Sienta,2017.0,97500.0,White,1497.0,Automatic,7.0,155000000.0,Petrol,8.0
Mercedes,Benz,2019.0,17500.0,Black,1991.0,Automatic,5.0,529000000.0,Petrol,6.0
Mitsubishi,Xpander,2020.0,72500.0,White,1499.0,Automatic,7.0,215000000.0,Petrol,5.0
Porsche,Cayenne,2013.0,27500.0,White,3598.0,Automatic,5.0,530000000.0,Petrol,12.0
Honda,Brio,2023.0,42500.0,Red,1199.0,Automatic,5.0,144000000.0,Petrol,2.0
Lexus,Rx,2013.0,137500.0,White,2672.0,Automatic,5.0,220000000.0,Petrol,12.0
Daihatsu,Xenia,2019.0,82500.0,Silver,1329.0,Automatic,7.0,145000000.0,Petrol,6.0
Bmw,520I,2018.0,87500.0,White,1998.0,Automatic,5.0,370000000.0,Petrol,7.0
Mazda,Cx,2023.0,52500.0,Black,2488.0,Automatic,5.0,376000000.0,Petrol,2.0
Bmw,318I,1991.0,202500.0,Green,1766.0,Automatic,5.0,125000000.0,Petrol,34.0
Honda,City,2021.0,7500.0,Grey,1498.0,Automatic,5.0,205000000.0,Petrol,4.0
Toyota,Camry,2014.0,87500.0,Black,2494.0,Automatic,5.0,141000000.0,Petrol,11.0
Mercedes,Benz,2019.0,37500.0,Black,1991.0,Automatic,5.0,535000000.0,Petrol,6.0
Chevrolet,Trax,2016.0,122500.0,Red,1399.0,Automatic,5.0,115000000.0,Petrol,9.0
Hyundai,Staria,2021.0,47500.0,Black,2199.0,Automatic,7.0,594000000.0,Diesel,4.0
Mercedes,Benz,2019.0,67500.0,White,1991.0,Automatic,5.0,535000000.0,Petrol,6.0
Daihatsu,Ayla,2024.0,12000.0,Yellow,1198.0,Automatic,5.0,128000000.0,Petrol,1.0
Toyota,Kijang,2022.0,70000.0,Black,2393.0,Automatic,8.0,325000000.0,Diesel,3.0
Honda,Cr,2018.0,47500.0,Grey,1993.0,Automatic,5.0,249000000.0,Petrol,7.0
Mitsubishi,Xpander,2023.0,37500.0,White,1499.0,Automatic,7.0,249000000.0,Petrol,2.0
Suzuki,Ertiga,2024.0,12500.0,White,1462.0,Automatic,7.0,219000000.0,Hybrid,1.0
Hyundai,Creta,2022.0,57500.0,Red,1497.0,Automatic,5.0,214000000.0,Petrol,3.0
Mitsubishi,Pajero,2023.0,47500.0,Black,2442.0,Automatic,7.0,564000000.0,Diesel,2.0
Mercedes,Benz,2011.0,62500.0,Grey,2996.0,Automatic,5.0,170000000.0,Petrol,14.0
Mercedes,Benz,2017.0,32500.0,Black,2996.0,Automatic,5.0,650000000.0,Petrol,8.0
Mercedes,Benz,2014.0,22500.0,Black,2996.0,Automatic,5.0,475000000.0,Petrol,11.0
Toyota,Fortuner,2016.0,97500.0,Black,2393.0,Automatic,7.0,315000000.0,Diesel,9.0
Bmw,430I,2018.0,7500.0,Orange,1998.0,Automatic,4.0,1050000000.0,Petrol,7.0
Toyota,Land,1980.0,197500.0,Green,4230.0,Manual,5.0,195000000.0,Petrol,45.0
Honda,Mobilio,2018.0,47500.0,White,1496.0,Automatic,7.0,160000000.0,Petrol,7.0
Toyota,Alphard,2012.0,97500.0,Black,2362.0,Automatic,7.0,195000000.0,Petrol,13.0
Toyota,Land,1985.0,202500.0,Blue,3000.0,Manual,5.0,460000000.0,Diesel,40.0
Mitsubishi,Pajero,2015.0,147500.0,White,2477.0,Automatic,7.0,195000000.0,Diesel,10.0
Toyota,Alphard,2016.0,92500.0,Black,2494.0,Automatic,7.0,535000000.0,Petrol,9.0
Mitsubishi,Pajero,2015.0,147500.0,White,2477.0,Automatic,7.0,195000000.0,Diesel,10.0
Mercedes,Benz,2023.0,2500.0,White,1999.0,Automatic,5.0,885000000.0,Petrol,2.0
Mitsubishi,Xpander,2022.0,42500.0,White,1499.0,Automatic,7.0,222000000.0,Petrol,3.0
Toyota,Avanza,2020.0,42500.0,Black,1329.0,Automatic,7.0,158000000.0,Petrol,5.0
Mercedes,Benz,2023.0,7500.0,White,1999.0,Automatic,5.0,875000000.0,Petrol,2.0
Toyota,Kijang,2020.0,62500.0,Black,2393.0,Automatic,8.0,291000000.0,Diesel,5.0
Toyota,Kijang,2021.0,22500.0,Black,2393.0,Automatic,8.0,379000000.0,Diesel,4.0
Toyota,Yaris,2014.0,107500.0,Grey,1497.0,Automatic,5.0,99000000.0,Petrol,11.0
Honda,Cr,2015.0,117500.0,Black,2354.0,Automatic,5.0,180000000.0,Petrol,10.0
Mini,Countryman,2020.0,2500.0,Green,1499.0,Automatic,5.0,450000000.0,Petrol,5.0
Hyundai,Palisade,2021.0,32500.0,Blue,2199.0,Automatic,7.0,657000000.0,Diesel,4.0
Suzuki,Ertiga,2018.0,97500.0,Silver,1373.0,Automatic,7.0,139000000.0,Petrol,7.0
Bmw,218I,2022.0,17500.0,White,1499.0,Automatic,5.0,469000000.0,Petrol,3.0
Toyota,Rush,2022.0,47500.0,White,1496.0,Automatic,7.0,225000000.0,Petrol,3.0
Mercedes,Benz,2019.0,17500.0,Red,1332.0,Automatic,5.0,574000000.0,Petrol,6.0
Mini,Cabrio,2017.0,32500.0,Orange,1499.0,Automatic,4.0,615000000.0,Petrol,8.0
Daihatsu,Rocky,2024.0,12500.0,Black,1198.0,Manual,5.0,159000000.0,Petrol,1.0
Suzuki,Jimny,2022.0,17500.0,Yellow,1462.0,Automatic,4.0,404000000.0,Petrol,3.0
Toyota,Fortuner,2020.0,127500.0,Black,2393.0,Automatic,7.0,395000000.0,Diesel,5.0
Daihatsu,Rocky,2021.0,46058.0,Red,998.0,Automatic,5.0,177000000.0,Petrol,4.0
Honda,Wr,2023.0,15854.0,Black,1498.0,Automatic,5.0,232000000.0,Petrol,2.0
Toyota,Alphard,2024.0,7500.0,Black,2500.0,Automatic,7.0,1475000000.0,Hybrid,1.0
Porsche,Boxster,2015.0,7500.0,White,2706.0,Automatic,2.0,1450000000.0,Petrol,10.0
Toyota,Avanza,2015.0,72500.0,Black,1298.0,Automatic,7.0,114000000.0,Petrol,10.0
Toyota,Alphard,2011.0,87500.0,Grey,2362.0,Automatic,7.0,180000000.0,Petrol,14.0
Mercedes,Benz,2018.0,42500.0,Black,1991.0,Automatic,5.0,425000000.0,Petrol,7.0
Toyota,Fortuner,2017.0,82500.0,White,2393.0,Automatic,7.0,325000000.0,Diesel,8.0
Hyundai,Santa,2022.0,67500.0,White,2151.0,Automatic,7.0,410000000.0,Diesel,3.0
Toyota,Alphard,2014.0,67500.0,Black,2362.0,Automatic,7.0,235000000.0,Petrol,11.0
Toyota,Raize,2024.0,2500.0,Black,998.0,Automatic,5.0,215000000.0,Petrol,1.0
Mini,Cooper,2020.0,27500.0,Orange,1499.0,Automatic,4.0,585000000.0,Petrol,5.0
Mini,Clubman,2021.0,32500.0,Maroon,1998.0,Automatic,5.0,865000000.0,Petrol,4.0
Honda,Cr,2018.0,72500.0,Silver,1498.0,Automatic,5.0,279000000.0,Petrol,7.0
Honda,Hr,2017.0,77500.0,Grey,1497.0,Automatic,5.0,165000000.0,Petrol,8.0
Toyota,Voxy,2021.0,62500.0,Black,1986.0,Automatic,7.0,295000000.0,Petrol,4.0
Toyota,Raize,2023.0,17500.0,Red,998.0,Automatic,5.0,190000000.0,Petrol,2.0
Toyota,Kijang,2017.0,67500.0,Black,1998.0,Automatic,8.0,210000000.0,Petrol,8.0
Mini,Countryman,2019.0,32500.0,Red,1998.0,Automatic,5.0,675000000.0,Petrol,6.0
Toyota,Avanza,2020.0,87500.0,Black,1329.0,Automatic,7.0,155000000.0,Petrol,5.0
Mercedes,Benz,2007.0,122500.0,Black,2496.0,Automatic,5.0,100000000.0,Petrol,18.0
Mini,Clubman,2021.0,42500.0,Maroon,1500.0,Automatic,5.0,655000000.0,Petrol,4.0
Suzuki,Baleno,2018.0,57500.0,Blue,1373.0,Automatic,5.0,125000000.0,Petrol,7.0
Mazda,Cx,2023.0,12500.0,Black,2488.0,Automatic,5.0,400000000.0,Petrol,2.0
Toyota,Kijang,2010.0,177500.0,Grey,1998.0,Automatic,7.0,110000000.0,Petrol,15.0
Toyota,Kijang,2023.0,17500.0,White,1998.0,Automatic,7.0,410000000.0,Hybrid,2.0
Mazda,2,2016.0,77500.0,White,1496.0,Automatic,5.0,135000000.0,Petrol,9.0
Daihatsu,Terios,2014.0,127500.0,Silver,1495.0,Manual,7.0,116500000.0,Petrol,11.0
Honda,Br,2020.0,82500.0,Grey,1497.0,Automatic,7.0,175000000.0,Petrol,5.0
Daihatsu,Xenia,2020.0,72500.0,White,1329.0,Manual,7.0,138000000.0,Petrol,5.0
Mitsubishi,Pajero,2015.0,157500.0,Red,2477.0,Automatic,7.0,249000000.0,Diesel,10.0
Honda,Cr,2018.0,42500.0,White,1498.0,Automatic,5.0,327000000.0,Petrol,7.0
Daihatsu,Rocky,2022.0,27500.0,Red,998.0,Automatic,5.0,172500000.0,Petrol,3.0
Toyota,Calya,2019.0,77500.0,Black,1197.0,Manual,7.0,108000000.0,Petrol,6.0
Hyundai,Palisade,2023.0,27500.0,White,2199.0,Automatic,7.0,750000000.0,Diesel,2.0
Toyota,Land,1982.0,197500.0,Blue,4230.0,Manual,5.0,275000000.0,Petrol,43.0
Bmw,318I,1991.0,197500.0,Green,1766.0,Manual,5.0,125000000.0,Petrol,34.0
Toyota,Avanza,2013.0,102500.0,White,1495.0,Manual,7.0,95000000.0,Petrol,12.0
Mitsubishi,Pajero,2023.0,57500.0,White,2477.0,Automatic,7.0,442000000.0,Diesel,2.0
Maserati,Quattroporte,2013.0,12500.0,Black,3799.0,Automatic,5.0,895000000.0,Petrol,12.0
Jeep,Willys,1958.0,197500.0,Green,2199.0,Manual,4.0,165000000.0,Petrol,67.0
Lexus,Rx,2012.0,97500.0,Black,2672.0,Automatic,5.0,189000000.0,Petrol,13.0
Toyota,Land,1985.0,197500.0,Blue,3000.0,Manual,5.0,460000000.0,Diesel,40.0
Bmw,X1,2019.0,37500.0,White,1499.0,Automatic,5.0,349000000.0,Petrol,6.0
Toyota,Alphard,2020.0,97500.0,Black,2494.0,Automatic,7.0,599000000.0,Petrol,5.0
Lexus,Lx,2013.0,47500.0,Black,5663.0,Automatic,8.0,915000000.0,Petrol,12.0
Mercedes,Benz,2016.0,27500.0,White,2996.0,Automatic,5.0,375000000.0,Petrol,9.0
Honda,Cr,2022.0,42500.0,Black,1498.0,Automatic,5.0,415000000.0,Petrol,3.0
Bmw,X1,2019.0,22500.0,Black,1499.0,Automatic,5.0,345000000.0,Petrol,6.0
Mercedes,Benz,2019.0,12500.0,Black,3982.0,Automatic,5.0,5300000000.0,Petrol,6.0
Toyota,Agya,2020.0,22500.0,Grey,1197.0,Automatic,5.0,122000000.0,Petrol,5.0
Honda,Jazz,2016.0,57500.0,Blue,1497.0,Automatic,5.0,175000000.0,Petrol,9.0
Mercedes,Benz,2018.0,37500.0,White,1595.0,Automatic,5.0,345000000.0,Petrol,7.0
Volkswagen,Tiguan,2021.0,22500.0,Black,1395.0,Automatic,5.0,310000000.0,Petrol,4.0
Porsche,Cayenne,2013.0,47500.0,White,3598.0,Automatic,5.0,538000000.0,Petrol,12.0
Toyota,Kijang,2022.0,47500.0,Black,2393.0,Automatic,7.0,433000000.0,Diesel,3.0
Suzuki,Baleno,2020.0,72500.0,White,1373.0,Automatic,5.0,150000000.0,Petrol,5.0
Toyota,Agya,2020.0,27500.0,Yellow,1197.0,Automatic,5.0,115000000.0,Petrol,5.0
Honda,Mobilio,2018.0,67500.0,Black,1496.0,Automatic,7.0,149000000.0,Petrol,7.0
Land,Rover,2017.0,17500.0,Black,1998.0,Automatic,5.0,1175000000.0,Petrol,8.0
Land,Rover,2016.0,52500.0,Black,2995.0,Automatic,5.0,1700000000.0,Diesel,9.0
Toyota,Alphard,2020.0,57500.0,Black,2494.0,Automatic,7.0,758000000.0,Petrol,5.0
Mercedes,Benz,2013.0,87500.0,White,3498.0,Automatic,4.0,485000000.0,Petrol,12.0
Daihatsu,Terios,2017.0,87500.0,White,1496.0,Manual,7.0,147000000.0,Petrol,8.0
Chery,Omoda,2023.0,27500.0,White,1498.0,Automatic,5.0,249000000.0,Petrol,2.0
Toyota,Kijang,2024.0,12500.0,Grey,1987.0,Automatic,8.0,398000000.0,Petrol,1.0
Bmw,X1,2019.0,17500.0,Black,1499.0,Automatic,5.0,388000000.0,Petrol,6.0
Hyundai,H,2015.0,122500.0,Black,2359.0,Automatic,8.0,265000000.0,Petrol,10.0
Honda,Brio,2023.0,22500.0,White,1199.0,Automatic,5.0,189000000.0,Petrol,2.0
Mercedes,Benz,2013.0,77500.0,White,3498.0,Automatic,5.0,269000000.0,Petrol,12.0
Lexus,Rx,2014.0,102500.0,Black,2672.0,Automatic,5.0,295000000.0,Petrol,11.0
Chery,Omoda,2023.0,32500.0,Blue,1498.0,Automatic,5.0,269000000.0,Petrol,2.0
Suzuki,Katana,1994.0,97500.0,Blue,970.0,Manual,5.0,70000000.0,Petrol,31.0
Mitsubishi,Pajero,2021.0,57500.0,Black,2442.0,Automatic,7.0,450000000.0,Diesel,4.0
Toyota,Rush,2019.0,27500.0,Red,1495.0,Automatic,7.0,205000000.0,Petrol,6.0
Toyota,Rush,2014.0,117500.0,White,1495.0,Automatic,5.0,130000000.0,Petrol,11.0
Honda,Accord,2016.0,57500.0,Black,2356.0,Automatic,5.0,255000000.0,Petrol,9.0
Honda,Cr,2003.0,117500.0,Brown,1997.0,Automatic,5.0,75000000.0,Petrol,22.0
Toyota,Avanza,2024.0,12500.0,Black,1329.0,Automatic,7.0,190000000.0,Petrol,1.0
Toyota,Kijang,2018.0,72500.0,Grey,1998.0,Automatic,8.0,220000000.0,Petrol,7.0
Honda,Br,2017.0,102500.0,Green,1497.0,Automatic,7.0,153000000.0,Petrol,8.0
Toyota,Land,2013.0,112500.0,Black,2693.0,Automatic,7.0,498000000.0,Petrol,12.0
Toyota,Fortuner,2022.0,52500.0,White,2755.0,Automatic,7.0,498000000.0,Diesel,3.0
Toyota,Vellfire,2017.0,122500.0,White,2494.0,Automatic,7.0,595000000.0,Petrol,8.0
Honda,Cr,2018.0,137500.0,White,1498.0,Automatic,5.0,265000000.0,Petrol,7.0
Toyota,Vios,2018.0,77500.0,Silver,1496.0,Automatic,5.0,179000000.0,Petrol,7.0
Toyota,Fortuner,2013.0,157500.0,White,2494.0,Automatic,7.0,260000000.0,Diesel,12.0
Toyota,Yaris,2019.0,47500.0,Black,1496.0,Automatic,5.0,170000000.0,Petrol,6.0
Mitsubishi,Xpander,2022.0,32500.0,White,1499.0,Automatic,7.0,239000000.0,Petrol,3.0
Jeep,Wrangler,2011.0,82500.0,Black,3777.0,Automatic,5.0,675000000.0,Petrol,14.0
Honda,Accord,2016.0,52500.0,Black,2356.0,Automatic,5.0,255000000.0,Petrol,9.0
Suzuki,Katana,2004.0,47500.0,Blue,1000.0,Manual,5.0,128000000.0,Petrol,21.0
Audi,A6,2011.0,47500.0,Grey,1984.0,Automatic,5.0,195000000.0,Petrol,14.0
Hyundai,Creta,2022.0,37500.0,Black,1497.0,Automatic,5.0,288000000.0,Petrol,3.0
Mercedes,Benz,2016.0,92500.0,Black,2996.0,Automatic,5.0,440000000.0,Petrol,9.0
Mazda,Cx,2010.0,87500.0,White,2488.0,Automatic,5.0,130000000.0,Petrol,15.0
Bmw,X5,2008.0,62500.0,Grey,2996.0,Automatic,5.0,325000000.0,Petrol,17.0
Mercedes,Benz,1996.0,97500.0,Blue,3199.0,Automatic,4.0,275000000.0,Petrol,29.0
Mini,Cooper,2013.0,22500.0,Red,1600.0,Automatic,4.0,385000000.0,Petrol,12.0
Land,Rover,2018.0,52500.0,Black,1999.0,Automatic,7.0,880000000.0,Petrol,7.0
Toyota,Alphard,2019.0,52500.0,Black,2494.0,Automatic,7.0,689000000.0,Petrol,6.0
Jaguar,S,2002.0,37500.0,Green,2967.0,Automatic,5.0,175000000.0,Petrol,23.0
Mitsubishi,Pajero,2021.0,77500.0,White,2442.0,Automatic,7.0,465000000.0,Diesel,4.0
Mercedes,Benz,2013.0,117500.0,White,2143.0,Automatic,5.0,339000000.0,Diesel,12.0
Toyota,Alphard,2019.0,57500.0,White,2494.0,Automatic,7.0,689000000.0,Petrol,6.0
Suzuki,Katana,2004.0,42500.0,Blue,1000.0,Manual,5.0,128000000.0,Petrol,21.0
Mitsubishi,Pajero,2001.0,152500.0,Green,3200.0,Automatic,7.0,335000000.0,Diesel,24.0
Dfsk,Glory,2019.0,37500.0,Black,1498.0,Automatic,7.0,107000000.0,Petrol,6.0
Toyota,Alphard,2019.0,57500.0,Black,2494.0,Automatic,7.0,689000000.0,Petrol,6.0
Bmw,X1,2019.0,12500.0,Black,1499.0,Automatic,5.0,388000000.0,Petrol,6.0
Lexus,Rx,2014.0,97500.0,Black,2672.0,Automatic,5.0,295000000.0,Petrol,11.0
Bmw,X5,2008.0,62500.0,Grey,2996.0,Automatic,5.0,245000000.0,Petrol,17.0
Hyundai,Stargazer,2022.0,17500.0,Grey,1497.0,Automatic,7.0,218000000.0,Petrol,3.0
Chevrolet,Trax,2016.0,112500.0,White,1399.0,Automatic,5.0,139000000.0,Petrol,9.0
Ford,Fiesta,2013.0,62500.0,Red,1498.0,Automatic,5.0,99000000.0,Petrol,12.0
Hyundai,H,2015.0,117500.0,Black,2497.0,Automatic,8.0,265000000.0,Diesel,10.0
Mitsubishi,Pajero,2013.0,92500.0,Black,2477.0,Automatic,7.0,255000000.0,Diesel,12.0
Bmw,520D,2013.0,157500.0,Black,1995.0,Automatic,5.0,258000000.0,Diesel,12.0
Toyota,Rush,2021.0,52500.0,Silver,1496.0,Automatic,7.0,230000000.0,Petrol,4.0
Toyota,Alphard,2013.0,77500.0,Grey,2362.0,Automatic,7.0,275000000.0,Petrol,12.0
Mitsubishi,Xpander,2019.0,67500.0,Black,1499.0,Automatic,7.0,185000000.0,Petrol,6.0
Mercedes,Benz,2015.0,22500.0,Black,2996.0,Automatic,4.0,660000000.0,Petrol,10.0
Mercedes,Benz,2006.0,107500.0,Black,2996.0,Automatic,5.0,165000000.0,Petrol,19.0
Ford,Fiesta,2013.0,67500.0,Red,1498.0,Automatic,5.0,99000000.0,Petrol,12.0
Honda,Hr,2022.0,47500.0,Grey,1497.0,Automatic,5.0,298000000.0,Petrol,3.0
Dodge,Journey,2013.0,117500.0,Grey,2360.0,Automatic,7.0,165000000.0,Petrol,12.0
Honda,Hr,2022.0,47500.0,Grey,1498.0,Automatic,5.0,298000000.0,Petrol,3.0
Jeep,Wrangler,2011.0,77500.0,Black,3777.0,Automatic,5.0,675000000.0,Petrol,14.0
Nissan,Elgrand,2014.0,127500.0,Black,2488.0,Automatic,7.0,299000000.0,Petrol,11.0
Honda,Mobilio,2014.0,127500.0,Grey,1496.0,Automatic,7.0,116000000.0,Petrol,11.0
Hyundai,H,2015.0,122500.0,Black,2497.0,Automatic,8.0,265000000.0,Diesel,10.0
Toyota,Avanza,2008.0,127500.0,Blue,1298.0,Manual,7.0,78590000.0,Petrol,17.0
Toyota,Calya,2018.0,127500.0,Black,1197.0,Automatic,7.0,99000000.0,Petrol,7.0
Kia,Rio,2017.0,62500.0,Red,1396.0,Automatic,5.0,169000000.0,Petrol,8.0
Mercedes,Benz,2016.0,92500.0,Black,2996.0,Automatic,5.0,440000000.0,Petrol,9.0
Bmw,X1,2017.0,17500.0,Black,1499.0,Automatic,5.0,388000000.0,Petrol,8.0
Mercedes,Benz,2002.0,202500.0,Black,3199.0,Automatic,5.0,125000000.0,Petrol,23.0
Peugeot,5008,2019.0,77500.0,White,1598.0,Automatic,7.0,385000000.0,Petrol,6.0
Toyota,Alphard,2019.0,47500.0,Black,2494.0,Automatic,7.0,689000000.0,Petrol,6.0
Mini,Cooper,2013.0,22500.0,Red,1598.0,Automatic,4.0,385000000.0,Petrol,12.0
Toyota,Vios,2018.0,72500.0,Silver,1496.0,Automatic,5.0,179000000.0,Petrol,7.0
Hyundai,Creta,2022.0,42500.0,Black,1497.0,Automatic,5.0,288000000.0,Petrol,3.0
Mercedes,Benz,2013.0,82500.0,White,3498.0,Automatic,4.0,485000000.0,Petrol,12.0
Toyota,Calya,2018.0,122500.0,Black,1197.0,Automatic,7.0,99000000.0,Petrol,7.0
Audi,A6,2011.0,47500.0,Black,1984.0,Automatic,5.0,195000000.0,Petrol,14.0
Chery,Omoda,2023.0,27500.0,White,1498.0,Automatic,5.0,269000000.0,Petrol,2.0
Bmw,X3,2021.0,52500.0,Black,1998.0,Automatic,5.0,545000000.0,Petrol,4.0
Honda,Brio,2021.0,57500.0,Black,1199.0,Automatic,5.0,160000000.0,Petrol,4.0
Mitsubishi,Pajero,2019.0,47500.0,Grey,2442.0,Automatic,7.0,400000000.0,Diesel,6.0
Mercedes,Benz,2019.0,27500.0,Black,1991.0,Automatic,5.0,539000000.0,Petrol,6.0
Toyota,Veloz,2022.0,32500.0,White,1496.0,Automatic,7.0,228000000.0,Petrol,3.0
Mercedes,Benz,2015.0,17500.0,Black,2996.0,Automatic,4.0,660000000.0,Petrol,10.0
Mini,Cooper,2011.0,22500.0,Red,1600.0,Automatic,4.0,385000000.0,Petrol,14.0
Mitsubishi,Pajero,2010.0,122500.0,Black,2477.0,Automatic,7.0,198000000.0,Diesel,15.0
Toyota,Land,2013.0,112500.0,Black,2693.0,Automatic,7.0,525000000.0,Petrol,12.0
Mercedes,Benz,2006.0,107500.0,Black,2996.0,Automatic,5.0,149000000.0,Petrol,19.0
Ford,Fiesta,2014.0,97500.0,Silver,1498.0,Automatic,5.0,86000000.0,Petrol,11.0
Lexus,Rx,2019.0,52500.0,Grey,1998.0,Automatic,5.0,670000000.0,Petrol,6.0
Mercedes,Benz,2002.0,202500.0,Black,3199.0,Automatic,5.0,119000000.0,Petrol,23.0
Toyota,Agya,2017.0,82500.0,Silver,998.0,Manual,5.0,90000000.0,Petrol,8.0
Daihatsu,Terios,2017.0,102500.0,White,1496.0,Automatic,7.0,136000000.0,Petrol,8.0
Mercedes,Benz,2013.0,72500.0,Silver,1796.0,Automatic,5.0,199000000.0,Petrol,12.0
Honda,Hr,2022.0,52500.0,White,1498.0,Automatic,5.0,275000000.0,Petrol,3.0
Honda,Brio,2015.0,142500.0,Red,1198.0,Automatic,5.0,110000000.0,Petrol,10.0
Mazda,Cx,2019.0,57500.0,Black,2488.0,Automatic,7.0,370000000.0,Petrol,6.0
Toyota,Alphard,2019.0,42500.0,Black,2494.0,Automatic,7.0,689000000.0,Petrol,6.0
Toyota,Camry,2010.0,217500.0,Black,2362.0,Automatic,5.0,105000000.0,Petrol,15.0
Honda,Cr,2008.0,187500.0,Black,2354.0,Automatic,5.0,95000000.0,Petrol,17.0
Toyota,Alphard,2020.0,42500.0,Black,2494.0,Automatic,7.0,670000000.0,Petrol,5.0
Toyota,Kijang,2018.0,152500.0,Grey,1998.0,Automatic,8.0,185000000.0,Petrol,7.0
Toyota,Raize,2021.0,27500.0,White,998.0,Automatic,5.0,196000000.0,Petrol,4.0
Toyota,Rush,2019.0,22500.0,Silver,1495.0,Manual,7.0,200000000.0,Petrol,6.0
Suzuki,Katana,2004.0,47500.0,Blue,1000.0,Manual,5.0,139000000.0,Petrol,21.0
Mercedes,Benz,2015.0,12500.0,Black,2996.0,Automatic,4.0,660000000.0,Petrol,10.0
Jaguar,S,2002.0,37500.0,Green,2967.0,Automatic,5.0,189000000.0,Petrol,23.0
Honda,Brio,2018.0,57500.0,Grey,1199.0,Automatic,5.0,140000000.0,Petrol,7.0
Honda,Wr,2023.0,42500.0,Black,1498.0,Automatic,5.0,215000000.0,Petrol,2.0
Mercedes,Benz,2019.0,57500.0,Black,1991.0,Automatic,5.0,400000000.0,Petrol,6.0
Honda,Cr,2022.0,17500.0,Grey,1993.0,Automatic,5.0,329900000.0,Petrol,3.0
Mercedes,Benz,2018.0,42500.0,Black,2996.0,Automatic,5.0,439000000.0,Petrol,7.0
Hyundai,Stargazer,2022.0,47500.0,Grey,1497.0,Automatic,7.0,185000000.0,Petrol,3.0
Bmw,320I,2017.0,27500.0,White,1995.0,Automatic,5.0,355000000.0,Petrol,8.0
Bmw,X3,2012.0,47500.0,White,1995.0,Automatic,5.0,295000000.0,Diesel,13.0
Honda,Br,2022.0,27500.0,Black,1498.0,Automatic,7.0,200000000.0,Petrol,3.0
Toyota,Calya,2016.0,277500.0,Red,1197.0,Manual,7.0,85000000.0,Petrol,9.0
Mazda,Biante,2014.0,92500.0,White,1997.0,Automatic,7.0,140000000.0,Petrol,11.0
Toyota,Avanza,2015.0,197500.0,Silver,1496.0,Automatic,7.0,120000000.0,Petrol,10.0
Toyota,Agya,2016.0,37500.0,Silver,998.0,Automatic,5.0,97000000.0,Petrol,9.0
Toyota,Corolla,2012.0,197500.0,Black,1798.0,Automatic,5.0,117000000.0,Petrol,13.0
Hyundai,Palisade,2022.0,67500.0,Black,2199.0,Automatic,7.0,630000000.0,Diesel,3.0
Chevrolet,Trax,2017.0,82500.0,Red,1399.0,Automatic,5.0,149000000.0,Petrol,8.0
Honda,Freed,2013.0,77500.0,White,1497.0,Automatic,7.0,149000000.0,Petrol,12.0
Mercedes,Benz,2018.0,57500.0,Black,1991.0,Automatic,5.0,470000000.0,Petrol,7.0
Toyota,Alphard,2012.0,132500.0,Black,2362.0,Automatic,7.0,222000000.0,Petrol,13.0
Honda,Hr,2023.0,17500.0,Black,1498.0,Automatic,5.0,319000000.0,Petrol,2.0
Mazda,2,2015.0,37500.0,Red,1496.0,Automatic,5.0,175000000.0,Petrol,10.0
Nissan,Teana,2014.0,147500.0,White,2488.0,Automatic,5.0,180000000.0,Petrol,11.0
Isuzu,Mu,2015.0,187500.0,Black,2499.0,Automatic,7.0,258000000.0,Diesel,10.0
Mitsubishi,Xpander,2018.0,77500.0,Black,1499.0,Automatic,7.0,185000000.0,Petrol,7.0
Ford,Fiesta,2013.0,97500.0,White,1596.0,Automatic,5.0,70000000.0,Petrol,12.0
Toyota,Avanza,2012.0,112500.0,Black,1495.0,Automatic,7.0,107000000.0,Petrol,13.0
Mazda,Cx,2021.0,12500.0,Black,1998.0,Automatic,5.0,355000000.0,Petrol,4.0
Nissan,X,2013.0,197500.0,Grey,1997.0,Manual,7.0,100000000.0,Petrol,12.0
Toyota,Kijang,2015.0,47500.0,Grey,1998.0,Manual,7.0,209000000.0,Petrol,10.0
Mitsubishi,Strada,2014.0,102500.0,Silver,2477.0,Manual,3.0,120000000.0,Diesel,11.0
Mercedes,Benz,2018.0,42500.0,White,2996.0,Automatic,5.0,595000000.0,Petrol,7.0
Daihatsu,Sigra,2023.0,37500.0,White,1197.0,Automatic,7.0,124500000.0,Petrol,2.0
Mazda,Biante,2017.0,42500.0,White,1997.0,Automatic,7.0,178000000.0,Petrol,8.0
Mitsubishi,Pajero,2022.0,47500.0,Black,2442.0,Automatic,7.0,525000000.0,Diesel,3.0
Bmw,X5,2008.0,62500.0,Grey,2996.0,Automatic,5.0,250000000.0,Petrol,17.0
Mitsubishi,Pajero,2010.0,117500.0,Black,2477.0,Automatic,7.0,198000000.0,Diesel,15.0
Honda,Mobilio,2016.0,117500.0,Silver,1496.0,Automatic,7.0,115000000.0,Petrol,9.0
Chevrolet,Captiva,2013.0,67500.0,White,1998.0,Automatic,7.0,132000000.0,Diesel,12.0
Honda,Hr,2022.0,17500.0,White,1497.0,Automatic,5.0,298000000.0,Petrol,3.0
Ford,Fiesta,2013.0,62500.0,Red,1596.0,Automatic,5.0,99000000.0,Petrol,12.0
Dodge,Journey,2013.0,112500.0,Grey,2360.0,Automatic,7.0,165000000.0,Petrol,12.0
Daihatsu,Sigra,2018.0,142500.0,Silver,998.0,Manual,7.0,87500000.0,Petrol,7.0
Toyota,Alphard,2021.0,32500.0,White,2494.0,Automatic,7.0,760000000.0,Petrol,4.0
Kia,Rio,2014.0,112500.0,Red,1396.0,Automatic,5.0,103000000.0,Petrol,11.0
Toyota,Sienta,2016.0,42500.0,Orange,1497.0,Automatic,7.0,155000000.0,Petrol,9.0
Toyota,Rush,2020.0,62500.0,Black,1495.0,Automatic,7.0,195000000.0,Petrol,5.0
Wuling,Cortez,2021.0,82500.0,White,1451.0,Automatic,7.0,115000000.0,Petrol,4.0
Kia,Seltos,2020.0,52500.0,Blue,1353.0,Automatic,5.0,230000000.0,Petrol,5.0
Mercedes,Benz,2019.0,42500.0,Black,1991.0,Automatic,5.0,550000000.0,Petrol,6.0
Toyota,Kijang,2024.0,12500.0,Silver,1987.0,Automatic,8.0,385000000.0,Petrol,1.0
Kia,Sonet,2021.0,87500.0,Black,1497.0,Automatic,5.0,185000000.0,Petrol,4.0
Daihatsu,Sigra,2017.0,137500.0,White,1197.0,Automatic,7.0,95000000.0,Petrol,8.0
Toyota,Kijang,2010.0,27500.0,Black,2494.0,Manual,8.0,199000000.0,Diesel,15.0
Mercedes,Benz,2014.0,37500.0,White,1595.0,Automatic,5.0,260000000.0,Petrol,11.0
Honda,Brio,2015.0,117500.0,Silver,1198.0,Automatic,5.0,110000000.0,Petrol,10.0
Toyota,Fortuner,2020.0,62500.0,Black,2393.0,Automatic,7.0,380000000.0,Diesel,5.0
Mercedes,Benz,2012.0,47500.0,White,1796.0,Automatic,5.0,176000000.0,Petrol,13.0
Toyota,Rush,2021.0,37500.0,Silver,1495.0,Automatic,7.0,210000000.0,Petrol,4.0
Mazda,Biante,2017.0,102500.0,White,1997.0,Automatic,7.0,205000000.0,Petrol,8.0
Mitsubishi,Pajero,2016.0,142500.0,White,2442.0,Automatic,7.0,350000000.0,Diesel,9.0
Mazda,Cx,2020.0,27000.0,Black,2488.0,Automatic,5.0,355000000.0,Petrol,5.0
Nissan,Serena,2019.0,82500.0,White,1997.0,Automatic,7.0,240000000.0,Petrol,6.0
Bmw,116I,2007.0,157500.0,Silver,1596.0,Automatic,5.0,90000000.0,Petrol,18.0
Toyota,Avanza,2024.0,17500.0,Black,1329.0,Automatic,7.0,180000000.0,Petrol,1.0
Mg,Zs,2023.0,27500.0,Red,1498.0,Automatic,5.0,240000000.0,Petrol,2.0
Toyota,Kijang,2020.0,52500.0,Black,1998.0,Automatic,7.0,290000000.0,Petrol,5.0
Wuling,Cortez,2018.0,72500.0,Silver,1798.0,Automatic,8.0,126000000.0,Petrol,7.0
Honda,Brio,2023.0,27500.0,White,1199.0,Automatic,5.0,165000000.0,Petrol,2.0
Toyota,Fortuner,2020.0,102500.0,Black,2393.0,Automatic,7.0,405000000.0,Diesel,5.0
Honda,Mobilio,2017.0,47500.0,Red,1496.0,Manual,7.0,135000000.0,Petrol,8.0
Toyota,Sienta,2017.0,97500.0,Brown,1497.0,Automatic,7.0,158000000.0,Petrol,8.0
Honda,Freed,2012.0,137500.0,White,1497.0,Automatic,7.0,112000000.0,Petrol,13.0
Suzuki,Katana,2004.0,42500.0,Blue,1000.0,Manual,5.0,139000000.0,Petrol,21.0
Land,Rover,2018.0,52500.0,Black,1999.0,Automatic,7.0,585000000.0,Petrol,7.0
Mazda,Cx,2020.0,27500.0,Black,2488.0,Automatic,5.0,355000000.0,Petrol,5.0
Daihatsu,Rocky,2023.0,2500.0,Red,998.0,Automatic,5.0,189000000.0,Petrol,2.0
Daihatsu,Gran,2023.0,7500.0,Black,1495.0,Manual,3.0,136000000.0,Petrol,2.0
Mercedes,Benz,2024.0,2500.0,Black,2925.0,Automatic,5.0,4250000000.0,Diesel,1.0
Honda,Brio,2022.0,52500.0,Black,1199.0,Automatic,5.0,137000000.0,Petrol,3.0
Toyota,Avanza,2014.0,162500.0,White,1298.0,Automatic,7.0,97000000.0,Petrol,11.0
Honda,Cr,2016.0,102500.0,Grey,2354.0,Automatic,5.0,175000000.0,Petrol,9.0
Mitsubishi,Pajero,2018.0,197500.0,Silver,2442.0,Automatic,7.0,375000000.0,Diesel,7.0
Daihatsu,Rocky,2023.0,7500.0,Red,998.0,Automatic,5.0,189000000.0,Petrol,2.0
Toyota,Avanza,2011.0,197500.0,Silver,1495.0,Manual,7.0,90000000.0,Petrol,14.0
Toyota,Calya,2018.0,257500.0,Black,1197.0,Manual,7.0,91000000.0,Petrol,7.0
Daihatsu,Sigra,2018.0,82500.0,Red,998.0,Manual,7.0,85000000.0,Petrol,7.0
Suzuki,Xl7,2021.0,47500.0,Orange,1500.0,Automatic,7.0,220000000.0,Petrol,4.0
Mitsubishi,Xpander,2021.0,57500.0,Black,1499.0,Automatic,7.0,226000000.0,Petrol,4.0
Toyota,Avanza,2012.0,197500.0,Silver,1298.0,Automatic,7.0,99900000.0,Petrol,13.0
Hyundai,Stargazer,2023.0,27500.0,Black,1497.0,Automatic,7.0,225000000.0,Petrol,2.0
Suzuki,S,2023.0,17500.0,Orange,998.0,Automatic,4.0,125000000.0,Petrol,2.0
Suzuki,Ertiga,2022.0,37500.0,Grey,1462.0,Automatic,7.0,180000000.0,Petrol,3.0
Hummer,H2,2010.0,67500.0,Black,6162.0,Automatic,5.0,1550000000.0,Petrol,15.0
Toyota,Alphard,2018.0,42500.0,Black,2494.0,Automatic,7.0,689000000.0,Petrol,7.0
Toyota,Raize,2023.0,2500.0,Yellow,998.0,Automatic,5.0,218000000.0,Petrol,2.0
Daihatsu,Sigra,2018.0,142500.0,Silver,998.0,Manual,7.0,88500000.0,Petrol,7.0
Honda,Cr,2010.0,137500.0,Black,2354.0,Automatic,5.0,115000000.0,Petrol,15.0
Toyota,Corolla,2022.0,27500.0,Red,1798.0,Automatic,5.0,389000000.0,Hybrid,3.0
Toyota,Kijang,2023.0,17500.0,White,1998.0,Automatic,7.0,489000000.0,Hybrid,2.0
Toyota,Alphard,2017.0,67500.0,Black,2494.0,Automatic,7.0,575000000.0,Petrol,8.0
Mazda,2,2011.0,72500.0,White,1498.0,Automatic,5.0,99900000.0,Petrol,14.0
Toyota,Kijang,2013.0,122500.0,Silver,1998.0,Automatic,7.0,140000000.0,Petrol,12.0
Toyota,Avanza,2024.0,12500.0,Black,1496.0,Automatic,7.0,210000000.0,Petrol,1.0
Daihatsu,Ayla,2013.0,42500.0,Blue,998.0,Automatic,5.0,80000000.0,Petrol,12.0
Daihatsu,Xenia,2014.0,147500.0,White,1298.0,Automatic,7.0,105000000.0,Petrol,11.0
Suzuki,Ertiga,2012.0,132500.0,White,1373.0,Manual,7.0,116000000.0,Petrol,13.0
Nissan,Teana,2014.0,147500.0,White,2488.0,Automatic,5.0,185000000.0,Petrol,11.0
Toyota,Avanza,2013.0,2500.0,Black,1298.0,Automatic,7.0,107000000.0,Petrol,12.0
Toyota,Kijang,2016.0,122500.0,Black,2393.0,Automatic,7.0,330000000.0,Diesel,9.0
Honda,Mobilio,2014.0,152500.0,Grey,1496.0,Automatic,7.0,99000000.0,Petrol,11.0
Honda,City,2008.0,157500.0,Red,1497.0,Automatic,5.0,86000000.0,Petrol,17.0
Wuling,Confero,2022.0,62500.0,Black,1485.0,Manual,8.0,78000000.0,Petrol,3.0
Toyota,Starlet,1991.0,202500.0,Grey,1295.0,Manual,5.0,70000000.0,Petrol,34.0
Suzuki,Apv,2014.0,157500.0,Silver,1500.0,Manual,8.0,78000000.0,Petrol,11.0
Suzuki,Ertiga,2012.0,157500.0,Black,1373.0,Manual,7.0,94500000.0,Petrol,13.0
Toyota,Corolla,2018.0,22500.0,Silver,1789.0,Automatic,5.0,215000000.0,Petrol,7.0
Honda,Accord,2011.0,77500.0,Silver,2354.0,Automatic,5.0,111000000.0,Petrol,14.0
Nissan,Grand,2008.0,117500.0,Grey,1498.0,Manual,7.0,67000000.0,Petrol,17.0
Suzuki,Ignis,2017.0,87500.0,Grey,1197.0,Automatic,5.0,97000000.0,Petrol,8.0
Toyota,Fortuner,2010.0,137500.0,Black,2694.0,Automatic,7.0,145000000.0,Petrol,15.0
Toyota,Camry,2017.0,87500.0,Grey,2494.0,Automatic,5.0,195000000.0,Petrol,8.0
Toyota,Fortuner,2009.0,182500.0,Silver,2694.0,Automatic,7.0,142000000.0,Petrol,16.0
Toyota,Camry,2015.0,117500.0,Black,2494.0,Automatic,5.0,185000000.0,Petrol,10.0
Honda,Hr,2024.0,2500.0,Black,1498.0,Automatic,5.0,343000000.0,Petrol,1.0
Nissan,Grand,2012.0,107500.0,Silver,1498.0,Automatic,7.0,82000000.0,Petrol,13.0
Datsun,Go%2B,2017.0,87500.0,Red,1198.0,Manual,7.0,63000000.0,Petrol,8.0
Nissan,X,2012.0,117500.0,Black,1997.0,Manual,7.0,95000000.0,Petrol,13.0
Toyota,Etios,2014.0,102500.0,White,1197.0,Manual,5.0,68000000.0,Petrol,11.0
Honda,Jazz,2013.0,87500.0,White,1497.0,Manual,5.0,125000000.0,Petrol,12.0
Honda,Hr,2021.0,57500.0,Black,1497.0,Automatic,5.0,260000000.0,Petrol,4.0
Toyota,Rush,2015.0,117500.0,Black,1495.0,Automatic,5.0,132000000.0,Petrol,10.0
Honda,City,2010.0,127500.0,Silver,1497.0,Automatic,5.0,105500000.0,Petrol,15.0
Toyota,Camry,2012.0,177500.0,Black,2362.0,Automatic,5.0,123000000.0,Petrol,13.0
Honda,City,2004.0,77500.0,Maroon,1497.0,Manual,5.0,62000000.0,Petrol,21.0
Toyota,Alphard,2021.0,37500.0,White,2494.0,Automatic,7.0,800000000.0,Petrol,4.0
Nissan,March,2011.0,62500.0,Black,1198.0,Manual,5.0,69000000.0,Petrol,14.0
Toyota,Avanza,2018.0,137500.0,White,1329.0,Manual,7.0,120000000.0,Petrol,7.0
Honda,Br,2023.0,47500.0,Black,1498.0,Automatic,7.0,197000000.0,Petrol,2.0
Honda,Odyssey,2004.0,2197.0,Silver,2354.0,Automatic,7.0,150000000.0,Petrol,21.0
Mercedes,Benz,2019.0,2500.0,Black,3982.0,Automatic,5.0,5450000000.0,Petrol,6.0
Toyota,Alphard,2022.0,27500.0,Black,2494.0,Automatic,7.0,1188000000.0,Petrol,3.0
Toyota,Kijang,2018.0,122500.0,Silver,2393.0,Manual,8.0,300000000.0,Diesel,7.0
Honda,Jazz,2013.0,77500.0,Red,1497.0,Automatic,5.0,135000000.0,Petrol,12.0
Mitsubishi,Pajero,2022.0,17500.0,White,2442.0,Automatic,7.0,520000000.0,Diesel,3.0
Daihatsu,Xenia,2011.0,172500.0,Silver,989.0,Manual,7.0,77000000.0,Petrol,14.0
Mitsubishi,Xpander,2021.0,27500.0,Black,1499.0,Automatic,7.0,239000000.0,Petrol,4.0
Honda,Brio,2021.0,52500.0,Gold,1199.0,Automatic,5.0,155000000.0,Petrol,4.0
Nissan,Grand,2013.0,87500.0,Black,1498.0,Automatic,7.0,94000000.0,Petrol,12.0
Mercedes,Benz,2002.0,197500.0,Black,3199.0,Automatic,5.0,125000000.0,Petrol,23.0
Mitsubishi,Pajero,2010.0,227500.0,White,2477.0,Automatic,7.0,193000000.0,Diesel,15.0
Toyota,Fortuner,2016.0,12500.0,Black,2393.0,Automatic,7.0,360000000.0,Diesel,9.0
Toyota,Kijang,2017.0,92500.0,Black,2393.0,Automatic,8.0,268000000.0,Diesel,8.0
Honda,Hr,2022.0,27500.0,Black,1497.0,Automatic,5.0,318000000.0,Petrol,3.0
Mazda,3,2019.0,72500.0,Grey,1998.0,Automatic,5.0,379000000.0,Petrol,6.0
Toyota,Rush,2021.0,35701.0,Silver,1495.0,Automatic,7.0,245000000.0,Petrol,4.0
Mitsubishi,Lancer,2004.0,107500.0,Silver,1834.0,Manual,5.0,65000000.0,Petrol,21.0
Honda,Jazz,2019.0,27500.0,White,1497.0,Automatic,5.0,215000000.0,Petrol,6.0
Honda,Mobilio,2016.0,117500.0,Silver,1496.0,Automatic,7.0,120000000.0,Petrol,9.0
Bmw,520D,2015.0,77500.0,Grey,1995.0,Automatic,5.0,328000000.0,Diesel,10.0
Toyota,Yaris,2023.0,12500.0,Red,1496.0,Automatic,5.0,345000000.0,Petrol,2.0
Toyota,Camry,2012.0,122500.0,Black,2494.0,Automatic,5.0,162000000.0,Hybrid,13.0
Mitsubishi,Pajero,2019.0,97500.0,White,2442.0,Automatic,7.0,405000000.0,Diesel,6.0
Bmw,Z4,2022.0,2500.0,Blue,2993.0,Automatic,2.0,1650000000.0,Petrol,3.0
Lexus,Gs,2012.0,57500.0,White,2500.0,Automatic,5.0,249000000.0,Petrol,13.0
Audi,Q7,2014.0,37500.0,Black,2995.0,Automatic,7.0,339000000.0,Petrol,11.0
Ferrari,488,2019.0,2500.0,Yellow,3902.0,Automatic,2.0,9500000000.0,Petrol,6.0
Honda,Accord,2017.0,72500.0,Black,2356.0,Automatic,5.0,235000000.0,Petrol,8.0
Ferrari,458,2014.0,2500.0,Black,4497.0,Automatic,2.0,6500000000.0,Petrol,11.0
Nissan,Serena,2013.0,87500.0,Silver,1997.0,Automatic,7.0,148000000.0,Petrol,12.0
Ferrari,F8,2022.0,2500.0,Red,3902.0,Automatic,2.0,11000000000.0,Petrol,3.0
Ferrari,599,2012.0,2500.0,Red,5999.0,Automatic,2.0,14000000000.0,Petrol,13.0
Ferrari,296,2022.0,2500.0,Red,2992.0,Automatic,2.0,10500000000.0,Hybrid,3.0
Ferrari,F8,2022.0,2500.0,Red,3902.0,Automatic,2.0,11500000000.0,Petrol,3.0
Toyota,Fortuner,2021.0,32500.0,Black,2393.0,Automatic,7.0,485000000.0,Diesel,4.0
Isuzu,Panther,2006.0,102500.0,Silver,2499.0,Manual,7.0,94000000.0,Diesel,19.0
Honda,Mobilio,2017.0,82500.0,Grey,1496.0,Automatic,7.0,149000000.0,Petrol,8.0
Honda,Brio,2023.0,37500.0,Black,1199.0,Automatic,5.0,180000000.0,Petrol,2.0
Honda,Hr,2023.0,42500.0,Black,1498.0,Automatic,5.0,330000000.0,Petrol,2.0
Toyota,Markx,2012.0,117500.0,Black,2499.0,Automatic,5.0,260000000.0,Petrol,13.0
Honda,Freed,2012.0,197500.0,Silver,1497.0,Automatic,7.0,120000000.0,Petrol,13.0
Toyota,Soluna,2001.0,157500.0,Blue,1498.0,Manual,5.0,45000000.0,Petrol,24.0
Toyota,Alphard,2014.0,82500.0,Black,2362.0,Automatic,7.0,245000000.0,Petrol,11.0
Porsche,911,2022.0,2500.0,Grey,2981.0,Automatic,4.0,4200000000.0,Petrol,3.0
Honda,Hr,2017.0,32500.0,Grey,1799.0,Automatic,5.0,219000000.0,Petrol,8.0
Mazda,Biante,2013.0,102500.0,Silver,1997.0,Automatic,7.0,129000000.0,Petrol,12.0
Mercedes,Benz,2022.0,22500.0,White,1332.0,Automatic,5.0,590000000.0,Petrol,3.0
Daihatsu,Ayla,2017.0,47500.0,White,1197.0,Manual,5.0,103000000.0,Petrol,8.0
Mazda,2,2014.0,152500.0,White,1498.0,Automatic,5.0,100000000.0,Petrol,11.0
Toyota,Veloz,2022.0,92500.0,Black,1496.0,Automatic,7.0,245000000.0,Petrol,3.0
Chevrolet,Spin,2014.0,102500.0,Black,1485.0,Manual,7.0,67000000.0,Petrol,11.0
Wuling,Almaz,2023.0,32500.0,Black,1451.0,Automatic,7.0,210000000.0,Petrol,2.0
Honda,Cr,2018.0,207500.0,White,1498.0,Automatic,5.0,267000000.0,Petrol,7.0
Honda,Accord,2015.0,72500.0,Silver,2356.0,Automatic,5.0,230000000.0,Petrol,10.0
Mitsubishi,Xpander,2019.0,87500.0,Silver,1499.0,Automatic,7.0,175000000.0,Petrol,6.0
Toyota,Kijang,2016.0,157500.0,Grey,1998.0,Manual,8.0,208000000.0,Petrol,9.0
Toyota,Kijang,2017.0,92500.0,Grey,1998.0,Automatic,8.0,218000000.0,Petrol,8.0
Mitsubishi,Pajero,2014.0,137500.0,White,2477.0,Automatic,7.0,228000000.0,Diesel,11.0
Toyota,Camry,2014.0,77500.0,Black,2494.0,Automatic,5.0,130000000.0,Petrol,11.0
Suzuki,Sx4,2013.0,137500.0,Silver,1500.0,Automatic,5.0,105000000.0,Petrol,12.0
Mitsubishi,Pajero,2023.0,27500.0,White,2442.0,Automatic,7.0,600000000.0,Diesel,2.0
Toyota,Alphard,2017.0,72500.0,White,2494.0,Automatic,7.0,640000000.0,Petrol,8.0
Chery,Omoda,2023.0,37500.0,White,1498.0,Automatic,5.0,295000000.0,Petrol,2.0
Toyota,Alphard,2014.0,62500.0,Black,2362.0,Automatic,7.0,288000000.0,Petrol,11.0
Toyota,Kijang,2024.0,12500.0,Grey,1987.0,Automatic,8.0,398000000.0,Petrol,1.0
Bmw,X1,2019.0,57500.0,White,1499.0,Automatic,5.0,369000000.0,Petrol,6.0
Hyundai,Santa,2018.0,97500.0,Black,2359.0,Automatic,7.0,335000000.0,Petrol,7.0
Toyota,Corolla,2017.0,72500.0,White,1798.0,Automatic,5.0,209000000.0,Petrol,8.0
Honda,Hr,2019.0,12500.0,Black,1497.0,Automatic,5.0,238000000.0,Petrol,6.0
Toyota,Fortuner,2022.0,32500.0,Black,2393.0,Automatic,7.0,498000000.0,Diesel,3.0
Hyundai,H,2014.0,122500.0,White,2359.0,Automatic,8.0,162000000.0,Petrol,11.0
Lexus,Rx,2011.0,92500.0,Black,2671.0,Automatic,5.0,245000000.0,Petrol,14.0
Mazda,Cx,2019.0,42500.0,Black,2488.0,Automatic,7.0,360000000.0,Petrol,6.0
Mitsubishi,Xpander,2019.0,127500.0,Black,1499.0,Automatic,7.0,190000000.0,Petrol,6.0
Cadillac,Escalade,2009.0,22500.0,Black,6162.0,Automatic,7.0,298000000.0,Petrol,16.0
Toyota,Rush,2022.0,7500.0,White,1496.0,Automatic,7.0,230000000.0,Petrol,3.0
Bmw,320I,2018.0,72500.0,White,1995.0,Automatic,5.0,290000000.0,Petrol,7.0
Honda,Hr,2019.0,97500.0,Silver,1497.0,Automatic,5.0,200000000.0,Petrol,6.0
Mercedes,Benz,2016.0,32500.0,White,2996.0,Automatic,7.0,890000000.0,Petrol,9.0
Land,Rover,2004.0,62500.0,Black,4398.0,Automatic,5.0,195000000.0,Petrol,21.0
Lexus,Ls,2013.0,52500.0,Black,4608.0,Automatic,5.0,525000000.0,Petrol,12.0
Mercedes,Benz,2018.0,12500.0,Black,2999.0,Automatic,5.0,1550000000.0,Petrol,7.0
Toyota,Alphard,2013.0,82500.0,Black,2362.0,Automatic,7.0,265000000.0,Petrol,12.0
Jeep,Wrangler,2011.0,32500.0,Red,3778.0,Automatic,5.0,785000000.0,Petrol,14.0
Toyota,Land,2006.0,102500.0,Black,4663.0,Automatic,7.0,595000000.0,Petrol,19.0
Mercedes,Benz,2014.0,42500.0,Black,1595.0,Automatic,5.0,325000000.0,Petrol,11.0
Mercedes,Benz,2016.0,42500.0,Black,1991.0,Automatic,5.0,495000000.0,Petrol,9.0
Toyota,Land,2013.0,47500.0,Black,4461.0,Automatic,8.0,1375000000.0,Diesel,12.0
Bmw,X2,2019.0,7500.0,Yellow,1499.0,Automatic,5.0,850000000.0,Petrol,6.0
Honda,Mobilio,2017.0,67500.0,White,1496.0,Automatic,7.0,178000000.0,Petrol,8.0
Mercedes,Benz,2019.0,32500.0,White,1991.0,Automatic,5.0,890000000.0,Petrol,6.0
Toyota,Alphard,2010.0,62500.0,Black,2362.0,Automatic,7.0,190000000.0,Petrol,15.0
Bmw,320I,2014.0,57500.0,Black,1997.0,Automatic,5.0,325000000.0,Petrol,11.0
Mitsubishi,Xpander,2017.0,32500.0,Black,1499.0,Automatic,7.0,215000000.0,Petrol,8.0
Toyota,Land,2016.0,37500.0,Black,4461.0,Automatic,8.0,2125000000.0,Diesel,9.0
Lexus,Lx,2010.0,72500.0,Black,5663.0,Automatic,8.0,950000000.0,Petrol,15.0
Land,Rover,2016.0,32500.0,Black,1999.0,Automatic,7.0,725000000.0,Petrol,9.0
Lexus,Ls,2013.0,42500.0,Black,4608.0,Automatic,5.0,595000000.0,Petrol,12.0
Mercedes,Benz,2010.0,27500.0,Black,3498.0,Automatic,5.0,425000000.0,Petrol,15.0
Mercedes,Benz,2012.0,42500.0,Black,3498.0,Automatic,5.0,545000000.0,Petrol,13.0
Bmw,740Li,2012.0,42500.0,Black,2979.0,Automatic,5.0,525000000.0,Petrol,13.0
Hummer,H3,2011.0,27500.0,Black,3653.0,Automatic,5.0,990000000.0,Petrol,14.0
Land,Rover,2015.0,27500.0,White,1999.0,Automatic,5.0,550000000.0,Petrol,10.0
Hummer,H3,2008.0,52500.0,Black,3653.0,Automatic,5.0,725000000.0,Petrol,17.0
Bmw,X5,2015.0,42500.0,Black,2979.0,Automatic,5.0,695000000.0,Petrol,10.0
Mercedes,Benz,2015.0,30000.0,White,2996.0,Automatic,4.0,650000000.0,Petrol,10.0
Mercedes,Benz,2015.0,42500.0,White,2996.0,Automatic,5.0,585000000.0,Petrol,10.0
Bmw,640I,2012.0,37500.0,Black,2979.0,Automatic,5.0,715000000.0,Petrol,13.0
Bmw,730Ld,2013.0,27500.0,Black,2993.0,Automatic,5.0,499000000.0,Petrol,12.0
Toyota,Land,2010.0,52500.0,White,4461.0,Automatic,8.0,1180000000.0,Diesel,15.0
Jeep,Wrangler,2014.0,42500.0,Silver,3604.0,Automatic,5.0,900000000.0,Petrol,11.0
Bmw,320I,2012.0,62500.0,White,1997.0,Automatic,5.0,345000000.0,Petrol,13.0
Mercedes,Benz,2013.0,42500.0,Black,2996.0,Automatic,5.0,425000000.0,Petrol,12.0
Mercedes,Benz,2012.0,22500.0,Black,1796.0,Automatic,2.0,625000000.0,Petrol,13.0
Toyota,Alphard,2013.0,77500.0,White,2362.0,Automatic,7.0,255000000.0,Petrol,12.0
Bmw,520I,2012.0,52500.0,Black,1997.0,Automatic,5.0,325000000.0,Petrol,13.0
Porsche,Cayenne,2011.0,27500.0,White,3598.0,Automatic,5.0,625000000.0,Petrol,14.0
Mercedes,Benz,2013.0,32500.0,Black,3498.0,Automatic,5.0,395000000.0,Petrol,12.0
Mercedes,Benz,2010.0,52500.0,Black,3498.0,Automatic,5.0,355000000.0,Petrol,15.0
Toyota,Yaris,2012.0,97500.0,Black,1497.0,Automatic,5.0,120000000.0,Petrol,13.0
Lexus,Nx,2017.0,42500.0,Silver,1998.0,Automatic,5.0,545000000.0,Petrol,8.0
Mitsubishi,Pajero,2011.0,82500.0,White,2477.0,Automatic,7.0,190000000.0,Diesel,14.0
Land,Rover,2013.0,32500.0,White,1999.0,Automatic,5.0,375000000.0,Petrol,12.0
Lexus,Rx,2018.0,42500.0,Black,1998.0,Automatic,5.0,850000000.0,Petrol,7.0
Honda,Cr,2015.0,42500.0,Black,2354.0,Automatic,5.0,288000000.0,Petrol,10.0
Toyota,Land,2013.0,52500.0,White,4461.0,Automatic,8.0,1350000000.0,Diesel,12.0
Mercedes,Benz,2018.0,22500.0,Black,2999.0,Automatic,5.0,1525000000.0,Petrol,7.0
Jeep,Wrangler,2011.0,42000.0,Red,3778.0,Automatic,5.0,740000000.0,Petrol,14.0
Toyota,Land,2002.0,132500.0,Blue,4164.0,Automatic,8.0,595000000.0,Diesel,23.0
Mercedes,Benz,1987.0,147500.0,Black,2746.0,Automatic,5.0,650000000.0,Petrol,38.0
Volkswagen,Touareg,2008.0,62500.0,Black,2967.0,Automatic,5.0,285000000.0,Diesel,17.0
Toyota,Alphard,2018.0,32500.0,White,2494.0,Automatic,7.0,995000000.0,Petrol,7.0
Land,Rover,2010.0,22500.0,White,5000.0,Automatic,5.0,650000000.0,Petrol,15.0
Mitsubishi,Pajero,2013.0,12500.0,White,2477.0,Automatic,7.0,295000000.0,Diesel,12.0
Bmw,318I,1990.0,202500.0,White,1766.0,Manual,5.0,78000000.0,Petrol,35.0
Land,Rover,2018.0,32500.0,White,2995.0,Automatic,5.0,1750000000.0,Petrol,7.0
Land,Rover,2018.0,42500.0,White,1998.0,Automatic,5.0,1325000000.0,Petrol,7.0
Mercedes,Benz,2014.0,37500.0,Black,2996.0,Automatic,7.0,785000000.0,Petrol,11.0
Toyota,Alphard,2016.0,72500.0,White,2494.0,Automatic,7.0,490000000.0,Petrol,9.0
Lexus,Lx,2013.0,52500.0,Black,5663.0,Automatic,8.0,1150000000.0,Petrol,12.0
Land,Rover,2015.0,22500.0,Black,1999.0,Automatic,5.0,575000000.0,Petrol,10.0
Land,Rover,2015.0,27500.0,Red,1999.0,Automatic,5.0,525000000.0,Petrol,10.0
Land,Rover,2004.0,95000.0,Black,4398.0,Automatic,5.0,325000000.0,Petrol,21.0
Mercedes,Benz,2020.0,2500.0,Black,2987.0,Automatic,5.0,4980000000.0,Diesel,5.0
Rolls,Royce,2012.0,17500.0,Black,6600.0,Automatic,5.0,5500000000.0,Petrol,13.0
Toyota,Alphard,2019.0,22500.0,Black,2494.0,Automatic,7.0,590000000.0,Petrol,6.0
Bmw,X1,2020.0,32500.0,Black,1499.0,Automatic,5.0,695000000.0,Petrol,5.0
Lexus,Lx,2013.0,62500.0,Black,5663.0,Automatic,8.0,1325000000.0,Petrol,12.0
Mercedes,Benz,2014.0,37500.0,White,3498.0,Automatic,5.0,990000000.0,Hybrid,11.0
Land,Rover,2013.0,42500.0,Black,2995.0,Automatic,5.0,990000000.0,Petrol,12.0
Toyota,Land,2004.0,97500.0,Black,4663.0,Automatic,7.0,400000000.0,Petrol,21.0
Audi,A6,2012.0,32500.0,White,1984.0,Automatic,5.0,225000000.0,Petrol,13.0
Mercedes,Benz,2012.0,47500.0,Red,1796.0,Automatic,2.0,750000000.0,Petrol,13.0
Mercedes,Benz,2005.0,12500.0,Silver,4966.0,Automatic,4.0,880000000.0,Petrol,20.0
Mercedes,Benz,2009.0,77500.0,Black,3498.0,Automatic,5.0,205000000.0,Petrol,16.0
Toyota,Vellfire,2015.0,67500.0,Black,2493.0,Automatic,7.0,795000000.0,Petrol,10.0
Mercedes,Benz,2014.0,32500.0,Red,1595.0,Automatic,5.0,485000000.0,Petrol,11.0
Toyota,Alphard,2018.0,27500.0,White,2494.0,Automatic,7.0,995000000.0,Petrol,7.0
Mercedes,Benz,2009.0,52500.0,Black,3498.0,Automatic,5.0,385000000.0,Petrol,16.0
Mercedes,Benz,2019.0,6000.0,Red,1595.0,Automatic,5.0,660000000.0,Petrol,6.0
Toyota,Land,2012.0,72500.0,Black,4461.0,Automatic,8.0,1400000000.0,Diesel,13.0
Toyota,Vellfire,2019.0,57500.0,Black,2494.0,Automatic,7.0,985000000.0,Petrol,6.0
Bmw,640I,2015.0,42500.0,White,2979.0,Automatic,5.0,860000000.0,Petrol,10.0
Land,Rover,2019.0,2500.0,Grey,1998.0,Automatic,5.0,1875000000.0,Petrol,6.0
Lexus,Lm,2023.0,7000.0,White,3456.0,Automatic,7.0,1790000000.0,Petrol,2.0
Toyota,Alphard,2019.0,42500.0,Black,2494.0,Automatic,7.0,895000000.0,Petrol,6.0
Mercedes,Benz,2011.0,70000.0,Brown,2996.0,Automatic,5.0,268000000.0,Petrol,14.0
Hyundai,H,2020.0,17500.0,Silver,2497.0,Automatic,8.0,585000000.0,Diesel,5.0
Mercedes,Benz,1994.0,87500.0,Blue,5987.0,Automatic,4.0,575000000.0,Petrol,31.0
Mercedes,Benz,2012.0,53000.0,Black,2996.0,Automatic,5.0,365000000.0,Petrol,13.0
Porsche,Cayenne,2013.0,62500.0,Black,3598.0,Automatic,5.0,455000000.0,Petrol,12.0
Toyota,Vellfire,2013.0,67500.0,White,2362.0,Automatic,8.0,315000000.0,Petrol,12.0
Mercedes,Benz,2015.0,27500.0,Black,2996.0,Automatic,5.0,785000000.0,Petrol,10.0
Mercedes,Benz,2006.0,72500.0,Silver,2597.0,Automatic,5.0,225000000.0,Petrol,19.0
Mini,Cabrio,2020.0,7500.0,Blue,1998.0,Automatic,4.0,985000000.0,Petrol,5.0
Toyota,Land,2004.0,137500.0,Black,4663.0,Automatic,7.0,445000000.0,Petrol,21.0
Toyota,Alphard,2018.0,72500.0,White,2494.0,Automatic,7.0,895000000.0,Petrol,7.0
Mercedes,Benz,2019.0,27500.0,Black,2996.0,Automatic,5.0,1175000000.0,Petrol,6.0
Mercedes,Benz,2013.0,27500.0,Black,3498.0,Automatic,5.0,625000000.0,Petrol,12.0
Porsche,Cayenne,2011.0,2500.0,Black,4806.0,Automatic,5.0,1250000000.0,Petrol,14.0
Mercedes,Benz,2017.0,52500.0,Grey,1991.0,Automatic,5.0,595000000.0,Petrol,8.0
Toyota,Crown,2012.0,137500.0,Black,2994.0,Automatic,5.0,440000000.0,Petrol,13.0
Lexus,Nx,2017.0,53000.0,Grey,1998.0,Automatic,5.0,545000000.0,Petrol,8.0
Mercedes,Benz,2015.0,47000.0,Black,2996.0,Automatic,5.0,690000000.0,Petrol,10.0
Toyota,Land,2002.0,140000.0,Blue,4164.0,Automatic,8.0,545000000.0,Diesel,23.0
Toyota,Alphard,2021.0,52500.0,Black,2494.0,Automatic,7.0,1075000000.0,Petrol,4.0
Mercedes,Benz,2013.0,22500.0,White,1991.0,Automatic,4.0,730000000.0,Petrol,12.0
Bmw,318I,1990.0,182500.0,Black,1766.0,Manual,5.0,75000000.0,Petrol,35.0
Honda,Freed,2013.0,87500.0,Brown,1497.0,Automatic,7.0,155000000.0,Petrol,12.0
Mercedes,Benz,2011.0,37500.0,White,2996.0,Automatic,5.0,245000000.0,Petrol,14.0
Mercedes,Benz,2013.0,62500.0,Black,1796.0,Automatic,5.0,225000000.0,Petrol,12.0
Toyota,Alphard,2019.0,32500.0,Black,2494.0,Automatic,7.0,650000000.0,Petrol,6.0
Land,Rover,2012.0,37500.0,White,1999.0,Automatic,5.0,345000000.0,Petrol,13.0
Lexus,Rx,2010.0,52500.0,Silver,3456.0,Automatic,5.0,275000000.0,Petrol,15.0
Mercedes,Benz,2014.0,62500.0,Black,1991.0,Automatic,5.0,310000000.0,Petrol,11.0
Mercedes,Benz,2019.0,37500.0,Black,1991.0,Automatic,5.0,865000000.0,Petrol,6.0
Mercedes,Benz,2015.0,97500.0,White,1595.0,Automatic,5.0,425000000.0,Petrol,10.0
Lexus,Nx,2019.0,32500.0,Black,1998.0,Automatic,5.0,685000000.0,Petrol,6.0
Mercedes,Benz,2019.0,7500.0,Red,1595.0,Automatic,5.0,690000000.0,Petrol,6.0
Toyota,Land,2014.0,42500.0,Black,2693.0,Automatic,7.0,575000000.0,Petrol,11.0
Toyota,Kijang,2019.0,42500.0,Black,2393.0,Automatic,8.0,345000000.0,Diesel,6.0
Land,Rover,2005.0,152500.0,Grey,2720.0,Automatic,7.0,650000000.0,Petrol,20.0
Lexus,Ls,2014.0,42500.0,Black,4608.0,Automatic,5.0,525000000.0,Petrol,11.0
Mercedes,Benz,2012.0,67500.0,White,1796.0,Automatic,5.0,275000000.0,Petrol,13.0
Mercedes,Benz,2016.0,46000.0,Black,1991.0,Automatic,5.0,455000000.0,Petrol,9.0
Audi,Q5,2011.0,50000.0,Grey,1984.0,Automatic,5.0,165000000.0,Petrol,14.0
Mercedes,Benz,2015.0,46000.0,White,2996.0,Automatic,5.0,505000000.0,Petrol,10.0
Land,Rover,2008.0,77500.0,Black,4197.0,Automatic,5.0,395000000.0,Petrol,17.0
Porsche,Macan,2014.0,47500.0,White,1984.0,Automatic,5.0,685000000.0,Petrol,11.0
Lexus,Lx,2019.0,32500.0,Black,5663.0,Automatic,8.0,2350000000.0,Petrol,6.0
Honda,Cr,2017.0,102500.0,Black,1498.0,Automatic,5.0,350000000.0,Petrol,8.0
Honda,Cr,2006.0,262500.0,Black,2354.0,Automatic,5.0,87000000.0,Petrol,19.0
Mercedes,Benz,2018.0,62500.0,Black,2996.0,Automatic,7.0,940000000.0,Petrol,7.0
Mercedes,Benz,2016.0,37500.0,White,1596.0,Automatic,5.0,490000000.0,Petrol,9.0
Bmw,X1,2019.0,22500.0,White,1499.0,Automatic,5.0,525000000.0,Petrol,6.0
Mercedes,Benz,2015.0,32500.0,Black,2996.0,Automatic,5.0,595000000.0,Petrol,10.0
Jeep,Grand,2012.0,57500.0,Black,5654.0,Automatic,5.0,420000000.0,Petrol,13.0
Dodge,Journey,2013.0,52500.0,Black,2360.0,Automatic,7.0,195000000.0,Petrol,12.0
Honda,Civic,2007.0,142500.0,Yellow,1799.0,Automatic,5.0,125000000.0,Petrol,18.0
Lexus,Lm,2023.0,2500.0,White,3456.0,Automatic,4.0,1875000000.0,Petrol,2.0
Bmw,730Li,2013.0,67500.0,Black,2996.0,Automatic,5.0,465000000.0,Petrol,12.0
Mercedes,Benz,2021.0,7500.0,Black,2999.0,Automatic,7.0,2290000000.0,Petrol,4.0
Land,Rover,2012.0,37500.0,Red,1999.0,Automatic,5.0,355000000.0,Petrol,13.0
Toyota,Vellfire,2015.0,92500.0,Black,2493.0,Automatic,7.0,735000000.0,Petrol,10.0
Jeep,Wrangler,2015.0,57500.0,Red,2985.0,Automatic,5.0,1085000000.0,Petrol,10.0
Mercedes,Benz,2014.0,42500.0,Black,2996.0,Automatic,5.0,550000000.0,Petrol,11.0
Mercedes,Benz,2011.0,47500.0,Brown,2996.0,Automatic,5.0,295000000.0,Petrol,14.0
Porsche,Cayenne,2012.0,67500.0,Black,4806.0,Automatic,5.0,850000000.0,Petrol,13.0
Lexus,Lx,2019.0,12500.0,White,5663.0,Automatic,8.0,2300000000.0,Petrol,6.0
Toyota,Land,2023.0,7500.0,Black,3346.0,Automatic,7.0,2475000000.0,Diesel,2.0
Toyota,Vellfire,2017.0,30000.0,White,2494.0,Automatic,7.0,695000000.0,Petrol,8.0
Mercedes,Benz,2018.0,27500.0,White,1595.0,Automatic,5.0,425000000.0,Petrol,7.0
Land,Rover,2006.0,87500.0,Black,4394.0,Automatic,5.0,330000000.0,Petrol,19.0
Mercedes,Benz,2010.0,80000.0,Black,3498.0,Automatic,5.0,245000000.0,Petrol,15.0
Land,Rover,2010.0,72500.0,Black,5000.0,Automatic,5.0,650000000.0,Petrol,15.0
Toyota,Harrier,2015.0,72500.0,White,1986.0,Automatic,5.0,375000000.0,Petrol,10.0
Toyota,Harrier,2014.0,62500.0,White,1986.0,Automatic,5.0,360000000.0,Petrol,11.0
Lexus,Lx,2015.0,122500.0,Black,5663.0,Automatic,8.0,1295000000.0,Petrol,10.0
Mercedes,Benz,2015.0,47500.0,White,2996.0,Automatic,5.0,785000000.0,Petrol,10.0
Lexus,Lx,2008.0,82500.0,Black,5663.0,Automatic,8.0,690000000.0,Petrol,17.0
Toyota,Kijang,2023.0,7500.0,White,1998.0,Automatic,7.0,588000000.0,Petrol,2.0
Mercedes,Benz,2011.0,52500.0,Black,1796.0,Automatic,4.0,395000000.0,Petrol,14.0
Mercedes,Benz,2014.0,42500.0,Black,2996.0,Automatic,5.0,650000000.0,Petrol,11.0
Toyota,Land,2011.0,112500.0,Black,2693.0,Automatic,7.0,410000000.0,Petrol,14.0
Toyota,Land,2016.0,102500.0,Black,2693.0,Automatic,7.0,695000000.0,Petrol,9.0
Mercedes,Benz,2018.0,42500.0,White,1595.0,Automatic,5.0,445000000.0,Petrol,7.0
Honda,Cr,2016.0,72500.0,White,2354.0,Automatic,5.0,315000000.0,Petrol,9.0
Jeep,Cherokee,2015.0,32500.0,Black,2360.0,Automatic,5.0,460000000.0,Petrol,10.0
Land,Rover,2008.0,77000.0,Black,4197.0,Automatic,5.0,395000000.0,Petrol,17.0
Lexus,Ls,2014.0,46000.0,Black,4608.0,Automatic,5.0,565000000.0,Petrol,11.0
Mercedes,Benz,2010.0,82500.0,Black,3498.0,Automatic,5.0,245000000.0,Petrol,15.0
Toyota,Alphard,2019.0,44000.0,Black,2494.0,Automatic,7.0,935000000.0,Petrol,6.0
Mercedes,Benz,2013.0,50000.0,Black,1595.0,Automatic,5.0,165000000.0,Petrol,12.0
Mercedes,Benz,2016.0,57500.0,Black,3000.0,Automatic,5.0,455000000.0,Petrol,9.0
Mini,Clubman,2020.0,7500.0,Green,1998.0,Automatic,5.0,825000000.0,Petrol,5.0
Toyota,Alphard,2022.0,32500.0,Black,2494.0,Automatic,7.0,1150000000.0,Petrol,3.0
Lexus,Rx,2010.0,82500.0,Black,3456.0,Automatic,5.0,275000000.0,Petrol,15.0
Toyota,Fortuner,2017.0,102500.0,Black,2393.0,Automatic,7.0,358000000.0,Diesel,8.0
Toyota,Alphard,2017.0,62500.0,Black,2494.0,Automatic,7.0,740000000.0,Petrol,8.0
Honda,Civic,2016.0,42500.0,Grey,1498.0,Automatic,5.0,288000000.0,Petrol,9.0
Honda,Cr,2017.0,72500.0,White,1498.0,Automatic,5.0,295000000.0,Petrol,8.0
Toyota,Alphard,2012.0,82500.0,White,2362.0,Automatic,7.0,245000000.0,Petrol,13.0
Nissan,Terra,2019.0,27500.0,Black,2488.0,Automatic,7.0,335000000.0,Diesel,6.0
Mercedes,Benz,2008.0,52500.0,Black,2996.0,Automatic,5.0,215000000.0,Petrol,17.0
Mercedes,Benz,2015.0,42500.0,White,1595.0,Automatic,5.0,375000000.0,Petrol,10.0
Land,Rover,2013.0,41000.0,Black,1999.0,Automatic,5.0,375000000.0,Petrol,12.0
Honda,Civic,2018.0,32500.0,Black,1498.0,Automatic,5.0,385000000.0,Petrol,7.0
Mercedes,Benz,2018.0,12500.0,Black,2999.0,Automatic,5.0,1460000000.0,Petrol,7.0
Mercedes,Benz,2012.0,59000.0,White,1796.0,Automatic,5.0,285100000.0,Petrol,13.0
Toyota,Fortuner,2020.0,59000.0,Black,2393.0,Automatic,7.0,475000000.0,Diesel,5.0
Hummer,H3,2010.0,37500.0,Orange,3653.0,Automatic,5.0,1180000000.0,Petrol,15.0
Mercedes,Benz,2010.0,112500.0,Black,1796.0,Automatic,5.0,188000000.0,Petrol,15.0
Mercedes,Benz,2017.0,67500.0,White,1596.0,Automatic,5.0,475000000.0,Petrol,8.0
Mercedes,Benz,2018.0,17500.0,White,1596.0,Automatic,5.0,610000000.0,Petrol,7.0
Toyota,Land,2004.0,137500.0,White,4663.0,Automatic,7.0,395000000.0,Petrol,21.0
Porsche,Cayenne,2013.0,27500.0,Red,3598.0,Automatic,5.0,650000000.0,Petrol,12.0
Toyota,Crown,2012.0,180000.0,Black,2994.0,Automatic,5.0,355000000.0,Petrol,13.0
Land,Rover,2018.0,22500.0,Black,2995.0,Automatic,5.0,1650000000.0,Petrol,7.0
Toyota,Alphard,2015.0,112500.0,White,2494.0,Automatic,7.0,635000000.0,Petrol,10.0
Toyota,Harrier,2010.0,102500.0,Black,2362.0,Automatic,5.0,210000000.0,Petrol,15.0
Honda,Brio,2019.0,17500.0,Silver,1199.0,Automatic,5.0,147500000.0,Petrol,6.0
Mercedes,Benz,2005.0,92500.0,Silver,2597.0,Automatic,5.0,110000000.0,Petrol,20.0
Honda,Brio,2019.0,7500.0,White,1199.0,Automatic,5.0,179000000.0,Petrol,6.0
Bmw,520I,2015.0,82500.0,White,1997.0,Automatic,5.0,365000000.0,Petrol,10.0
Volkswagen,Golf,2014.0,62500.0,Grey,1395.0,Automatic,5.0,195000000.0,Petrol,11.0
Porsche,Panamera,2017.0,7500.0,White,2894.0,Automatic,4.0,2350000000.0,Petrol,8.0
Jeep,Wrangler,2011.0,62500.0,White,3778.0,Automatic,5.0,710000000.0,Petrol,14.0
Mercedes,Benz,2007.0,137500.0,Black,2996.0,Automatic,5.0,168000000.0,Petrol,18.0
Toyota,Kijang,2021.0,27500.0,Black,1998.0,Automatic,7.0,395000000.0,Petrol,4.0
Jeep,Wrangler,2011.0,42000.0,Black,3778.0,Automatic,5.0,825000000.0,Petrol,14.0
Mercedes,Benz,2015.0,42500.0,White,2996.0,Automatic,5.0,695000000.0,Petrol,10.0
Honda,Br,2023.0,2500.0,Grey,1498.0,Automatic,7.0,248500000.0,Petrol,2.0
Ford,Ranger,2023.0,2500.0,Black,1996.0,Automatic,5.0,990000000.0,Diesel,2.0
Suzuki,Xl7,2020.0,17500.0,Black,1500.0,Automatic,7.0,205000000.0,Petrol,5.0
Mercedes,Benz,2018.0,52500.0,White,2143.0,Automatic,5.0,650000000.0,Petrol,7.0
Honda,Accord,2016.0,102500.0,Black,2356.0,Automatic,5.0,275000000.0,Petrol,9.0
Honda,Cr,2015.0,182500.0,White,1997.0,Automatic,5.0,200000000.0,Petrol,10.0
Honda,Cr,2015.0,180000.0,White,1997.0,Automatic,5.0,185000000.0,Petrol,10.0
Land,Rover,2006.0,80000.0,Black,4196.0,Automatic,5.0,330000000.0,Petrol,19.0
Mercedes,Benz,2019.0,32500.0,Black,1991.0,Automatic,5.0,695000000.0,Petrol,6.0
Mercedes,Benz,2018.0,62500.0,Black,1596.0,Automatic,5.0,660000000.0,Petrol,7.0
Toyota,Fortuner,2020.0,57500.0,Black,2393.0,Automatic,7.0,475000000.0,Diesel,5.0
Toyota,Crown,2012.0,180000.0,Black,2994.0,Automatic,5.0,345000000.0,Petrol,13.0
Suzuki,Jimny,2019.0,32500.0,Yellow,1462.0,Automatic,4.0,408000000.0,Petrol,6.0
Toyota,Fj,2013.0,32500.0,Black,3956.0,Automatic,5.0,1375000000.0,Petrol,12.0
Mercedes,Benz,2015.0,57500.0,Black,1991.0,Automatic,7.0,425000000.0,Petrol,10.0
Ford,Mustang,2021.0,7500.0,Red,2261.0,Automatic,4.0,1200000000.0,Petrol,4.0
Bmw,X5,2012.0,97500.0,Grey,2979.0,Automatic,5.0,245000000.0,Petrol,13.0
Mercedes,Benz,2021.0,67500.0,Black,2999.0,Automatic,7.0,1050000000.0,Petrol,4.0
Hummer,H2,2010.0,67500.0,Black,6162.0,Automatic,5.0,1725000000.0,Petrol,15.0
Land,Rover,2018.0,62500.0,Black,1998.0,Automatic,5.0,990000000.0,Petrol,7.0
Honda,Cr,2011.0,127500.0,Brown,2354.0,Automatic,5.0,110000000.0,Petrol,14.0
Bmw,730Li,2019.0,7500.0,Black,1998.0,Automatic,5.0,1180000000.0,Petrol,6.0
Mercedes,Benz,2017.0,47500.0,Black,1991.0,Automatic,5.0,415000000.0,Petrol,8.0
Toyota,Alphard,2018.0,22500.0,White,2494.0,Automatic,7.0,695000000.0,Petrol,7.0
Toyota,Camry,2018.0,32500.0,Black,2494.0,Automatic,5.0,288000000.0,Petrol,7.0
Mercedes,Benz,2016.0,42500.0,Red,1596.0,Automatic,5.0,450000000.0,Petrol,9.0
Bentley,Bentayga,2018.0,7500.0,Black,5950.0,Automatic,4.0,4500000000.0,Petrol,7.0
Bmw,X5,2020.0,42500.0,White,2998.0,Automatic,5.0,890000000.0,Petrol,5.0
Mercedes,Benz,2007.0,52500.0,Black,3498.0,Automatic,5.0,245000000.0,Petrol,18.0
Mercedes,Benz,2012.0,52500.0,Black,5461.0,Automatic,7.0,395000000.0,Petrol,13.0
Mini,Countryman,2019.0,12500.0,Grey,1998.0,Automatic,5.0,675000000.0,Petrol,6.0
Toyota,Land,2004.0,92500.0,Black,4663.0,Automatic,7.0,345000000.0,Petrol,21.0
Hyundai,Palisade,2022.0,22500.0,Black,2199.0,Automatic,7.0,665000000.0,Diesel,3.0
Mercedes,Benz,2016.0,52500.0,Black,2996.0,Automatic,5.0,690000000.0,Petrol,9.0
Hyundai,H,2018.0,12500.0,Black,2497.0,Automatic,9.0,320000000.0,Diesel,7.0
Cadillac,Escalade,2011.0,37500.0,Black,6162.0,Automatic,7.0,675000000.0,Petrol,14.0
Mercedes,Benz,2011.0,57500.0,Maroon,2996.0,Automatic,5.0,199000000.0,Petrol,14.0
Mercedes,Benz,2022.0,17500.0,Black,2999.0,Automatic,7.0,1650000000.0,Petrol,3.0
Land,Rover,2014.0,22500.0,White,5000.0,Automatic,5.0,1300000000.0,Petrol,11.0
Toyota,Land,2012.0,47500.0,Black,4461.0,Automatic,8.0,1200000000.0,Diesel,13.0
Jeep,Grand,2015.0,37500.0,Black,2985.0,Automatic,5.0,590000000.0,Petrol,10.0
Mercedes,Benz,2018.0,22500.0,Black,2999.0,Automatic,5.0,980000000.0,Petrol,7.0
Hummer,H3,2010.0,62500.0,Black,3653.0,Automatic,5.0,880000000.0,Petrol,15.0
Mercedes,Benz,2009.0,42500.0,Black,2996.0,Automatic,5.0,235000000.0,Petrol,16.0
Toyota,Alphard,2019.0,37500.0,Black,2494.0,Automatic,7.0,835000000.0,Petrol,6.0
Lexus,Es,2017.0,72500.0,Black,2494.0,Automatic,5.0,455000000.0,Hybrid,8.0
Mercedes,Benz,2022.0,12500.0,Grey,1999.0,Automatic,5.0,850000000.0,Petrol,3.0
Toyota,Land,2003.0,177500.0,Black,4164.0,Automatic,8.0,610000000.0,Diesel,22.0
Toyota,Yaris,2019.0,37500.0,White,1496.0,Automatic,5.0,195000000.0,Petrol,6.0
Land,Rover,2014.0,42500.0,Black,2995.0,Automatic,5.0,595000000.0,Petrol,11.0
Mercedes,Benz,2018.0,27500.0,Black,1991.0,Automatic,5.0,455000000.0,Petrol,7.0
Toyota,Gr,2020.0,7500.0,Grey,2998.0,Automatic,2.0,1950000000.0,Petrol,5.0
Mercedes,Benz,2020.0,12500.0,Red,1332.0,Automatic,7.0,550000000.0,Petrol,5.0
Mitsubishi,Pajero,2000.0,92500.0,Green,3200.0,Automatic,7.0,255000000.0,Diesel,25.0
Bmw,X1,2016.0,52500.0,Silver,1499.0,Automatic,5.0,265000000.0,Petrol,9.0
Mercedes,Benz,2015.0,47500.0,Grey,1595.0,Automatic,5.0,285000000.0,Petrol,10.0
Lexus,Lx,2016.0,72500.0,Black,5663.0,Automatic,8.0,1285000000.0,Petrol,9.0
Land,Rover,2013.0,42500.0,Black,5000.0,Automatic,5.0,990000000.0,Petrol,12.0
Mazda,Cx,2019.0,57500.0,Black,2488.0,Automatic,7.0,395000000.0,Petrol,6.0
Lexus,Rx,2020.0,17500.0,Black,1998.0,Automatic,5.0,1100000000.0,Petrol,5.0
Mercedes,Benz,2019.0,17500.0,Black,2999.0,Automatic,5.0,1200000000.0,Petrol,6.0
Mercedes,Benz,2011.0,22500.0,Black,5439.0,Automatic,5.0,2950000000.0,Petrol,14.0
Land,Rover,2015.0,62500.0,Black,1999.0,Automatic,7.0,575000000.0,Petrol,10.0
Mercedes,Benz,2014.0,82500.0,Silver,1991.0,Automatic,5.0,325000000.0,Petrol,11.0
Honda,Hr,2017.0,22500.0,Silver,1799.0,Automatic,5.0,225000000.0,Petrol,8.0
Daihatsu,Gran,2018.0,7500.0,White,1298.0,Manual,9.0,118000000.0,Petrol,7.0
Toyota,Rush,2021.0,62500.0,Black,1495.0,Automatic,7.0,199000000.0,Petrol,4.0
Toyota,Land,2012.0,82500.0,White,2693.0,Automatic,7.0,450000000.0,Petrol,13.0
Toyota,Alphard,2017.0,52500.0,White,2494.0,Automatic,7.0,465000000.0,Petrol,8.0
Jeep,Wrangler,2014.0,42500.0,Black,2776.0,Automatic,5.0,1050000000.0,Diesel,11.0
Toyota,Alphard,2020.0,47500.0,Black,2494.0,Automatic,7.0,1125000000.0,Petrol,5.0
Bmw,X5,2017.0,42500.0,White,2979.0,Automatic,5.0,695000000.0,Petrol,8.0
Honda,Cr,2018.0,62500.0,Black,1498.0,Automatic,5.0,435000000.0,Petrol,7.0
Mercedes,Benz,2016.0,52500.0,Black,1991.0,Automatic,5.0,650000000.0,Petrol,9.0
Mercedes,Benz,2021.0,17500.0,White,2999.0,Automatic,7.0,1700000000.0,Petrol,4.0
Toyota,Kijang,2017.0,42500.0,Grey,2393.0,Automatic,7.0,405000000.0,Diesel,8.0
Lexus,Lx,2016.0,52500.0,Black,5663.0,Automatic,8.0,1800000000.0,Petrol,9.0
Mercedes,Benz,2012.0,37500.0,Black,3498.0,Automatic,5.0,375000000.0,Petrol,13.0
Mercedes,Benz,2016.0,32500.0,Black,2996.0,Automatic,5.0,850000000.0,Petrol,9.0
Jaguar,Xf,2010.0,47500.0,Grey,2967.0,Automatic,5.0,285000000.0,Petrol,15.0
Land,Rover,2011.0,82500.0,White,2993.0,Automatic,7.0,1350000000.0,Diesel,14.0
Mercedes,Benz,2012.0,22500.0,White,2996.0,Automatic,5.0,450000000.0,Petrol,13.0
Bmw,740Li,2013.0,52000.0,Black,2979.0,Automatic,5.0,540000000.0,Petrol,12.0
Jeep,Grand,2012.0,50000.0,Black,3604.0,Automatic,5.0,410000000.0,Petrol,13.0
Mercedes,Benz,2016.0,47500.0,Black,2996.0,Automatic,5.0,599000000.0,Petrol,9.0
Toyota,Land,2019.0,12500.0,Black,2693.0,Automatic,7.0,950000000.0,Petrol,6.0
Mercedes,Benz,2020.0,12500.0,Grey,1991.0,Automatic,5.0,560000000.0,Petrol,5.0
Toyota,Kijang,2016.0,132500.0,Brown,2393.0,Automatic,8.0,259000000.0,Diesel,9.0
Wuling,Almaz,2020.0,77500.0,Black,1451.0,Automatic,7.0,172000000.0,Petrol,5.0
Nissan,Serena,2010.0,162500.0,Black,1998.0,Automatic,7.0,87000000.0,Petrol,15.0
Toyota,Corolla,2000.0,167500.0,Red,1762.0,Manual,5.0,67000000.0,Petrol,25.0
Toyota,Rush,2013.0,47500.0,White,1495.0,Automatic,5.0,123000000.0,Petrol,12.0
Honda,City,2006.0,177500.0,Grey,1497.0,Manual,5.0,55000000.0,Petrol,19.0
Nissan,Juke,2012.0,127500.0,Silver,1498.0,Automatic,5.0,105000000.0,Petrol,13.0
Honda,Hr,2022.0,17500.0,Grey,1498.0,Automatic,5.0,330000000.0,Petrol,3.0
Toyota,Alphard,2014.0,137500.0,Black,2362.0,Automatic,7.0,300000000.0,Petrol,11.0
Toyota,Transmover,2018.0,102500.0,Black,1329.0,Manual,8.0,125000000.0,Petrol,7.0
Daihatsu,Sigra,2017.0,197500.0,Silver,1197.0,Automatic,7.0,105000000.0,Petrol,8.0
Toyota,Kijang,2002.0,87500.0,White,1781.0,Manual,8.0,52000000.0,Petrol,23.0
Honda,Hr,2017.0,77500.0,White,1497.0,Automatic,5.0,240000000.0,Petrol,8.0
Toyota,Yaris,2012.0,22500.0,Silver,1497.0,Manual,5.0,125000000.0,Petrol,13.0
Lexus,Lx,2024.0,7500.0,Black,3445.0,Automatic,7.0,3225000000.0,Petrol,1.0
Daihatsu,Sirion,2022.0,37500.0,White,1329.0,Automatic,5.0,168000000.0,Petrol,3.0
Honda,City,2007.0,122500.0,Silver,1497.0,Manual,5.0,42000000.0,Petrol,18.0
Suzuki,Apv,2012.0,262500.0,Grey,1500.0,Manual,8.0,70500000.0,Petrol,13.0
Toyota,Kijang,2014.0,97500.0,Silver,1998.0,Automatic,7.0,163800000.0,Petrol,11.0
Honda,Cr,2021.0,62500.0,Black,1498.0,Automatic,5.0,415000000.0,Petrol,4.0
Suzuki,Escudo,2006.0,297500.0,Black,1590.0,Manual,5.0,78000000.0,Petrol,19.0
Toyota,Yaris,2013.0,97500.0,White,1497.0,Automatic,5.0,112000000.0,Petrol,12.0
Toyota,Fortuner,2016.0,137500.0,Black,2393.0,Automatic,7.0,322000000.0,Diesel,9.0
Toyota,Kijang,2017.0,157500.0,Silver,1998.0,Automatic,8.0,230000000.0,Petrol,8.0
Toyota,Kijang,2000.0,102500.0,Silver,2446.0,Manual,7.0,78500000.0,Diesel,25.0
Nissan,Grand,2016.0,147500.0,White,1498.0,Manual,7.0,92500000.0,Petrol,9.0
Honda,Mobilio,2017.0,197500.0,Grey,1496.0,Automatic,7.0,145000000.0,Petrol,8.0
Honda,Accord,2008.0,152500.0,Grey,2354.0,Automatic,5.0,98900000.0,Petrol,17.0
Nissan,Juke,2012.0,62500.0,Grey,1498.0,Automatic,5.0,119000000.0,Petrol,13.0
Mitsubishi,Kuda,2004.0,267500.0,Black,2477.0,Manual,7.0,68000000.0,Diesel,21.0
Chery,Tiggo,2024.0,7500.0,White,1498.0,Automatic,5.0,249000000.0,Petrol,1.0
Honda,Brio,2015.0,37500.0,White,1198.0,Automatic,5.0,105000000.0,Petrol,10.0
Toyota,Kijang,2024.0,17500.0,Black,1987.0,Automatic,8.0,420000000.0,Petrol,1.0
Toyota,Sienta,2018.0,97500.0,Black,1497.0,Automatic,7.0,169000000.0,Petrol,7.0
Mazda,Biante,2015.0,97500.0,Grey,1997.0,Automatic,7.0,235000000.0,Petrol,10.0
Honda,Cr,2020.0,23082.0,Black,1498.0,Automatic,5.0,350000000.0,Petrol,5.0
Nissan,Elgrand,2017.0,92500.0,Black,2488.0,Automatic,7.0,298000000.0,Petrol,8.0
Bmw,320I,2014.0,42500.0,White,1997.0,Automatic,5.0,235000000.0,Petrol,11.0
Toyota,Sienta,2017.0,92500.0,Grey,1497.0,Automatic,7.0,144000000.0,Petrol,8.0
Mazda,6,2017.0,22500.0,Red,2488.0,Automatic,5.0,287000000.0,Petrol,8.0
Honda,Odyssey,2018.0,112500.0,Black,2356.0,Automatic,7.0,249000000.0,Petrol,7.0
Honda,Hr,2017.0,72500.0,Red,1497.0,Automatic,5.0,198000000.0,Petrol,8.0
Ford,Focus,2014.0,72500.0,Red,1999.0,Automatic,5.0,122000000.0,Petrol,11.0
Mercedes,Benz,2011.0,62500.0,Black,2996.0,Automatic,5.0,195000000.0,Petrol,14.0
Hyundai,H,2016.0,62500.0,White,2497.0,Automatic,8.0,219000000.0,Diesel,9.0
Toyota,Harrier,2011.0,92500.0,Silver,2362.0,Automatic,5.0,145000000.0,Petrol,14.0
Wuling,Cortez,2021.0,82307.0,White,1451.0,Automatic,8.0,130000000.0,Petrol,4.0
Suzuki,Baleno,2000.0,87500.0,Silver,1500.0,Automatic,5.0,40999999.0,Petrol,25.0
Mitsubishi,Xpander,2018.0,57500.0,Black,1499.0,Automatic,7.0,195000000.0,Petrol,7.0
Toyota,Kijang,2023.0,37500.0,Black,1998.0,Automatic,8.0,370000000.0,Petrol,2.0
Toyota,Alphard,2022.0,37500.0,Black,2494.0,Automatic,7.0,980000000.0,Petrol,3.0
Daihatsu,Ayla,2019.0,52500.0,Grey,1197.0,Manual,5.0,115000000.0,Petrol,6.0
Daihatsu,Terios,2020.0,57500.0,White,1496.0,Automatic,7.0,195000000.0,Petrol,5.0
Hyundai,Creta,2022.0,37500.0,White,1497.0,Automatic,5.0,275000000.0,Petrol,3.0
Toyota,Fortuner,2013.0,102500.0,Grey,2694.0,Automatic,7.0,165000000.0,Petrol,12.0
Toyota,Vellfire,2012.0,172500.0,Black,2362.0,Automatic,7.0,230000000.0,Petrol,13.0
Mitsubishi,Pajero,2019.0,57500.0,White,2442.0,Automatic,7.0,409000000.0,Diesel,6.0
Mitsubishi,Colt,2016.0,177500.0,Black,2477.0,Manual,3.0,137500000.0,Diesel,9.0
Mercedes,Benz,2014.0,72500.0,White,1796.0,Automatic,5.0,210000000.0,Petrol,11.0
Toyota,Kijang,2003.0,197500.0,Blue,1781.0,Manual,8.0,66000000.0,Petrol,22.0
Mitsubishi,Mirage,2015.0,117500.0,Grey,1193.0,Automatic,5.0,90000000.0,Petrol,10.0
Honda,Hr,2022.0,52500.0,Grey,1498.0,Automatic,5.0,297000000.0,Petrol,3.0
Daihatsu,Luxio,2017.0,97500.0,White,1495.0,Automatic,8.0,143000000.0,Petrol,8.0
Volkswagen,Polo,2016.0,72500.0,Red,1197.0,Automatic,5.0,125000000.0,Petrol,9.0
Nissan,Grand,2012.0,137500.0,Grey,1498.0,Automatic,7.0,73000000.0,Petrol,13.0
Hyundai,Creta,2022.0,82500.0,White,1497.0,Automatic,5.0,250000000.0,Petrol,3.0
Suzuki,Grand,2011.0,152500.0,Black,1995.0,Automatic,5.0,108000000.0,Petrol,14.0
Nissan,Grand,2014.0,67500.0,Silver,1498.0,Automatic,7.0,115000000.0,Petrol,11.0
Toyota,Rush,2013.0,157500.0,White,1495.0,Manual,5.0,130000000.0,Petrol,12.0
Honda,Hr,2018.0,62500.0,Grey,1497.0,Automatic,5.0,190000000.0,Petrol,7.0
Daihatsu,Ayla,2022.0,37500.0,Yellow,1197.0,Automatic,5.0,119000000.0,Petrol,3.0
Honda,Cr,2021.0,92500.0,Black,1498.0,Automatic,5.0,405000000.0,Petrol,4.0
Mitsubishi,Xpander,2024.0,17500.0,Grey,1499.0,Automatic,7.0,270000000.0,Petrol,1.0
Toyota,Fortuner,2012.0,87500.0,White,2494.0,Automatic,7.0,230000000.0,Diesel,13.0
Honda,City,2009.0,117500.0,Silver,1497.0,Automatic,5.0,108250000.0,Petrol,16.0
Nissan,Juke,2014.0,137500.0,Silver,1498.0,Automatic,5.0,118000000.0,Petrol,11.0
Toyota,Alphard,2009.0,132500.0,Black,2362.0,Automatic,7.0,185000000.0,Petrol,16.0
Opel,Blazer,1996.0,22500.0,Blue,2198.0,Manual,5.0,50000000.0,Petrol,29.0
Toyota,Voxy,2018.0,112500.0,White,1986.0,Automatic,7.0,290000000.0,Petrol,7.0
Daihatsu,Sirion,2019.0,37500.0,Silver,1329.0,Automatic,5.0,145000000.0,Petrol,6.0
Toyota,Kijang,2011.0,157500.0,Black,2494.0,Manual,8.0,195000000.0,Diesel,14.0
Honda,Mobilio,2016.0,67500.0,Grey,1496.0,Automatic,7.0,135000000.0,Petrol,9.0
Honda,Brio,2022.0,37500.0,Black,1199.0,Manual,5.0,134567890.0,Petrol,3.0
Honda,Brio,2022.0,27500.0,White,1199.0,Automatic,5.0,145000000.0,Petrol,3.0
Toyota,Avanza,2013.0,142500.0,White,1298.0,Automatic,7.0,97500000.0,Petrol,12.0
Honda,Hr,2021.0,18000.0,Red,1497.0,Automatic,5.0,325000000.0,Petrol,4.0
Mitsubishi,Pajero,2016.0,72500.0,Grey,2477.0,Automatic,7.0,335000000.0,Diesel,9.0
Hyundai,Creta,2022.0,42500.0,White,1497.0,Automatic,5.0,215000000.0,Petrol,3.0
Bmw,218I,2022.0,17500.0,Black,1499.0,Automatic,5.0,490000000.0,Petrol,3.0
Subaru,Xv,2013.0,82500.0,Silver,1995.0,Automatic,5.0,168000000.0,Petrol,12.0
Toyota,Limo,2016.0,67500.0,Black,1496.0,Manual,5.0,88000000.0,Petrol,9.0
Volkswagen,Golf,2014.0,92500.0,White,1395.0,Automatic,5.0,220000000.0,Petrol,11.0
Toyota,Camry,2016.0,92500.0,White,2494.0,Automatic,5.0,179000000.0,Petrol,9.0
Honda,Jazz,2004.0,187500.0,Yellow,1497.0,Manual,5.0,65000000.0,Petrol,21.0
Nissan,Serena,2013.0,117500.0,Silver,1997.0,Automatic,7.0,118000000.0,Petrol,12.0
Nissan,Serena,2017.0,82500.0,Black,1997.0,Automatic,7.0,175000000.0,Petrol,8.0
Suzuki,Jimny,2022.0,27500.0,Green,1462.0,Automatic,4.0,425000000.0,Petrol,3.0
Honda,Br,2022.0,47500.0,White,1498.0,Automatic,7.0,258000000.0,Petrol,3.0
Nissan,Serena,2019.0,122500.0,Black,1997.0,Automatic,7.0,259000000.0,Petrol,6.0
Toyota,Avanza,2019.0,72500.0,Silver,1496.0,Automatic,7.0,165000000.0,Petrol,6.0
Mazda,Biante,2013.0,97500.0,White,1997.0,Automatic,7.0,125000000.0,Petrol,12.0
Toyota,Prius,2009.0,87500.0,White,1797.0,Automatic,5.0,190000000.0,Petrol,16.0
Honda,Cr,2007.0,197500.0,Black,1997.0,Automatic,5.0,89000000.0,Petrol,18.0
Toyota,Kijang,2006.0,182500.0,Black,1998.0,Automatic,8.0,91000000.0,Petrol,19.0
Toyota,Kijang,2016.0,127500.0,Grey,1998.0,Automatic,8.0,206000000.0,Petrol,9.0
Mitsubishi,Pajero,2017.0,67500.0,Silver,2442.0,Automatic,7.0,375000000.0,Diesel,8.0
Toyota,Voxy,2023.0,17500.0,White,1986.0,Automatic,7.0,502000000.0,Petrol,2.0
Mercedes,Benz,2011.0,117500.0,Brown,2996.0,Automatic,5.0,219000000.0,Petrol,14.0
Mitsubishi,Grandis,2005.0,117500.0,Silver,2378.0,Automatic,7.0,76500000.0,Petrol,20.0
Nissan,Serena,2013.0,77500.0,Silver,1997.0,Automatic,7.0,140000000.0,Petrol,12.0
Toyota,Corolla,2022.0,52500.0,Black,1798.0,Automatic,5.0,325000000.0,Hybrid,3.0
Toyota,Corolla,2019.0,87500.0,Black,1798.0,Automatic,5.0,218000000.0,Petrol,6.0
Toyota,Fortuner,2020.0,82500.0,Black,2393.0,Automatic,7.0,420000000.0,Diesel,5.0
Nissan,Juke,2015.0,157500.0,Black,1498.0,Automatic,5.0,120000000.0,Petrol,10.0
Mitsubishi,Colt,2022.0,47500.0,Black,2477.0,Manual,3.0,220000000.0,Diesel,3.0
Toyota,Rush,2020.0,67500.0,White,1495.0,Automatic,7.0,200000000.0,Petrol,5.0
Nissan,Navara,2011.0,122500.0,Black,2488.0,Manual,5.0,215000000.0,Diesel,14.0
Honda,Cr,2004.0,137500.0,Silver,1997.0,Manual,5.0,75000000.0,Petrol,21.0
Toyota,Vellfire,2012.0,82500.0,Black,2362.0,Automatic,7.0,250000000.0,Petrol,13.0
Nissan,X,2012.0,137500.0,Grey,2488.0,Automatic,7.0,125000000.0,Petrol,13.0
Mitsubishi,Triton,2017.0,197500.0,White,2477.0,Manual,5.0,170000000.0,Diesel,8.0
Suzuki,Xl7,2023.0,7500.0,White,1500.0,Automatic,7.0,205000000.0,Petrol,2.0
Daihatsu,Gran,2017.0,7500.0,White,1495.0,Manual,9.0,115000000.0,Petrol,8.0
Daihatsu,Xenia,2022.0,112500.0,Grey,1329.0,Automatic,7.0,180000000.0,Petrol,3.0
Suzuki,Carry,2022.0,7500.0,Black,1500.0,Manual,3.0,128000000.0,Petrol,3.0
Ford,Ecosport,2016.0,157500.0,White,1499.0,Automatic,5.0,90000000.0,Petrol,9.0
Mitsubishi,Pajero,2023.0,112500.0,Black,2442.0,Automatic,7.0,480000000.0,Diesel,2.0
Wuling,Almaz,2021.0,32500.0,Red,1451.0,Automatic,7.0,218000000.0,Petrol,4.0
Hyundai,Creta,2022.0,27500.0,Red,1497.0,Automatic,5.0,280000000.0,Petrol,3.0
Honda,Jazz,2011.0,162500.0,Silver,1497.0,Automatic,5.0,105000000.0,Petrol,14.0
Toyota,Kijang,2020.0,77500.0,Grey,2393.0,Automatic,7.0,415000000.0,Diesel,5.0
Toyota,Soluna,2003.0,147500.0,Black,1498.0,Manual,5.0,37000000.0,Petrol,22.0
Toyota,Rush,2015.0,137500.0,Black,1495.0,Manual,7.0,115000000.0,Petrol,10.0
Honda,Brio,2022.0,37500.0,White,1199.0,Automatic,5.0,155000000.0,Petrol,3.0
Toyota,Fortuner,2021.0,47500.0,Black,2393.0,Automatic,7.0,465000000.0,Diesel,4.0
Daihatsu,Ayla,2019.0,102500.0,Red,998.0,Automatic,5.0,85000000.0,Petrol,6.0
Honda,Hr,2015.0,107500.0,Grey,1799.0,Automatic,5.0,200000000.0,Petrol,10.0
Bmw,320I,2014.0,27500.0,Black,1997.0,Automatic,5.0,235000000.0,Petrol,11.0
Hyundai,Creta,2023.0,22500.0,Red,1497.0,Automatic,5.0,275000000.0,Petrol,2.0
Toyota,Agya,2023.0,17500.0,Red,1200.0,Automatic,5.0,187000000.0,Petrol,2.0
Daihatsu,Xenia,2016.0,117500.0,Brown,1329.0,Manual,7.0,135000000.0,Petrol,9.0
Honda,Brio,2017.0,72500.0,Orange,1199.0,Automatic,5.0,130000000.0,Petrol,8.0
Honda,Mobilio,2019.0,147500.0,Silver,1496.0,Automatic,7.0,140000000.0,Petrol,6.0
Suzuki,Jimny,1990.0,12500.0,White,1000.0,Manual,4.0,65000000.0,Petrol,35.0
Mercedes,Benz,2020.0,27500.0,Black,1332.0,Automatic,7.0,600000000.0,Petrol,5.0
Mitsubishi,Xpander,2017.0,67500.0,Grey,1499.0,Automatic,7.0,190000000.0,Petrol,8.0
Mitsubishi,Xpander,2021.0,67500.0,White,1499.0,Automatic,7.0,205000000.0,Petrol,4.0
Toyota,Kijang,2019.0,87500.0,Black,1998.0,Automatic,8.0,227000000.0,Petrol,6.0
Suzuki,Ertiga,2012.0,102500.0,Silver,1373.0,Manual,7.0,88000000.0,Petrol,13.0
Lexus,Rx,2018.0,92500.0,Black,1998.0,Automatic,5.0,619000000.0,Petrol,7.0
Daihatsu,Ayla,2024.0,2500.0,Red,1198.0,Automatic,5.0,172000000.0,Petrol,1.0
Toyota,Corolla,2022.0,27500.0,Red,1798.0,Automatic,5.0,399000000.0,Hybrid,3.0
Mitsubishi,Pajero,2017.0,107500.0,Black,2442.0,Automatic,7.0,373000000.0,Diesel,8.0
Honda,Br,2022.0,47500.0,Black,1498.0,Automatic,7.0,248000000.0,Petrol,3.0
Toyota,Kijang,2019.0,107500.0,Grey,2393.0,Automatic,8.0,320000000.0,Diesel,6.0
Honda,Mobilio,2018.0,42500.0,Grey,1496.0,Automatic,7.0,170000000.0,Petrol,7.0
Toyota,Alphard,2019.0,297500.0,Black,2494.0,Automatic,7.0,490000000.0,Petrol,6.0
Mitsubishi,Xpander,2021.0,67500.0,Black,1499.0,Automatic,7.0,183000000.0,Petrol,4.0
Toyota,Veloz,2021.0,32500.0,White,1496.0,Automatic,7.0,225000000.0,Petrol,4.0
Toyota,Kijang,2021.0,67500.0,Silver,2393.0,Automatic,8.0,340000000.0,Diesel,4.0
Mitsubishi,Pajero,2020.0,22500.0,Grey,2442.0,Automatic,7.0,425000000.0,Diesel,5.0
Toyota,Hiace,2017.0,207500.0,White,2494.0,Manual,16.0,320000000.0,Diesel,8.0
Toyota,Camry,2013.0,127500.0,Black,2494.0,Automatic,5.0,165000000.0,Petrol,12.0
Suzuki,Ertiga,2016.0,87500.0,Black,1373.0,Automatic,7.0,140000000.0,Petrol,9.0
Toyota,Veloz,2022.0,87500.0,Black,1496.0,Automatic,7.0,210000000.0,Petrol,3.0
Suzuki,Ertiga,2012.0,137500.0,Silver,1373.0,Manual,7.0,85000000.0,Petrol,13.0
Toyota,Kijang,2020.0,82500.0,White,1998.0,Automatic,8.0,235000000.0,Petrol,5.0
Toyota,Calya,2017.0,227500.0,White,1197.0,Automatic,7.0,75000000.0,Petrol,8.0
Toyota,Vios,2010.0,122500.0,Black,1497.0,Automatic,5.0,90000000.0,Petrol,15.0
Toyota,Avanza,2018.0,197500.0,White,1329.0,Manual,7.0,160000000.0,Petrol,7.0
Honda,Br,2022.0,52500.0,White,1498.0,Automatic,7.0,235000000.0,Petrol,3.0
Toyota,Rush,2014.0,107500.0,Black,1495.0,Manual,5.0,136000000.0,Petrol,11.0
Daihatsu,Sigra,2023.0,37500.0,White,1197.0,Automatic,7.0,125500000.0,Petrol,2.0
Honda,Freed,2011.0,117500.0,Black,1497.0,Automatic,7.0,128500000.0,Petrol,14.0
Toyota,Harrier,2007.0,132500.0,Black,2994.0,Automatic,5.0,117000000.0,Petrol,18.0
Mitsubishi,Colt,2014.0,52500.0,Black,2477.0,Manual,3.0,138000000.0,Diesel,11.0
Honda,Brio,2023.0,2500.0,Grey,1199.0,Automatic,5.0,158000000.0,Petrol,2.0
Wuling,Almaz,2021.0,52500.0,White,1451.0,Automatic,7.0,198000000.0,Petrol,4.0
Honda,Mobilio,2018.0,72500.0,Black,1496.0,Automatic,7.0,112000000.0,Petrol,7.0
Daihatsu,Sigra,2017.0,67500.0,Black,998.0,Manual,7.0,85000000.0,Petrol,8.0
Nissan,Serena,2013.0,157500.0,Silver,1997.0,Automatic,7.0,115000000.0,Petrol,12.0
Mercedes,Benz,2008.0,62500.0,Black,1796.0,Automatic,5.0,130000000.0,Petrol,17.0
Toyota,Raize,2021.0,67500.0,Black,998.0,Automatic,5.0,195000000.0,Petrol,4.0
Wuling,Confero,2019.0,107500.0,Grey,1485.0,Automatic,8.0,103000000.0,Petrol,6.0
Honda,Hr,2017.0,117500.0,Grey,1497.0,Automatic,5.0,171000000.0,Petrol,8.0
Ford,Ecosport,2014.0,117500.0,Grey,1499.0,Automatic,5.0,98000000.0,Petrol,11.0
Nissan,Serena,2005.0,117500.0,Black,1998.0,Automatic,7.0,75000000.0,Petrol,20.0
Suzuki,Swift,2014.0,137500.0,Silver,1372.0,Automatic,5.0,128000000.0,Petrol,11.0
Honda,Cr,2018.0,67500.0,Black,1498.0,Automatic,5.0,280000000.0,Petrol,7.0
Suzuki,Xl7,2024.0,37500.0,White,1500.0,Manual,7.0,195000000.0,Petrol,1.0
Mercedes,Benz,2008.0,57500.0,Silver,2996.0,Automatic,5.0,205000000.0,Petrol,17.0
Toyota,Kijang,2008.0,137500.0,Black,1998.0,Automatic,8.0,93000000.0,Petrol,17.0
Mitsubishi,Pajero,2017.0,107500.0,White,2442.0,Automatic,7.0,375000000.0,Diesel,8.0
Suzuki,Apv,2005.0,197500.0,Black,1590.0,Manual,7.0,53000000.0,Petrol,20.0
Mitsubishi,Xpander,2023.0,7500.0,Black,1499.0,Manual,7.0,235000000.0,Petrol,2.0
Toyota,Raize,2023.0,17500.0,Blue,998.0,Automatic,5.0,220000000.0,Petrol,2.0
Nissan,X,2011.0,127500.0,Silver,1997.0,Automatic,7.0,95000000.0,Petrol,14.0
Mazda,Cx,2011.0,117500.0,White,2261.0,Automatic,5.0,105000000.0,Petrol,14.0
Toyota,Kijang,2024.0,7500.0,White,1987.0,Automatic,8.0,475000000.0,Petrol,1.0
Honda,Jazz,2007.0,297500.0,Black,1497.0,Automatic,5.0,93500000.0,Petrol,18.0
Toyota,Kijang,2005.0,112500.0,Black,1998.0,Automatic,8.0,93000000.0,Petrol,20.0
Honda,Cr,2012.0,197500.0,Black,1997.0,Automatic,5.0,125000000.0,Petrol,13.0
Honda,Cr,2018.0,72500.0,Black,1498.0,Automatic,5.0,325000000.0,Petrol,7.0
Honda,Hr,2017.0,102500.0,White,1497.0,Automatic,5.0,195000000.0,Petrol,8.0
Toyota,Alphard,2005.0,172500.0,Black,2362.0,Automatic,7.0,97000000.0,Petrol,20.0
Nissan,Serena,2009.0,167500.0,Brown,1998.0,Automatic,7.0,67000000.0,Petrol,16.0
Toyota,Rush,2021.0,92500.0,Black,1495.0,Automatic,7.0,207000000.0,Petrol,4.0
Mazda,Cx,2021.0,12500.0,Grey,1496.0,Automatic,5.0,250000000.0,Petrol,4.0
Toyota,Yaris,2015.0,77500.0,Silver,1497.0,Manual,5.0,135000000.0,Petrol,10.0
Nissan,Serena,2013.0,157500.0,Silver,1997.0,Automatic,7.0,120000000.0,Petrol,12.0
Mazda,8,2012.0,117500.0,Black,2260.0,Automatic,7.0,120000000.0,Petrol,13.0
Daihatsu,Luxio,2011.0,222500.0,Grey,1495.0,Manual,8.0,107000000.0,Petrol,14.0
Honda,Hr,2021.0,7500.0,White,1497.0,Automatic,5.0,300000000.0,Petrol,4.0
Toyota,Vios,2008.0,187500.0,Black,1497.0,Automatic,5.0,75000000.0,Petrol,17.0
Suzuki,Xl7,2022.0,67500.0,Grey,1500.0,Manual,7.0,178000000.0,Petrol,3.0
Nissan,Grand,2007.0,297500.0,Silver,1498.0,Automatic,7.0,60000000.0,Petrol,18.0
Mitsubishi,Xpander,2019.0,142500.0,Black,1499.0,Manual,7.0,170000000.0,Petrol,6.0
Nissan,Serena,2013.0,112500.0,Black,1997.0,Automatic,7.0,140000000.0,Petrol,12.0
Chevrolet,Captiva,2011.0,207500.0,Silver,1991.0,Automatic,7.0,105000000.0,Diesel,14.0
Toyota,Kijang,2015.0,67500.0,White,2494.0,Automatic,8.0,250000000.0,Diesel,10.0
Wuling,Cortez,2019.0,52500.0,Black,1451.0,Automatic,7.0,135000000.0,Petrol,6.0
Toyota,Fortuner,2017.0,147500.0,Black,2393.0,Automatic,7.0,366000000.0,Diesel,8.0
Bmw,523I,2011.0,67500.0,Black,2497.0,Automatic,5.0,198000000.0,Petrol,14.0
Mazda,2,2020.0,57500.0,White,1496.0,Automatic,5.0,210000000.0,Petrol,5.0
Daihatsu,Sigra,2023.0,2500.0,Silver,1197.0,Automatic,7.0,140000000.0,Petrol,2.0
Honda,Cr,2012.0,137500.0,Silver,2354.0,Automatic,5.0,148000000.0,Petrol,13.0
Honda,City,2009.0,142500.0,Silver,1497.0,Automatic,5.0,95000000.0,Petrol,16.0
Honda,City,2007.0,177500.0,Black,1497.0,Automatic,5.0,75000000.0,Petrol,18.0
Toyota,Crown,2005.0,142500.0,Silver,2997.0,Automatic,5.0,190000000.0,Petrol,20.0
Toyota,Voxy,2018.0,77500.0,Black,1986.0,Automatic,7.0,280000000.0,Petrol,7.0
Honda,Cr,2017.0,112500.0,Grey,1498.0,Automatic,5.0,295000000.0,Petrol,8.0
Wuling,Confero,2019.0,62500.0,White,1485.0,Manual,8.0,155000000.0,Petrol,6.0
Toyota,Transmover,2018.0,102500.0,Black,1329.0,Manual,8.0,120000000.0,Petrol,7.0
Daihatsu,Sirion,2014.0,122500.0,White,1298.0,Automatic,5.0,95000000.0,Petrol,11.0
Toyota,Veloz,2022.0,37500.0,Grey,1496.0,Manual,7.0,215000000.0,Petrol,3.0
Subaru,Xv,2014.0,72500.0,White,1995.0,Automatic,5.0,160000000.0,Petrol,11.0
Toyota,Harrier,2009.0,122500.0,Silver,2362.0,Automatic,5.0,135000000.0,Petrol,16.0
Honda,Cr,2015.0,72500.0,Silver,2354.0,Automatic,5.0,205000000.0,Petrol,10.0
Daihatsu,Terios,2007.0,157500.0,Silver,1495.0,Automatic,7.0,95000000.0,Petrol,18.0
Mitsubishi,Xpander,2017.0,47500.0,Grey,1499.0,Automatic,7.0,189000000.0,Petrol,8.0
Nissan,Grand,2011.0,157500.0,Black,1798.0,Automatic,7.0,90000000.0,Petrol,14.0
Daihatsu,Xenia,2013.0,252500.0,Silver,989.0,Manual,7.0,77000000.0,Petrol,12.0
Toyota,Kijang,2022.0,62500.0,White,1998.0,Automatic,8.0,310000000.0,Petrol,3.0
Daihatsu,Terios,2018.0,127500.0,Silver,1496.0,Automatic,7.0,168000000.0,Petrol,7.0
Isuzu,Pickup,2011.0,157500.0,Black,2499.0,Manual,3.0,89000000.0,Diesel,14.0
Suzuki,Ertiga,2018.0,92500.0,Grey,1462.0,Manual,7.0,158000000.0,Petrol,7.0
Mazda,Biante,2016.0,137500.0,Black,1997.0,Automatic,7.0,155000000.0,Petrol,9.0
Honda,Jazz,2012.0,132500.0,Blue,1497.0,Automatic,5.0,128000000.0,Petrol,13.0
Mitsubishi,Pajero,2018.0,102500.0,Black,2442.0,Automatic,7.0,380000000.0,Diesel,7.0
Nissan,X,2011.0,142500.0,Grey,2488.0,Automatic,7.0,95000000.0,Petrol,14.0
Mercedes,Benz,2016.0,17500.0,Black,2996.0,Automatic,5.0,575000000.0,Petrol,9.0
Nissan,X,2014.0,107500.0,White,1997.0,Automatic,7.0,135000000.0,Petrol,11.0
Mercedes,Benz,2005.0,47500.0,Silver,2295.0,Automatic,7.0,57000000.0,Petrol,20.0
Toyota,Vios,2013.0,87500.0,Black,1497.0,Automatic,5.0,120000000.0,Petrol,12.0
Lamborghini,Aventador,2012.0,2500.0,White,6498.0,Automatic,4.0,7000000000.0,Petrol,13.0
Mercedes,Benz,2022.0,7500.0,Black,2999.0,Automatic,5.0,1950000000.0,Petrol,3.0
Mercedes,Benz,2022.0,2500.0,Black,2999.0,Automatic,7.0,2950000000.0,Petrol,3.0
Mercedes,Benz,2019.0,57500.0,Black,1991.0,Automatic,5.0,625000000.0,Petrol,6.0
Hummer,H3,2010.0,48000.0,Red,3653.0,Automatic,5.0,1275000000.0,Petrol,15.0
Mercedes,Benz,2020.0,2500.0,Black,2987.0,Automatic,5.0,5150000000.0,Diesel,5.0
Hummer,H3,2011.0,23000.0,Black,3653.0,Automatic,5.0,1290000000.0,Petrol,14.0
Ford,Mustang,2017.0,7500.0,White,5000.0,Automatic,4.0,1700000000.0,Petrol,8.0
Mercedes,Benz,2023.0,7500.0,Black,2925.0,Automatic,5.0,3890000000.0,Diesel,2.0
Aston,Martin,2012.0,2500.0,Black,5935.0,Automatic,2.0,3550000000.0,Petrol,13.0
Ferrari,California,2013.0,7500.0,Yellow,4297.0,Automatic,4.0,3800000000.0,Petrol,12.0
Toyota,Land,2019.0,17500.0,Black,2693.0,Automatic,7.0,1380000000.0,Petrol,6.0
Toyota,Land,2019.0,42500.0,Black,4461.0,Automatic,8.0,2050000000.0,Diesel,6.0
Hummer,H3,2010.0,47500.0,Black,3653.0,Automatic,5.0,1135000000.0,Petrol,15.0
Lexus,Lx,2019.0,7500.0,Black,5663.0,Automatic,8.0,3200000000.0,Petrol,6.0
Hummer,H2,2004.0,17000.0,Black,5967.0,Automatic,5.0,1925000000.0,Petrol,21.0
Ford,Mustang,2017.0,12500.0,Red,2261.0,Automatic,4.0,995000000.0,Petrol,8.0
Hummer,H3,2010.0,31000.0,Black,3653.0,Automatic,5.0,1175000000.0,Petrol,15.0
Toyota,Land,2020.0,23000.0,Black,4461.0,Automatic,8.0,2690000000.0,Diesel,5.0
Mercedes,Benz,2018.0,18000.0,Black,1596.0,Automatic,5.0,495000000.0,Petrol,7.0
Mercedes,Benz,2022.0,2500.0,Black,1991.0,Automatic,5.0,1350000000.0,Petrol,3.0
Land,Rover,2017.0,23000.0,White,1998.0,Automatic,5.0,1750000000.0,Petrol,8.0
Toyota,Vellfire,2019.0,32500.0,Black,2494.0,Automatic,7.0,700000000.0,Petrol,6.0
Land,Rover,2021.0,7500.0,Grey,1997.0,Automatic,5.0,2450000000.0,Petrol,4.0
Mercedes,Benz,2019.0,2500.0,White,1991.0,Automatic,5.0,975000000.0,Petrol,6.0
Mercedes,Benz,2022.0,42500.0,Black,2999.0,Automatic,5.0,1650000000.0,Petrol,3.0
Bmw,325I,1986.0,7500.0,Green,2494.0,Automatic,4.0,1300000000.0,Petrol,39.0
Hummer,H2,2006.0,22500.0,Grey,5967.0,Automatic,5.0,2075000000.0,Petrol,19.0
Lexus,Lm,2022.0,3500.0,Black,3456.0,Automatic,4.0,2567000000.0,Petrol,3.0
Bentley,Continental,2012.0,11785.0,White,3993.0,Automatic,4.0,2750000000.0,Petrol,13.0
Bmw,740Li,2017.0,7000.0,Black,2979.0,Automatic,5.0,995000000.0,Petrol,8.0
Ferrari,California,2014.0,4300.0,Red,4297.0,Automatic,4.0,4550000000.0,Petrol,11.0
Hummer,H3,2008.0,48000.0,Black,3653.0,Automatic,5.0,1000000000.0,Petrol,17.0
Toyota,Harrier,2015.0,72000.0,Black,1986.0,Automatic,5.0,515000000.0,Petrol,10.0
Lexus,Lx,2015.0,101000.0,White,5663.0,Automatic,8.0,1320000000.0,Petrol,10.0
Bmw,X7,2020.0,3500.0,Grey,2998.0,Automatic,7.0,2165000000.0,Petrol,5.0
Ferrari,California,2014.0,13000.0,Silver,4297.0,Automatic,4.0,3550000000.0,Petrol,11.0
Lexus,Lx,2022.0,2500.0,Black,3445.0,Automatic,7.0,4975000000.0,Petrol,3.0
Mercedes,Benz,2013.0,52500.0,Grey,4663.0,Automatic,5.0,620000000.0,Petrol,12.0
Daihatsu,Terios,2018.0,107500.0,Black,1496.0,Automatic,7.0,188000000.0,Petrol,7.0
Daihatsu,Rocky,2022.0,37500.0,White,998.0,Automatic,5.0,205000000.0,Petrol,3.0
Toyota,Yaris,2010.0,107500.0,Black,1497.0,Manual,5.0,100000000.0,Petrol,15.0
Honda,Brio,2017.0,47500.0,Grey,1199.0,Manual,5.0,110000000.0,Petrol,8.0
Toyota,Raize,2022.0,37500.0,Grey,1198.0,Automatic,5.0,190000000.0,Petrol,3.0
Mitsubishi,Xpander,2018.0,72500.0,White,1499.0,Automatic,7.0,189000000.0,Petrol,7.0
Daihatsu,Xenia,2010.0,197500.0,Silver,1329.0,Manual,7.0,72000000.0,Petrol,15.0
Toyota,Camry,2014.0,137500.0,Black,2494.0,Automatic,5.0,165000000.0,Petrol,11.0
Toyota,Agya,2019.0,42500.0,Silver,1197.0,Automatic,5.0,130000000.0,Petrol,6.0
Honda,Cr,2018.0,52500.0,White,1498.0,Automatic,5.0,334000000.0,Petrol,7.0
Toyota,Agya,2023.0,17500.0,White,1197.0,Automatic,5.0,155500000.0,Petrol,2.0
Mitsubishi,Pajero,2021.0,87500.0,Black,2442.0,Automatic,7.0,505000000.0,Diesel,4.0
Toyota,Alphard,2019.0,112500.0,White,2494.0,Automatic,7.0,780000000.0,Petrol,6.0
Toyota,Kijang,2018.0,112500.0,Grey,2393.0,Automatic,8.0,300000000.0,Diesel,7.0
Mg,Hs,2021.0,67500.0,Black,1490.0,Automatic,5.0,230000000.0,Petrol,4.0
Mitsubishi,Pajero,2012.0,182500.0,White,2477.0,Automatic,7.0,222000000.0,Diesel,13.0
Mazda,Vx,2013.0,47500.0,Silver,1373.0,Manual,7.0,115000000.0,Petrol,12.0
Nissan,Grand,2013.0,77500.0,Silver,1498.0,Manual,7.0,92000000.0,Petrol,12.0
Honda,City,2023.0,42500.0,Red,1498.0,Automatic,5.0,234000000.0,Petrol,2.0
Daihatsu,Ayla,2024.0,7500.0,Red,998.0,Automatic,5.0,142000000.0,Petrol,1.0
Audi,A6,2013.0,52500.0,Grey,1984.0,Automatic,5.0,215000000.0,Petrol,12.0
Honda,Mobilio,2016.0,152500.0,White,1496.0,Automatic,7.0,120000000.0,Petrol,9.0
Land,Rover,2020.0,2500.0,Silver,1997.0,Automatic,5.0,1150000000.0,Petrol,5.0
Lexus,Ls,2001.0,77500.0,Brown,4293.0,Automatic,5.0,140000000.0,Petrol,24.0
Mercedes,Benz,2003.0,67500.0,Black,4966.0,Automatic,5.0,140000000.0,Petrol,22.0
Honda,Wr,2023.0,17500.0,Black,1498.0,Automatic,5.0,250000000.0,Petrol,2.0
Toyota,Alphard,2016.0,92500.0,Black,3456.0,Automatic,7.0,600000000.0,Petrol,9.0
Mitsubishi,Xpander,2019.0,62500.0,Black,1499.0,Automatic,7.0,185000000.0,Petrol,6.0
Honda,Jazz,2011.0,92500.0,Silver,1497.0,Automatic,5.0,128000000.0,Petrol,14.0
Toyota,Alphard,2014.0,82500.0,White,2362.0,Automatic,7.0,280000000.0,Petrol,11.0
Honda,Br,2016.0,87500.0,Grey,1497.0,Automatic,7.0,155000000.0,Petrol,9.0
Toyota,Kijang,2017.0,157500.0,Black,1998.0,Automatic,8.0,240000000.0,Petrol,8.0
Toyota,Yaris,2023.0,17500.0,Black,1496.0,Automatic,5.0,289000000.0,Petrol,2.0
Mercedes,Benz,2008.0,152500.0,Silver,1796.0,Automatic,5.0,146000000.0,Petrol,17.0
Mazda,Cx,2024.0,7500.0,Grey,2488.0,Automatic,5.0,535000000.0,Petrol,1.0
Mercedes,Benz,2017.0,57500.0,Black,1991.0,Automatic,5.0,495000000.0,Petrol,8.0
Wuling,Cortez,2019.0,47500.0,Grey,1451.0,Automatic,7.0,130000000.0,Petrol,6.0
Nissan,Livina,2021.0,52500.0,Silver,1499.0,Automatic,7.0,188000000.0,Petrol,4.0
Mitsubishi,Outlander,2014.0,132500.0,Red,1998.0,Automatic,5.0,155000000.0,Petrol,11.0
Mazda,Mx,2018.0,7500.0,Grey,1998.0,Automatic,2.0,690000000.0,Petrol,7.0
Honda,Brio,2019.0,47500.0,Black,1199.0,Manual,5.0,150000000.0,Petrol,6.0
Mitsubishi,Xforce,2023.0,27500.0,White,1499.0,Automatic,5.0,275000000.0,Petrol,2.0
Mitsubishi,Mirage,2013.0,137500.0,Silver,1193.0,Automatic,5.0,88000000.0,Petrol,12.0
Toyota,Vellfire,2008.0,67500.0,Black,2362.0,Automatic,7.0,165000000.0,Petrol,17.0
Mercedes,Benz,2016.0,47500.0,White,1595.0,Automatic,5.0,315000000.0,Petrol,9.0
Toyota,Veloz,2022.0,27500.0,White,1496.0,Automatic,7.0,242000000.0,Petrol,3.0
Mazda,Cx,2018.0,47500.0,Black,2488.0,Automatic,7.0,425000000.0,Petrol,7.0
Mg,Hs,2022.0,17500.0,White,1490.0,Automatic,5.0,200000000.0,Petrol,3.0
Toyota,Rush,2013.0,67500.0,Grey,1495.0,Automatic,5.0,130000000.0,Petrol,12.0
Toyota,Kijang,2005.0,117500.0,Blue,1998.0,Manual,8.0,95000000.0,Petrol,20.0
Toyota,Kijang,2023.0,67500.0,Grey,1998.0,Automatic,7.0,520000000.0,Petrol,2.0
Toyota,Avanza,2017.0,67500.0,White,1496.0,Automatic,7.0,177000000.0,Petrol,8.0
Toyota,Rush,2022.0,27500.0,White,1496.0,Automatic,7.0,219000000.0,Petrol,3.0
Toyota,Kijang,2018.0,72500.0,Black,1998.0,Automatic,7.0,318000000.0,Petrol,7.0
Nissan,Evalia,2013.0,92500.0,Black,1498.0,Automatic,7.0,90000000.0,Petrol,12.0
Toyota,Kijang,2018.0,57500.0,White,2393.0,Automatic,7.0,395000000.0,Diesel,7.0
Toyota,Avanza,2013.0,197500.0,White,1298.0,Automatic,7.0,100000000.0,Petrol,12.0
Toyota,Rush,2018.0,72500.0,Black,1495.0,Automatic,7.0,195000000.0,Petrol,7.0
Toyota,Avanza,2024.0,2500.0,Black,1496.0,Automatic,7.0,215000000.0,Petrol,1.0
Honda,City,2022.0,27500.0,Grey,1498.0,Automatic,5.0,250000000.0,Petrol,3.0
Mitsubishi,Xpander,2018.0,52500.0,Silver,1499.0,Automatic,7.0,178000000.0,Petrol,7.0
Toyota,Agya,2016.0,87500.0,Red,998.0,Automatic,5.0,97000000.0,Petrol,9.0
Renault,Koleos,2017.0,61000.0,Silver,2488.0,Automatic,5.0,170000000.0,Petrol,8.0
Ford,Ranger,2013.0,112500.0,Grey,2198.0,Automatic,5.0,375000000.0,Diesel,12.0
Porsche,Boxster,2013.0,22500.0,White,2706.0,Automatic,2.0,1200000000.0,Petrol,12.0
Daihatsu,Ayla,2016.0,47500.0,White,998.0,Manual,5.0,95000000.0,Petrol,9.0
Toyota,Raize,2024.0,2500.0,White,1198.0,Automatic,5.0,219000000.0,Petrol,1.0
Mitsubishi,Outlander,2012.0,57500.0,Grey,1998.0,Automatic,5.0,165000000.0,Petrol,13.0
Chevrolet,Trax,2018.0,37500.0,Black,1364.0,Automatic,5.0,176000000.0,Petrol,7.0
Daihatsu,Sigra,2018.0,72500.0,White,1197.0,Manual,7.0,97000000.0,Petrol,7.0
Hyundai,Santa,2024.0,3300.0,Black,2497.0,Automatic,6.0,535000000.0,Petrol,1.0
Toyota,Calya,2019.0,117500.0,Black,1197.0,Automatic,7.0,110000000.0,Petrol,6.0
Toyota,Yaris,2010.0,157500.0,Silver,1497.0,Automatic,5.0,97000000.0,Petrol,15.0
Honda,Brio,2019.0,42500.0,Grey,1199.0,Automatic,5.0,158000000.0,Petrol,6.0
Toyota,Rush,2022.0,27500.0,White,1496.0,Automatic,7.0,224000000.0,Petrol,3.0
Honda,Cr,2013.0,127500.0,Black,2354.0,Automatic,5.0,140000000.0,Petrol,12.0
Daihatsu,Rocky,2021.0,27500.0,Red,998.0,Automatic,5.0,193000000.0,Petrol,4.0
Renault,Scenic,2006.0,97500.0,Yellow,1998.0,Automatic,5.0,41000000.0,Petrol,19.0
Mercedes,Benz,2010.0,87500.0,Black,2996.0,Automatic,5.0,145000000.0,Petrol,15.0
Honda,Civic,2017.0,2500.0,Red,1996.0,Manual,5.0,725000000.0,Petrol,8.0
Honda,Cr,2018.0,37500.0,White,1498.0,Automatic,5.0,290000000.0,Petrol,7.0
Kia,Seltos,2023.0,22500.0,Black,1353.0,Automatic,5.0,300000000.0,Petrol,2.0
Mitsubishi,Xpander,2020.0,42500.0,Silver,1499.0,Automatic,7.0,210000000.0,Petrol,5.0
Toyota,Yaris,2019.0,77500.0,White,1496.0,Automatic,5.0,174000000.0,Petrol,6.0
Mazda,Cx,2022.0,22500.0,Red,2488.0,Automatic,5.0,415000000.0,Petrol,3.0
Honda,Hr,2016.0,77500.0,Grey,1497.0,Automatic,5.0,170000000.0,Petrol,9.0
Honda,Brio,2018.0,77500.0,White,1199.0,Automatic,5.0,110000000.0,Petrol,7.0
Honda,Odyssey,2016.0,77500.0,White,2356.0,Automatic,7.0,285000000.0,Petrol,9.0
Toyota,Alphard,2017.0,72500.0,White,2494.0,Automatic,7.0,669000000.0,Petrol,8.0
Ford,Everest,2015.0,97500.0,Red,2198.0,Automatic,7.0,375000000.0,Diesel,10.0
Chery,Omoda,2023.0,37500.0,White,1498.0,Automatic,5.0,298000000.0,Petrol,2.0
Toyota,Avanza,2014.0,67500.0,Black,1298.0,Automatic,7.0,129000000.0,Petrol,11.0
Toyota,Voxy,2019.0,92500.0,White,1986.0,Automatic,7.0,325000000.0,Petrol,6.0
Toyota,Alphard,2018.0,27500.0,Black,2494.0,Automatic,7.0,795000000.0,Petrol,7.0
Toyota,Alphard,2009.0,107500.0,Black,2362.0,Automatic,7.0,155000000.0,Petrol,16.0
Hyundai,Santa,2018.0,97500.0,Black,2199.0,Automatic,7.0,335000000.0,Diesel,7.0
Honda,Hr,2016.0,97500.0,White,1497.0,Automatic,5.0,179000000.0,Petrol,9.0
Peugeot,5008,2019.0,77500.0,White,1598.0,Automatic,7.0,396000000.0,Petrol,6.0
Toyota,Corolla,2023.0,12500.0,Black,1798.0,Automatic,5.0,355000000.0,Petrol,2.0
Nissan,Serena,2013.0,87500.0,Silver,1997.0,Automatic,7.0,152000000.0,Petrol,12.0
Mazda,Cx,2023.0,22500.0,Red,1496.0,Automatic,5.0,329000000.0,Petrol,2.0
Jeep,Compass,2013.0,62500.0,White,2360.0,Automatic,5.0,196000000.0,Petrol,12.0
Bmw,X5,2015.0,72500.0,Grey,2979.0,Automatic,5.0,419000000.0,Petrol,10.0
Volkswagen,Caravelle,2014.0,87500.0,Black,1968.0,Automatic,7.0,312000000.0,Diesel,11.0
Lexus,Rx,2013.0,67500.0,Black,2672.0,Automatic,5.0,295000000.0,Petrol,12.0
Honda,Cr,2018.0,67500.0,Green,1498.0,Automatic,5.0,299000000.0,Petrol,7.0
Mercedes,Benz,2019.0,12500.0,Black,1991.0,Automatic,5.0,449000000.0,Petrol,6.0
Honda,Brio,2018.0,72500.0,Black,1199.0,Automatic,5.0,123000000.0,Petrol,7.0
Mitsubishi,Outlander,2017.0,112500.0,Black,1998.0,Automatic,5.0,158000000.0,Petrol,8.0
Honda,Mobilio,2020.0,37500.0,Grey,1496.0,Manual,7.0,160000000.0,Petrol,5.0
Honda,Br,2022.0,7500.0,Black,1498.0,Manual,7.0,188000000.0,Petrol,3.0
Mazda,6,2022.0,17500.0,Red,2488.0,Automatic,5.0,399000000.0,Petrol,3.0
Toyota,Avanza,2021.0,57500.0,Silver,1329.0,Manual,7.0,148000000.0,Petrol,4.0
Honda,Brio,2017.0,52500.0,White,1199.0,Automatic,5.0,145000000.0,Petrol,8.0
Honda,Hr,2017.0,67500.0,White,1497.0,Automatic,5.0,208000000.0,Petrol,8.0
Honda,Hr,2023.0,27500.0,White,1498.0,Automatic,5.0,355000000.0,Petrol,2.0
Hyundai,Creta,2022.0,37500.0,Grey,1497.0,Automatic,5.0,287000000.0,Petrol,3.0
Nissan,Livina,2019.0,82500.0,White,1499.0,Automatic,7.0,183000000.0,Petrol,6.0
Toyota,Rush,2018.0,77500.0,White,1495.0,Automatic,7.0,208000000.0,Petrol,7.0
Toyota,Veloz,2023.0,12500.0,White,1496.0,Automatic,7.0,248000000.0,Petrol,2.0
Nissan,Juke,2013.0,92500.0,White,1498.0,Automatic,5.0,140000000.0,Petrol,12.0
Mercedes,Benz,2013.0,92500.0,White,1595.0,Automatic,5.0,165000000.0,Petrol,12.0
Mazda,3,2018.0,77500.0,Black,1998.0,Automatic,5.0,260000000.0,Petrol,7.0
Honda,Cr,2018.0,52500.0,Silver,1993.0,Automatic,5.0,279000000.0,Petrol,7.0
